transaction_id,customer_id,timestamp,amount,merchant_category,location,is_simulated_fraud
1b0914a3-c365-4c29-87ac-867a890e73eb,CUST00147,2026-06-28 13:40:17.379834,915.49,Utility Bill,Rose Hill,1
5a77cea6-1269-4a32-8fe4-ec383d57de42,CUST00006,2026-06-28 15:08:00.379834,551.54,Pharmacy,Curepipe,0
10a4ea73-7769-42d2-bd55-4eaa37fff87e,CUST00138,2026-06-28 15:14:26.379834,1831.26,Restaurant,Port Louis,0
4cc686c8-7fe7-4f02-9dc7-3fa5a6fceefd,CUST00021,2026-06-28 15:29:55.379834,561.11,Online Retail,Mahebourg,0
72e3a17d-78a7-4109-bafa-80c7ab934658,CUST00146,2026-06-28 15:39:30.379834,1706.42,Grocery,Tamarin,0
56ae403b-b864-4ce6-b543-7b5134699494,CUST00119,2026-06-28 15:48:48.379834,331.69,ATM Withdrawal,Tamarin,0
2a27a9b1-737f-48f7-bf8b-1f4d0a6c79b8,CUST00088,2026-06-28 16:00:30.379834,1911.25,Pharmacy,Vacoas,0
4c67d3fe-3d58-40d7-a27c-16e2c7908ae1,CUST00040,2026-06-28 16:02:12.379834,3275.66,Grocery,Beau Bassin,0
74e188d0-86b3-4185-b6ac-cc6a197ce8d0,CUST00022,2026-06-28 16:13:43.379834,681.01,Electronics,Flacq,1
71e18976-253d-4441-aa38-b5cbaa549529,CUST00061,2026-06-28 16:17:29.379834,792.83,Fuel Station,Curepipe,0
6139f4b5-fd40-4b0f-9ab4-5a7c5e8af0ca,CUST00019,2026-06-28 16:25:27.379834,570.22,ATM Withdrawal,Mahebourg,0
d58c49ea-d6eb-4ee3-9829-d4880204834f,CUST00133,2026-06-28 16:51:54.379834,5610.19,Electronics,Curepipe,0
e6369aba-4e96-4bc2-88a6-780bc924fbe6,CUST00158,2026-06-28 17:07:13.379834,3882.5,Entertainment,Curepipe,0
b9c0c03a-cca3-4a15-ab30-dba234aac799,CUST00105,2026-06-28 17:24:40.379834,1622.3,Entertainment,Flacq,0
bb1a394a-b8a2-4a23-9f51-9ed3848370f3,CUST00040,2026-06-28 17:27:21.379834,2145.76,Electronics,Beau Bassin,0
c14ed37e-6ada-4b3d-9396-fd9a951b702d,CUST00030,2026-06-28 17:54:25.379834,1714.28,Electronics,Beau Bassin,0
091409f9-9869-4b92-b30c-007d3f67b370,CUST00041,2026-06-28 18:00:52.379834,1526.77,Online Retail,Tamarin,0
bf8f5170-45a2-4988-9af6-42f3908d6a08,CUST00125,2026-06-28 18:12:57.379834,2526.15,Grocery,Mahebourg,0
12366372-e7b9-455b-99c8-de97dc5ccab4,CUST00065,2026-06-28 18:19:46.379834,1184.33,Online Retail,Beau Bassin,0
131f576c-8a68-4001-a457-058e02b18c30,CUST00023,2026-06-28 18:32:20.379834,725.25,Fuel Station,Rose Hill,0
56dfc272-8396-45ec-b1fd-805bcaa5dfd0,CUST00095,2026-06-28 18:37:11.379834,827.56,Travel,Flacq,0
359b97a6-4468-451b-813f-e8aea475046e,CUST00186,2026-06-28 19:04:21.379834,1332.07,Grocery,Mahebourg,0
2579c093-7420-45e4-96e2-bf0d360574e1,CUST00057,2026-06-28 19:09:24.379834,1649.2,Utility Bill,Rose Hill,0
6a5d49ec-32c2-4a5e-ba12-e1604afbbe3c,CUST00012,2026-06-28 19:20:27.379834,3892.78,Pharmacy,Port Louis,0
3ff64a29-d53d-4968-87c9-c2352dcc1517,CUST00187,2026-06-28 19:48:51.379834,948.27,Online Retail,Grand Baie,0
cc9a4e23-5ce7-4105-826b-c01d09055c5d,CUST00155,2026-06-28 19:53:47.379834,2258.8,Grocery,Beau Bassin,0
5df0d07c-6d3c-4c7c-8159-d6e9ce395880,CUST00150,2026-06-28 20:04:46.379834,1942.82,Pharmacy,Quatre Bornes,0
4a34044b-fcdf-45df-aee9-99f043bece69,CUST00075,2026-06-28 20:12:37.379834,189.67,Fuel Station,Rose Hill,0
ee5fe32b-9538-4dc1-a22d-3ec490cc73a4,CUST00026,2026-06-28 20:26:42.379834,1467.68,Online Retail,Vacoas,0
c16dcaa0-8dc3-4290-9432-da92ebd4b472,CUST00029,2026-06-28 20:31:02.379834,3914.62,Travel,Flacq,0
591b33e7-53e6-4841-8c49-93ebb411f174,CUST00191,2026-06-28 20:39:19.379834,1620.74,Utility Bill,Curepipe,0
cc71fc6a-9a61-41e3-be26-2a2d4a84a5ae,CUST00127,2026-06-28 21:02:12.379834,1749.85,ATM Withdrawal,Mahebourg,0
157af45b-71cc-448d-8800-46b858ab489c,CUST00060,2026-06-28 21:11:23.379834,416.72,Electronics,Rose Hill,0
4cc4e4d7-f932-4051-885e-a2bd1c83bbd6,CUST00024,2026-06-28 21:16:18.379834,1369.94,Online Retail,Grand Baie,0
1827cbee-9161-4111-9582-6190f0c3c088,CUST00119,2026-06-28 21:29:09.379834,411.07,Electronics,Tamarin,0
88d913ef-1b6f-408f-bce3-c739b6656941,CUST00166,2026-06-28 21:36:10.379834,3328.61,Utility Bill,Curepipe,0
42f663d5-3d46-4975-96df-b87464771bdb,CUST00073,2026-06-28 21:43:32.379834,3832.88,Entertainment,Quatre Bornes,0
ba1933a9-e80f-47ab-80ee-28e9f52904e9,CUST00131,2026-06-28 21:50:17.379834,655.96,ATM Withdrawal,Vacoas,0
b2113ce2-1009-419a-8f94-7164d5ba8a67,CUST00151,2026-06-28 22:03:57.379834,6312.27,Electronics,Mahebourg,0
e338b736-4db2-4ed2-bb4e-5ca6c960d495,CUST00000,2026-06-28 22:25:25.379834,1395.54,Grocery,Curepipe,0
fd453a82-83f0-4975-af76-e3c302344a72,CUST00006,2026-06-28 22:27:48.379834,911.21,ATM Withdrawal,Curepipe,0
62dcb8e7-f309-446a-a002-b91ad46774a4,CUST00009,2026-06-28 22:42:03.379834,229.53,Fuel Station,Tamarin,0
e5eebd0e-6b43-4164-968d-a5be448b2b61,CUST00150,2026-06-28 22:51:41.379834,4433.94,Utility Bill,Quatre Bornes,0
d2989263-2fba-44c0-8d12-641009ff8648,CUST00074,2026-06-28 23:18:51.379834,3594.91,Entertainment,Mahebourg,0
700dc097-6c9c-48d2-8399-e306d11aaf40,CUST00069,2026-06-28 23:26:07.379834,7209.41,Pharmacy,Rose Hill,0
9c44fbd5-3c47-4665-9eff-842d033720e7,CUST00052,2026-06-28 23:33:59.379834,2461.52,Electronics,Beau Bassin,0
07d7763a-8b71-41b6-a356-95075c6309e5,CUST00027,2026-06-28 23:40:56.379834,1141.74,Entertainment,Port Louis,0
cb9a19aa-a002-433d-8a16-75670ea80088,CUST00033,2026-06-28 23:41:52.379834,1358.37,Restaurant,Rose Hill,0
5ce8b846-bd60-41fc-835f-4ce4f9ac700b,CUST00047,2026-06-29 00:01:54.379834,1301.19,Travel,Flacq,0
fe30de2e-0199-4bcb-8c9b-358609dabbbb,CUST00112,2026-06-29 00:13:57.379834,1319.72,Online Retail,Grand Baie,0
9458e10a-7809-4be5-a597-9191035ea07b,CUST00167,2026-06-29 00:25:09.379834,459.04,Utility Bill,Grand Baie,0
806b511c-7233-4dad-9082-3037775e6311,CUST00001,2026-06-29 00:29:07.379834,1625.82,Entertainment,Port Louis,0
23261758-ae23-45a4-a249-6e361f88e3f2,CUST00116,2026-06-29 00:33:11.379834,994.91,Electronics,Quatre Bornes,0
1ec429e0-da0f-42e6-bd56-35b3304988f3,CUST00177,2026-06-29 00:35:03.379834,769.95,Fuel Station,Tamarin,0
e12eecf3-65f0-436d-9b55-e1d836782509,CUST00195,2026-06-29 00:53:12.379834,1438.03,Fuel Station,Mahebourg,0
cb8f4189-a5f6-41b9-909e-96f484995247,CUST00107,2026-06-29 00:53:58.379834,3155.28,Entertainment,Flacq,0
c74f58ca-205a-4e4e-87c1-dc8827c9e16d,CUST00156,2026-06-29 00:54:04.379834,2620.0,Electronics,Grand Baie,0
055c0318-572e-4a68-99ac-88789c8a0c39,CUST00146,2026-06-29 00:58:06.379834,2614.49,Online Retail,Tamarin,0
7b8d9a32-a768-4ed8-828b-98774f799b92,CUST00036,2026-06-29 01:25:47.379834,503.14,Grocery,Curepipe,0
6b72a182-897a-4284-a011-6dfae3c887cf,CUST00063,2026-06-29 01:39:57.379834,2161.81,Restaurant,Jakarta,1
476e2ff3-bbed-4f89-96ac-cbae006a4eec,CUST00013,2026-06-29 01:40:35.379834,1030.61,Fuel Station,Curepipe,0
129c053f-579d-40f8-bfe4-4f706d37247e,CUST00121,2026-06-29 01:49:22.379834,2004.06,Online Retail,Flacq,0
67b02306-df76-44cf-be53-4a2ee7f647c9,CUST00081,2026-06-29 01:51:59.379834,5718.23,Online Retail,Rose Hill,0
26ac2845-be5b-4889-bd2c-e45216cb990b,CUST00158,2026-06-29 02:02:09.379834,3232.46,Restaurant,Curepipe,0
129ffe90-708e-4fb8-a6a2-893cda797f52,CUST00168,2026-06-29 02:06:06.379834,1163.68,Grocery,Curepipe,0
21bc9b32-ab08-4275-8252-61df6ee5870f,CUST00041,2026-06-29 02:11:08.379834,3723.53,Restaurant,Tamarin,0
0123583a-f0dc-4e3e-9be3-f36d02dd6eb6,CUST00029,2026-06-29 02:11:28.379834,3523.77,Travel,Flacq,0
1580918d-4fe9-4f02-a798-5f7479ea9f68,CUST00018,2026-06-29 02:17:41.379834,918.47,Restaurant,Port Louis,0
d6dab168-7301-4853-8973-4f541a76825f,CUST00164,2026-06-29 02:18:18.379834,2097.48,Travel,Tamarin,0
f965e3c3-2ae5-478f-b4ab-a28c40eaa0c9,CUST00194,2026-06-29 02:33:03.379834,3711.26,Electronics,Tamarin,0
8017b535-fd89-453c-992e-b9ddedd70c93,CUST00154,2026-06-29 03:02:59.379834,568.98,Travel,Tamarin,0
ae63a537-6e3d-4a51-a66d-7f3b71f4913d,CUST00022,2026-06-29 03:23:00.379834,371.73,Travel,Flacq,0
3f0977f5-c63a-4ecc-8896-72aed4521120,CUST00061,2026-06-29 03:30:15.379834,573.04,Fuel Station,Curepipe,0
c2bf9b2f-afd5-4813-a7ac-9393bc2c401c,CUST00142,2026-06-29 03:32:08.379834,1818.36,Online Retail,Mahebourg,0
aedb624b-1abd-4fe3-927c-a0e0137e7a7c,CUST00134,2026-06-29 03:35:21.379834,180.77,Travel,Vacoas,0
d59c1bf3-8b70-4ff2-a36e-d73a66094afc,CUST00037,2026-06-29 04:05:13.379834,888.56,Online Retail,Flacq,0
a976e5b8-e830-4100-b82b-b8b5370198fb,CUST00146,2026-06-29 04:15:00.379834,1255.14,Restaurant,Tamarin,0
3a1592c0-9929-4db9-9ab5-cf12dcf6ce76,CUST00123,2026-06-29 04:35:35.379834,408.51,Restaurant,Tamarin,0
ee7c6de6-7f26-4b8a-b84e-ffccea64acf3,CUST00009,2026-06-29 04:47:49.379834,205.74,Fuel Station,Tamarin,0
cc14e8bd-cc8e-45a5-8d20-8633c2252bf8,CUST00098,2026-06-29 04:50:50.379834,610.66,Online Retail,Vacoas,0
64e8d19c-d488-4988-bfa4-cd76534bb782,CUST00165,2026-06-29 04:57:42.379834,399.34,ATM Withdrawal,Curepipe,0
e588bb7d-8d8b-43c9-a61b-2402e1a00118,CUST00056,2026-06-29 04:59:06.379834,390.91,ATM Withdrawal,Port Louis,0
9f384fbb-dff5-421d-8965-54c91b674050,CUST00190,2026-06-29 05:20:35.379834,3647.98,Entertainment,Rose Hill,0
4b1f4d65-8eef-49ec-98cf-5e21a7433871,CUST00077,2026-06-29 05:23:59.379834,475.26,Electronics,Grand Baie,0
d388cf0f-ad5e-4d40-99cc-b58842e9dd10,CUST00132,2026-06-29 05:24:13.379834,1496.98,Online Retail,Beau Bassin,0
e559e727-17ca-4610-ad05-d3d68c8b2595,CUST00161,2026-06-29 05:25:35.379834,315.03,Pharmacy,Rose Hill,0
918dd9f6-c2b5-440d-84f0-7dfbe5b1d817,CUST00080,2026-06-29 05:29:58.379834,755.52,ATM Withdrawal,Mahebourg,0
d33a49e7-a69a-4fcf-b1a7-74fbce4409e9,CUST00156,2026-06-29 05:45:59.379834,2890.49,ATM Withdrawal,Grand Baie,0
7efac746-8ee0-446f-afa7-100ccaf30c9a,CUST00143,2026-06-29 05:46:53.379834,619.46,Restaurant,Curepipe,0
2eec15c7-d87b-4b48-af03-5054776c60a8,CUST00131,2026-06-29 06:07:53.379834,683.22,Online Retail,Vacoas,0
261d553c-2134-4cfb-a0be-6e202864676f,CUST00013,2026-06-29 07:01:34.379834,972.79,Utility Bill,Curepipe,0
d10f14b2-7e07-4096-8b89-78c5d61f7bd2,CUST00185,2026-06-29 07:05:46.379834,1420.22,Online Retail,Grand Baie,0
89153853-aeb9-4495-b89e-b3cec7658e27,CUST00186,2026-06-29 07:19:07.379834,1314.51,Pharmacy,Mahebourg,0
1641327e-aa67-4dbd-a187-89b27c8d12c2,CUST00133,2026-06-29 07:25:36.379834,5975.13,Utility Bill,Curepipe,0
87f3d8ba-ac1d-4a07-8b5d-70ac49d8e710,CUST00072,2026-06-29 07:26:06.379834,3367.1,Utility Bill,Tamarin,0
5911b59c-2aa8-4940-9edf-ae7ff95e8b4e,CUST00184,2026-06-29 07:30:35.379834,1240.05,Pharmacy,Beau Bassin,0
9d4cdf97-db0b-49d1-9921-703efb794ff1,CUST00190,2026-06-29 07:34:24.379834,2712.16,Electronics,Rose Hill,0
86e7c2bf-c829-4a3a-abdb-df3818d221d9,CUST00061,2026-06-29 07:55:26.379834,777.96,ATM Withdrawal,Curepipe,0
8362433d-ae0c-474f-8c85-c587ca14174b,CUST00079,2026-06-29 08:10:53.379834,2266.5,Travel,Vacoas,0
4e59b873-97cc-45ef-b2ab-00235cfc7431,CUST00009,2026-06-29 08:20:21.379834,157.7,Utility Bill,Tamarin,0
677562cb-3a58-4797-b324-eda7f158af38,CUST00053,2026-06-29 08:53:27.379834,1110.02,Fuel Station,Tamarin,0
a3ee33fb-566a-4f13-94a5-e8d8a81b1a71,CUST00146,2026-06-29 08:54:25.379834,3135.72,Restaurant,Tamarin,0
31dd4411-4671-4144-8afa-ca3e3a61ce1c,CUST00067,2026-06-29 08:55:44.379834,159.1,Electronics,Beau Bassin,0
508670f5-d64a-4b39-a6cd-c38d166ea357,CUST00145,2026-06-29 09:21:16.379834,1739.6,Grocery,Mahebourg,0
3c38510c-b1f8-4949-b345-462c550bac44,CUST00113,2026-06-29 09:31:15.379834,1800.51,Restaurant,Curepipe,0
c1a0b990-86dd-4cfa-b8bc-970793e81a54,CUST00133,2026-06-29 09:32:00.379834,6538.49,Fuel Station,Curepipe,0
f39db7a1-32cc-4b7f-bbd5-bfa7da5f9b6f,CUST00048,2026-06-29 09:35:08.379834,925.8,Travel,Curepipe,0
cfa8d736-97a3-4fcf-8f45-885c4f6b29d2,CUST00109,2026-06-29 09:42:43.379834,464.07,ATM Withdrawal,Rose Hill,0
cdcfb717-f1cd-4cee-8dd2-743740331f5b,CUST00043,2026-06-29 09:55:24.379834,1091.92,Online Retail,Port Louis,0
c83dc270-5182-4b7e-aa3f-0c59ee6ceee2,CUST00163,2026-06-29 09:56:57.379834,1692.44,Utility Bill,Rose Hill,0
658e1b64-a165-4a18-8002-3f94b02d8150,CUST00090,2026-06-29 10:10:27.379834,1988.59,Pharmacy,Rose Hill,0
efd0188e-c176-47c5-99d4-a3b3844da0ee,CUST00171,2026-06-29 10:30:47.379834,847.8,Pharmacy,Quatre Bornes,0
ae80353c-7eb5-4158-8236-927c0f0bb8e8,CUST00037,2026-06-29 11:35:17.379834,754.92,Entertainment,Flacq,0
8c1bc4ee-2401-4b57-badd-e497fe8e671c,CUST00098,2026-06-29 11:43:42.379834,527.02,Electronics,Vacoas,0
daf33fd3-a475-4d2f-a105-a7f2e88cfaec,CUST00175,2026-06-29 11:53:58.379834,1162.4,Grocery,Vacoas,0
dc417e0b-4e90-4bc9-810b-351002cee979,CUST00000,2026-06-29 12:04:27.379834,1330.51,Entertainment,Curepipe,0
3c0541c2-460e-4cbb-ad40-0f95b0c61f4e,CUST00182,2026-06-29 12:08:58.379834,1937.53,Utility Bill,Vacoas,0
26ec4720-1d7b-4209-a258-39e3512953cf,CUST00098,2026-06-29 12:15:57.379834,688.55,Utility Bill,Vacoas,0
52609f5d-6587-4ad7-8468-3fb097f522fa,CUST00017,2026-06-29 12:42:00.379834,1474.24,Pharmacy,Tamarin,0
04e7a748-c3b0-44ef-a1ec-e960844b348c,CUST00108,2026-06-29 12:43:11.379834,2217.59,Online Retail,Beau Bassin,0
72f660cf-1348-4f9c-95d7-61130595e1f1,CUST00142,2026-06-29 12:43:22.379834,2504.52,Online Retail,Mahebourg,0
cc93e617-5412-498e-81fe-51383c4b80ab,CUST00079,2026-06-29 12:46:15.379834,1037.73,Electronics,Vacoas,0
1b1cbf0b-f7df-4ba9-8584-89a8c3abc476,CUST00096,2026-06-29 13:07:53.379834,5354.71,Online Retail,Grand Baie,0
216a62f6-1681-494d-9ad7-5e583f3002c1,CUST00066,2026-06-29 13:14:09.379834,102.11,Travel,Quatre Bornes,0
e30d89a5-a002-44b6-a65e-954bb9e56a32,CUST00149,2026-06-29 13:18:27.379834,390.4,Fuel Station,Beau Bassin,0
69d4d393-2161-4402-b93a-1d9c227fb291,CUST00115,2026-06-29 14:01:35.379834,887.46,Grocery,Curepipe,0
628536c4-3ddc-42a5-b481-284674c11a8f,CUST00092,2026-06-29 14:08:08.379834,1283.05,ATM Withdrawal,Beau Bassin,0
7296f5f1-b8b2-48fa-b3de-c7eef3f8b62b,CUST00137,2026-06-29 14:13:16.379834,904.48,Grocery,Grand Baie,0
3450a543-9927-4e98-85b1-4bf483570d15,CUST00137,2026-06-29 14:14:37.379834,356.68,Pharmacy,Grand Baie,0
afd555ae-7d8f-4500-a9df-962dfa9c3671,CUST00088,2026-06-29 14:23:18.379834,2677.56,Grocery,Vacoas,0
613582f5-335b-4904-a4d0-0bc5aa161cfd,CUST00093,2026-06-29 14:25:06.379834,1208.06,Utility Bill,Rose Hill,0
a832da5d-a374-4d14-ac96-a49340c4caaf,CUST00110,2026-06-29 14:35:55.379834,432.48,Utility Bill,Quatre Bornes,0
39d9926d-0b4d-4ae4-9dd7-b927ad62ad90,CUST00084,2026-06-29 14:55:26.379834,1982.98,Fuel Station,Rose Hill,0
2c4ec3a7-0df6-4f25-9e3e-8c1518e3ef8f,CUST00042,2026-06-29 15:29:07.379834,2330.26,Restaurant,Vacoas,0
0e8c1745-b6d7-4a74-931f-909d82d7a91f,CUST00116,2026-06-29 15:34:44.379834,540.73,Entertainment,Quatre Bornes,0
96c13bff-64f6-4b25-a72e-00c33aae9086,CUST00195,2026-06-29 15:54:32.379834,1389.43,Grocery,Mahebourg,0
2c85fd32-1e61-45fa-963c-f8bb01b5a402,CUST00115,2026-06-29 16:03:16.379834,1055.61,Online Retail,Curepipe,0
3683f723-a0e1-403f-855d-c97b473d1e6d,CUST00009,2026-06-29 16:03:42.379834,164.07,Grocery,Tamarin,0
1c0ea590-323b-4a1c-9b0e-88453861c110,CUST00092,2026-06-29 16:03:57.379834,667.5,Restaurant,Beau Bassin,0
3a14882c-bff3-48f5-8afe-fe7d2303c243,CUST00143,2026-06-29 16:18:35.379834,522.52,Online Retail,Curepipe,0
e25686cd-bdfb-4b9f-a023-dcaf7820b9a3,CUST00008,2026-06-29 16:26:39.379834,1765.65,Electronics,Curepipe,0
072cc96b-20b9-4e0e-8ef2-7051bae893ee,CUST00024,2026-06-29 16:33:22.379834,3248.34,Restaurant,Grand Baie,0
ba5bd24c-58e9-4cbc-9dd4-f2c2ee581e19,CUST00081,2026-06-29 16:35:14.379834,4371.03,ATM Withdrawal,Rose Hill,0
14476bee-0f31-45f0-8c4d-8fe24c52821b,CUST00150,2026-06-29 16:42:01.379834,2530.5,Fuel Station,Quatre Bornes,0
8921b9d1-704a-446e-b739-7ecdde69fa7c,CUST00039,2026-06-29 16:55:59.379834,1477.4,Utility Bill,Beau Bassin,0
96d8b753-5f1d-4604-b4b7-bdb505ad00b3,CUST00042,2026-06-29 17:10:38.379834,1707.94,Fuel Station,Vacoas,0
70453a1c-9195-406b-9230-02d45128c929,CUST00139,2026-06-29 17:17:48.379834,1096.15,Electronics,Vacoas,0
7bdd503a-3a1d-4cfb-b9a5-783c0e5ecf21,CUST00022,2026-06-29 17:20:21.379834,341.61,Utility Bill,Flacq,0
075a5278-91ca-442f-8e5f-ec74c4772896,CUST00192,2026-06-29 17:31:45.379834,1283.3,Utility Bill,Beau Bassin,0
beb002fb-1165-4511-b50f-0b4e7396e72d,CUST00131,2026-06-29 17:47:16.379834,682.55,Pharmacy,Vacoas,0
eceaff73-ca47-433b-9148-a2b51756bd35,CUST00122,2026-06-29 17:56:26.379834,1357.89,Restaurant,Flacq,0
00ebfc51-62b4-49aa-92c3-425bbd3bc957,CUST00164,2026-06-29 18:06:07.379834,1149.45,Entertainment,Tamarin,0
3d412ba7-c46c-4d83-aaca-53ea58a1581c,CUST00157,2026-06-29 18:07:46.379834,529.6,Utility Bill,Port Louis,0
902e5f76-5d08-4067-9ab7-85f6990e5675,CUST00039,2026-06-29 18:18:50.379834,1541.1,Grocery,Beau Bassin,0
d54c093a-ea21-4918-ad47-cd6fad2f1b36,CUST00063,2026-06-29 18:37:50.379834,1533.48,Fuel Station,Vacoas,0
91d7d3c9-8a4d-42c3-88ed-261e65ebc4d0,CUST00147,2026-06-29 18:38:19.379834,781.5,Entertainment,Rose Hill,0
7b224fbe-c5cd-445c-9c81-c5ad9d992b18,CUST00042,2026-06-29 19:00:54.379834,2122.7,Entertainment,Vacoas,0
74af9f31-72c4-44da-b9d6-6c2bd1fc05de,CUST00157,2026-06-29 19:54:53.379834,851.59,ATM Withdrawal,Port Louis,0
dfd41def-bfa5-4a48-a75f-678c89ca048b,CUST00110,2026-06-29 20:03:56.379834,185.77,ATM Withdrawal,Quatre Bornes,0
f3ad94d8-132d-4c9c-b94a-305eff48fe9c,CUST00037,2026-06-29 20:04:37.379834,658.2,Travel,Flacq,0
4617dbbc-63c5-468d-a411-5a3669f7037b,CUST00163,2026-06-29 20:10:53.379834,1838.47,Entertainment,Rose Hill,0
2af1a4fe-7e96-4d97-bf56-018dfbfcd5a5,CUST00025,2026-06-29 20:28:12.379834,1764.84,ATM Withdrawal,Tamarin,0
b45fedd6-67fd-4ae8-b5d1-e204e545e5f7,CUST00166,2026-06-29 20:34:39.379834,3743.65,Entertainment,Curepipe,0
a0f353b5-fc6f-40c1-b86f-db908c1868ff,CUST00086,2026-06-29 20:35:10.379834,351.8,Fuel Station,Beau Bassin,0
7894d72c-0813-4a26-b154-54e89cce784b,CUST00164,2026-06-29 20:56:36.379834,1937.91,Online Retail,Tamarin,0
ed7f37d1-bc82-4811-9bec-5e9f93105476,CUST00043,2026-06-29 20:56:44.379834,641.25,Entertainment,Port Louis,0
eb0b9bba-e66a-416f-8fb2-6c2464a7a2be,CUST00088,2026-06-29 21:03:42.379834,1816.02,Restaurant,Vacoas,0
9ebb8dbe-044a-4b4c-a66b-c9c56c085a95,CUST00017,2026-06-29 21:09:38.379834,947.4,Electronics,Tamarin,0
394b905e-6d45-4be7-a017-1196a0ef848b,CUST00176,2026-06-29 21:13:01.379834,684.96,Restaurant,Mahebourg,0
d9a54aea-8827-4bb5-8ba2-7586551d873f,CUST00134,2026-06-29 21:17:07.379834,50.0,Travel,Vacoas,0
99c6149f-e0c7-4aea-9b0d-90e3387f2964,CUST00050,2026-06-29 21:23:29.379834,926.0,Utility Bill,Vacoas,0
bb83073b-5214-44b9-b42f-45d91e897a03,CUST00112,2026-06-29 21:24:59.379834,1264.4,Utility Bill,Grand Baie,0
4ccf9903-3f2f-42f3-ad78-15d88db79982,CUST00166,2026-06-29 21:36:49.379834,4511.36,Entertainment,Curepipe,0
5239a3e7-f7fd-4c6c-92b4-c11bf4112394,CUST00167,2026-06-29 21:44:35.379834,341.48,ATM Withdrawal,Grand Baie,0
0c170ddd-3988-429b-be11-ea84bad09022,CUST00101,2026-06-29 22:04:19.379834,2383.06,Entertainment,Mahebourg,0
9c3c92ba-90ca-453b-b6e8-2808b2dda414,CUST00157,2026-06-29 22:11:25.379834,604.05,Restaurant,Port Louis,0
7c2bd7c9-e82c-496d-acc4-042e6f629e59,CUST00026,2026-06-29 22:16:04.379834,323.88,Fuel Station,Vacoas,0
68258aa8-fdd8-44c2-960d-3e4dc72394ad,CUST00044,2026-06-29 22:16:42.379834,1243.05,Online Retail,Grand Baie,0
f0295888-3bf8-47b8-831f-ccff2d840f8e,CUST00122,2026-06-29 22:17:41.379834,1829.71,Restaurant,Flacq,0
a4d6da74-cc4d-471b-af30-203d2efe67a1,CUST00064,2026-06-29 22:17:48.379834,1569.33,Grocery,Grand Baie,0
cc361fcf-2176-45c3-a3df-75fe76d973c6,CUST00037,2026-06-29 22:21:59.379834,1273.44,Utility Bill,Flacq,0
871b5882-3ee5-4280-8a96-d23d7588efb5,CUST00107,2026-06-29 22:23:07.379834,2655.16,Travel,Flacq,0
835df322-5937-4235-a047-1347c18a3938,CUST00070,2026-06-29 22:40:57.379834,1154.41,Grocery,Vacoas,0
5a01b9cf-07ce-4758-bbc4-0886b2219b63,CUST00048,2026-06-29 22:49:49.379834,1034.81,Online Retail,Curepipe,0
c54a1b0f-2b07-45fe-9efa-1d7cbc994dab,CUST00013,2026-06-29 22:53:30.379834,808.78,Travel,Curepipe,0
3e540169-e9b3-4315-bd3b-475682ed553b,CUST00155,2026-06-29 22:53:30.379834,2047.68,Grocery,Beau Bassin,0
c7c719fe-6618-4728-8c95-d5c34bb1c7c7,CUST00157,2026-06-29 23:00:28.379834,485.1,ATM Withdrawal,Port Louis,0
c9f6f88e-c937-4a1a-a3d0-9bfe9d3e108e,CUST00076,2026-06-29 23:18:12.379834,376.41,Fuel Station,Quatre Bornes,0
a53efbe4-1002-4b88-a664-c3876e7780a9,CUST00000,2026-06-29 23:34:59.379834,1285.97,Grocery,Curepipe,0
c8f211dd-6dc6-447e-9972-015e69b990d2,CUST00015,2026-06-29 23:52:00.379834,790.59,Utility Bill,Rose Hill,0
dd8b0cf7-0e65-4bd1-b012-569ba6703753,CUST00070,2026-06-29 23:53:19.379834,914.97,Utility Bill,Vacoas,0
072faa17-a84c-4c56-a1ff-85102569a967,CUST00160,2026-06-30 00:05:00.379834,4560.35,Electronics,Vacoas,0
7d0279a2-ca5a-4557-9112-30910c66331e,CUST00025,2026-06-30 00:09:49.379834,1367.91,Electronics,Tamarin,0
3a4f86e1-df17-4d3b-96e5-ade1c0063b7a,CUST00066,2026-06-30 00:18:49.379834,245.93,Grocery,Quatre Bornes,0
e70fd927-92c7-4426-8064-2aad54a1ce67,CUST00051,2026-06-30 00:27:49.379834,699.85,Travel,Tamarin,0
82a09566-c159-43b9-b525-2500a30ba2b1,CUST00187,2026-06-30 00:40:01.379834,843.27,Electronics,Grand Baie,0
9efdacd5-20a8-415e-8ae3-6c0e7a8cc4dd,CUST00126,2026-06-30 00:48:17.379834,1371.71,Travel,Vacoas,0
67aa65aa-abeb-4b48-8a7f-17387653be93,CUST00119,2026-06-30 00:57:00.379834,315.6,Restaurant,Tamarin,0
2745863a-bb16-4a51-8eb1-51cdd165baab,CUST00169,2026-06-30 01:04:18.379834,19511.09,Utility Bill,Mahebourg,1
64dd7243-a068-400f-af7a-7bb9e41eaf8f,CUST00084,2026-06-30 01:06:54.379834,2728.38,Electronics,Rose Hill,0
48cb5597-4403-4bab-9137-f640a4ec4d20,CUST00005,2026-06-30 01:10:00.379834,2507.03,Online Retail,Quatre Bornes,0
5c6e80d1-cb89-4625-a6e6-e63e074074b2,CUST00134,2026-06-30 01:13:42.379834,113.04,Utility Bill,Vacoas,0
badc44c9-d6cb-4769-8438-f1f6a38ead82,CUST00144,2026-06-30 01:21:21.379834,1402.59,Pharmacy,Vacoas,0
9c9d85e9-f04a-4d4a-9485-ae2dd016924c,CUST00016,2026-06-30 01:35:23.379834,475.77,Entertainment,Mahebourg,0
5428773c-f305-4edb-84d0-dd7e3cd8a0af,CUST00169,2026-06-30 01:42:07.379834,404.08,Travel,Mahebourg,0
24fa291d-93a7-40f2-8a4a-b836f81a4b8e,CUST00140,2026-06-30 02:05:58.379834,718.05,Utility Bill,Mahebourg,0
53c93767-6db2-46c4-9057-469b61992661,CUST00059,2026-06-30 02:17:09.379834,1926.26,Electronics,Curepipe,0
8d19ef76-7af1-4c9d-995e-350662b6f224,CUST00107,2026-06-30 02:18:41.379834,3712.69,Travel,Flacq,0
e8238834-0c63-4029-ac78-e087cfe7c80d,CUST00052,2026-06-30 02:38:04.379834,2908.43,Fuel Station,Beau Bassin,0
0367cf91-464d-4b15-b98b-0f3cb307653b,CUST00112,2026-06-30 02:44:38.379834,849.45,Electronics,Grand Baie,0
74f71a96-3c29-4069-b45b-65d3b5149d25,CUST00045,2026-06-30 02:58:52.379834,4348.41,Fuel Station,Mahebourg,0
dae290f0-c606-403e-a2fb-f2e99239f9c1,CUST00174,2026-06-30 03:04:56.379834,1630.62,Travel,Quatre Bornes,0
cef42050-3f83-410f-9c90-04b0d6ba51a1,CUST00135,2026-06-30 03:08:07.379834,1129.09,ATM Withdrawal,Flacq,0
b11a6afb-b8b7-41a7-b6aa-4a8d759f0a88,CUST00061,2026-06-30 03:10:42.379834,1208.37,Fuel Station,Curepipe,0
6db2a502-421f-469c-9889-f514e56afc16,CUST00021,2026-06-30 03:14:20.379834,402.64,ATM Withdrawal,Mahebourg,0
456bc162-d2ad-47d6-a204-d0fedd81dfef,CUST00199,2026-06-30 03:19:08.379834,1410.19,Grocery,Port Louis,0
2cc42599-0525-4cbc-a671-576418d1c8cd,CUST00014,2026-06-30 03:27:44.379834,912.86,Fuel Station,Rose Hill,0
cc2f1d14-3b58-4bbd-9984-a18c84e5edfc,CUST00091,2026-06-30 03:37:28.379834,1486.18,Utility Bill,Tamarin,0
67df0cd5-b798-4533-a451-41a83fc84686,CUST00034,2026-06-30 03:50:26.379834,3930.03,ATM Withdrawal,Beau Bassin,0
729d58c6-b291-45ee-908b-80d48ae760f7,CUST00127,2026-06-30 03:52:31.379834,1836.01,Online Retail,Mahebourg,0
e7cc0672-eeb7-4f25-8aa7-f8b27436f2f7,CUST00174,2026-06-30 03:56:27.379834,2954.77,Electronics,Quatre Bornes,0
5bfff576-f25a-4d8d-8a5f-b2f27643f2c5,CUST00031,2026-06-30 03:59:58.379834,843.0,Online Retail,Vacoas,0
ff76d35c-6a58-42e0-8d36-0f1025b08994,CUST00062,2026-06-30 04:05:43.379834,1084.47,Entertainment,Flacq,0
e2a1e6fe-a653-4533-bed4-d7866057801c,CUST00011,2026-06-30 04:33:07.379834,1728.09,Restaurant,Port Louis,0
340ff3a4-04a3-4d3c-9c24-6e64aca8b87b,CUST00050,2026-06-30 04:33:42.379834,698.09,ATM Withdrawal,Vacoas,0
b98c0ed5-733d-4593-8ccd-16a6d8a5c2b8,CUST00042,2026-06-30 04:45:16.379834,1574.19,Restaurant,Vacoas,0
fb1c171f-bf02-48c4-ac2a-30aa647c6ee5,CUST00184,2026-06-30 05:08:26.379834,4029.14,Online Retail,Beau Bassin,0
f9f60cf8-6341-4551-ad46-08a3366e56e4,CUST00130,2026-06-30 05:08:35.379834,2762.68,Utility Bill,Mahebourg,0
214a2fa4-a5a9-4413-9607-afe2a5ed779f,CUST00124,2026-06-30 05:18:36.379834,3177.79,Restaurant,Grand Baie,0
e94a93ad-d84a-447a-b08f-2a001139643f,CUST00098,2026-06-30 05:21:33.379834,370.82,Restaurant,Vacoas,0
19490a35-3db4-4843-9e68-7f33e1b85fe2,CUST00144,2026-06-30 05:34:44.379834,1896.24,Utility Bill,Vacoas,0
c6540111-9ce9-49fa-8717-3d97b858ba8a,CUST00039,2026-06-30 05:53:53.379834,984.6,Entertainment,Beau Bassin,0
538b4be4-1933-4ae6-a2b1-545b7f5ec93e,CUST00044,2026-06-30 05:57:16.379834,1813.91,Online Retail,Grand Baie,0
f5699463-403b-4583-bcf3-839e102bd749,CUST00014,2026-06-30 06:00:42.379834,781.37,Grocery,Rose Hill,0
e99fd00c-6a08-478e-bfc7-ea074b48dcc1,CUST00190,2026-06-30 07:23:43.379834,3742.81,Entertainment,Rose Hill,0
539bf9b5-d4b5-4d78-a406-9925aac623fd,CUST00121,2026-06-30 07:24:39.379834,723.92,Online Retail,Flacq,0
7b7018d8-9a5d-4fc1-8fa2-7fadfd6305c9,CUST00059,2026-06-30 07:29:14.379834,1651.04,Pharmacy,Curepipe,0
fe0016df-57cc-40e9-b4d5-e8ac86a19462,CUST00027,2026-06-30 07:34:54.379834,1143.14,Grocery,Port Louis,0
16c8a1cc-ad1e-4449-bf78-533235c626e6,CUST00012,2026-06-30 08:10:31.379834,2521.72,Entertainment,Port Louis,0
b6df37f8-7e47-46ea-9fc4-a4424d59ef6e,CUST00107,2026-06-30 08:11:01.379834,3432.9,Entertainment,Flacq,0
733eec3e-d3ad-4d39-abf9-e6f80de79c6a,CUST00152,2026-06-30 08:37:02.379834,1969.65,Fuel Station,Mahebourg,0
ae7e576b-6855-4e45-8fe3-61e5df8eb0c0,CUST00186,2026-06-30 08:46:23.379834,1828.5,Pharmacy,Mahebourg,0
322092fd-0a05-4653-b27e-68d7be18561a,CUST00151,2026-06-30 08:51:04.379834,8822.79,Entertainment,Mahebourg,0
9d30f58e-158c-4884-b77d-11ba1ed95cc6,CUST00108,2026-06-30 09:00:05.379834,1901.41,Utility Bill,Beau Bassin,0
43b0ab94-3ae9-4b77-b185-74adc39fa323,CUST00132,2026-06-30 09:02:24.379834,646.71,Utility Bill,Beau Bassin,0
42dc44f0-eda1-473b-a144-02c78f0b65d3,CUST00066,2026-06-30 09:21:53.379834,63.44,ATM Withdrawal,Quatre Bornes,0
159134be-1b6c-46de-ad95-d0601ac6e3c5,CUST00178,2026-06-30 09:46:51.379834,650.88,Travel,Flacq,0
802e0277-c39a-4e56-a5fc-f173cdb48c03,CUST00067,2026-06-30 09:53:46.379834,1457.69,Online Retail,Beau Bassin,0
e3a75e09-d3ee-4346-b08f-38984afe6b6d,CUST00190,2026-06-30 10:05:57.379834,1467.47,Pharmacy,Rose Hill,0
96f6e308-a952-4c39-ae35-e1c226ee8055,CUST00061,2026-06-30 10:06:54.379834,399.36,Online Retail,Curepipe,0
4565561f-8ea7-4ad1-858f-e28c0eaef8be,CUST00086,2026-06-30 10:08:17.379834,246.47,Fuel Station,Beau Bassin,0
eb53dd30-f2eb-47c1-955d-64a16e24c8fd,CUST00057,2026-06-30 10:09:14.379834,728.75,Travel,Rose Hill,0
fd252597-6c8c-4c27-b25c-fe95adc89809,CUST00052,2026-06-30 10:09:24.379834,3849.51,Restaurant,Beau Bassin,0
21541837-8c54-457e-84dd-7dc00eaaf6bb,CUST00166,2026-06-30 10:11:01.379834,5402.3,Utility Bill,Curepipe,0
8a94799b-43f4-414b-a308-1cdc1a78096d,CUST00155,2026-06-30 10:14:35.379834,2948.76,Restaurant,Beau Bassin,0
85ddaa3a-75d2-4203-a3ee-d7cd34672719,CUST00162,2026-06-30 10:28:53.379834,503.37,Restaurant,Port Louis,0
edbdb0f5-84ec-4b0f-9e2a-7671a551393f,CUST00070,2026-06-30 10:34:26.379834,1308.61,Travel,Vacoas,0
d99f397a-fe90-4f32-a67f-796c36e8ebb8,CUST00116,2026-06-30 10:40:35.379834,738.9,Restaurant,Quatre Bornes,0
a2cf542d-8132-4eab-b094-ced61aa39a24,CUST00106,2026-06-30 10:51:27.379834,2212.29,Entertainment,Tamarin,0
c0892328-9254-4da3-a372-047696b3dfcb,CUST00148,2026-06-30 10:58:44.379834,995.79,Pharmacy,Quatre Bornes,0
2595e329-b0fa-4554-9a2d-664ca97ce06e,CUST00041,2026-06-30 11:09:59.379834,2820.91,Electronics,Tamarin,0
641074ee-468d-4c4b-ae7b-784df34f4edb,CUST00168,2026-06-30 11:11:25.379834,1679.52,Fuel Station,Curepipe,0
ed62056d-ba32-489b-8e23-1d103dc96b1b,CUST00017,2026-06-30 11:15:24.379834,891.48,Electronics,Tamarin,0
0434f33c-0fb8-4aa5-8452-78ee9063f6a5,CUST00100,2026-06-30 11:37:36.379834,3565.5,Pharmacy,Rose Hill,0
661e0343-9adc-4a48-a71d-4fdad3f7d8c0,CUST00152,2026-06-30 11:39:08.379834,1602.21,Online Retail,Mahebourg,0
57d147bd-8600-4219-a865-56d07c0a5c61,CUST00040,2026-06-30 12:08:35.379834,2690.11,Travel,Beau Bassin,0
1841a870-7af1-4567-99a8-3ec68f1d3782,CUST00154,2026-06-30 12:12:38.379834,728.61,ATM Withdrawal,Tamarin,0
4a47b1a0-17e8-424f-8e65-b3d7e8865e18,CUST00093,2026-06-30 12:33:46.379834,1433.87,Electronics,Rose Hill,0
880195eb-fd0e-48ce-9eef-1b11f0f2a526,CUST00033,2026-06-30 12:37:46.379834,1767.02,Fuel Station,Rose Hill,0
db672b75-f941-4843-9b17-5dcecf41a3e5,CUST00191,2026-06-30 12:37:51.379834,17355.68,Restaurant,Curepipe,1
3d556b36-4ee1-40f1-85b5-9320904433ee,CUST00144,2026-06-30 12:50:59.379834,1342.21,ATM Withdrawal,Vacoas,0
76ea12b2-ece5-47a9-9c0a-b6e5e4407774,CUST00184,2026-06-30 12:58:55.379834,3078.02,Online Retail,Beau Bassin,0
80885ac6-b7bb-4668-b10a-d0c9a928ff4c,CUST00122,2026-06-30 13:01:59.379834,1294.37,Travel,Flacq,0
11167bfa-f051-43b5-b2e5-f44717486f19,CUST00126,2026-06-30 13:06:07.379834,2169.26,Electronics,Vacoas,0
a840aa06-6496-4f34-a244-b35de43fd0d6,CUST00004,2026-06-30 13:10:18.379834,2988.55,Pharmacy,Rose Hill,0
50071513-a4f4-48ec-aea6-e9c9d5ced4e2,CUST00091,2026-06-30 13:30:24.379834,1182.29,Utility Bill,Tamarin,0
efa9ff75-df6a-4d8f-b44c-ea0b2db7caf1,CUST00080,2026-06-30 13:33:35.379834,376.52,Restaurant,Mahebourg,0
1bc4ddf0-c90f-4ac4-ae1d-3db1c7553f92,CUST00183,2026-06-30 13:41:51.379834,3298.98,Travel,Flacq,0
4ae321f1-5dbd-4cbc-88aa-225cfda6bee9,CUST00136,2026-06-30 13:53:56.379834,2823.0,Restaurant,Quatre Bornes,0
a70d0b68-c065-478b-9c9a-7e87f17435d4,CUST00178,2026-06-30 14:20:17.379834,1149.07,Electronics,Flacq,0
065fab13-498e-46b9-94c6-f3bc43535c82,CUST00171,2026-06-30 14:38:52.379834,648.97,Utility Bill,Quatre Bornes,0
62e863ab-edb8-4e2f-9f74-934771c0f77b,CUST00177,2026-06-30 14:48:53.379834,542.48,Electronics,Tamarin,0
674d12c8-83b8-4e11-9256-8e0445c02ad2,CUST00167,2026-06-30 14:49:14.379834,648.57,Travel,Grand Baie,0
eb0c83bb-31e7-477f-ac39-9f91241d650f,CUST00185,2026-06-30 14:52:29.379834,572.05,Utility Bill,Grand Baie,0
d4f7be57-4579-490a-b5c7-0c27b10c3779,CUST00065,2026-06-30 14:56:23.379834,1307.22,Entertainment,Beau Bassin,0
8933bd25-6b6f-4af3-89f6-5658ed06d950,CUST00099,2026-06-30 14:57:38.379834,2311.27,Travel,Quatre Bornes,0
c5d246bd-0188-4bcf-96eb-bc491fa25c9f,CUST00107,2026-06-30 15:00:23.379834,5601.73,Utility Bill,Flacq,0
fa60c7d4-92b7-4bac-b7d8-113a34a28d61,CUST00015,2026-06-30 15:20:00.379834,2435.03,Fuel Station,Rose Hill,1
ff0ec73b-d819-44bf-b6b5-386e8d908a08,CUST00167,2026-06-30 15:41:42.379834,260.2,Grocery,Grand Baie,0
a254a0b6-866c-45ac-99a6-050c77d0dc47,CUST00171,2026-06-30 15:43:01.379834,667.71,Grocery,Quatre Bornes,0
3acc66ad-1155-4a88-8c7f-471cc52ce231,CUST00098,2026-06-30 16:10:33.379834,607.68,Pharmacy,Vacoas,0
b10b2bac-b34d-483b-b28b-96df6707dbfb,CUST00140,2026-06-30 16:10:59.379834,708.1,Travel,Mahebourg,0
7c3c426e-7e0a-4549-a254-5c8ddac6ffcf,CUST00054,2026-06-30 16:13:48.379834,1577.17,Travel,Rose Hill,0
bb0f2831-40f7-4989-b1f2-0a6a2a23b5ad,CUST00088,2026-06-30 16:13:50.379834,1706.84,Online Retail,Vacoas,0
db49c515-0f43-40cf-a8ec-997f26d234eb,CUST00187,2026-06-30 16:22:23.379834,1689.53,Utility Bill,Grand Baie,0
e01f6dc8-839c-4d14-bdb5-bf2b2870649a,CUST00140,2026-06-30 16:26:38.379834,842.56,Fuel Station,Mahebourg,0
62840f07-8c98-4634-9b75-4412c9b65456,CUST00117,2026-06-30 16:33:41.379834,560.52,Fuel Station,Quatre Bornes,0
ec3f0543-fb14-4cec-8933-fc6cb493369d,CUST00190,2026-06-30 16:44:48.379834,2032.61,ATM Withdrawal,Rose Hill,0
7bd4ab49-5fb1-4132-9032-caf65fd35d90,CUST00054,2026-06-30 16:54:30.379834,2694.74,ATM Withdrawal,Rose Hill,0
0e65c206-df96-4e5d-ab99-e9b29f8f177d,CUST00025,2026-06-30 17:17:33.379834,1495.25,Restaurant,Tamarin,0
60f6c4f6-bc28-4829-9bcc-1faba06c95ec,CUST00129,2026-06-30 17:27:08.379834,3770.65,Electronics,Curepipe,0
5c726f8d-51fd-4dcb-8b4f-fa37d19e9b11,CUST00092,2026-06-30 17:32:59.379834,672.38,Pharmacy,Beau Bassin,0
5990800a-25bb-42a4-8ed2-1d7ef3315dcb,CUST00186,2026-06-30 17:39:57.379834,1811.44,Fuel Station,Mahebourg,0
f1b170d1-83a6-4e07-8210-347d422ca73c,CUST00109,2026-06-30 17:44:49.379834,955.88,ATM Withdrawal,Rose Hill,0
7fd5d22c-50c8-45a1-9f09-da60f84264c7,CUST00003,2026-06-30 17:53:55.379834,597.75,Fuel Station,Rose Hill,0
b55d6ff3-d949-4863-aa6d-4047da1e0317,CUST00039,2026-06-30 17:55:52.379834,1307.02,ATM Withdrawal,Beau Bassin,0
70b8e32b-dc54-44f1-86ef-835ea29e0988,CUST00077,2026-06-30 18:07:00.379834,1342.91,Online Retail,Grand Baie,0
ef7f2576-637d-4925-990b-e88925472f84,CUST00064,2026-06-30 18:10:24.379834,1525.91,Fuel Station,Grand Baie,0
0f7ca394-f1a3-4328-a4b7-e5bea3017161,CUST00151,2026-06-30 18:10:43.379834,4361.74,Grocery,Mahebourg,0
4f9a8fa5-0e19-4c42-8405-8b72e290e6f1,CUST00007,2026-06-30 18:19:28.379834,2690.33,Entertainment,Mahebourg,0
5dc3e2f4-351a-4333-a134-f2087a22fb72,CUST00133,2026-06-30 18:20:01.379834,3470.16,Grocery,Curepipe,0
5fe65f9b-08ce-4f10-a3ff-7aead0d5f6db,CUST00094,2026-06-30 18:22:19.379834,1976.65,Grocery,Grand Baie,0
8e42a732-d8d5-4c25-85bb-7741a06755a9,CUST00091,2026-06-30 18:28:42.379834,1923.7,Restaurant,Tamarin,0
4bca2829-0301-418f-b2ca-64181fc141e6,CUST00174,2026-06-30 18:33:55.379834,2311.73,ATM Withdrawal,Quatre Bornes,0
4ba50789-fcec-4f70-b46e-aed470fe4513,CUST00097,2026-06-30 19:00:29.379834,2082.55,Online Retail,Quatre Bornes,0
7939d18a-7f6b-4352-9eeb-5b4313725a90,CUST00054,2026-06-30 19:05:07.379834,1768.09,Electronics,Rose Hill,0
b7e57473-df95-4da2-a899-b79549405331,CUST00186,2026-06-30 19:08:47.379834,7161.77,Restaurant,Mahebourg,1
0623ebd5-7575-4f49-967b-2875adeafa44,CUST00164,2026-06-30 19:18:43.379834,1528.17,Fuel Station,Tamarin,0
800991a3-9f64-49f6-9361-66410f5f0719,CUST00162,2026-06-30 19:26:08.379834,525.63,Travel,Port Louis,0
2b0f74a4-8e61-4ce6-96f3-08b37102c900,CUST00001,2026-06-30 19:33:54.379834,1099.97,Pharmacy,Port Louis,0
b01032f7-537e-47f8-b177-2c7efce5342a,CUST00116,2026-06-30 19:44:13.379834,782.51,ATM Withdrawal,Quatre Bornes,0
5a0f4cd3-81d1-4168-9415-373b0fbaf636,CUST00029,2026-06-30 19:47:32.379834,2791.16,ATM Withdrawal,Flacq,0
1976440b-e1cb-44b0-b556-350992f611fe,CUST00054,2026-06-30 19:48:29.379834,1866.71,Grocery,Rose Hill,0
035712de-7adc-46d4-afc3-dd496d7f966e,CUST00093,2026-06-30 19:51:31.379834,1017.78,Grocery,Rose Hill,0
4d78220d-7ee8-43b6-ade0-55e0f560a143,CUST00199,2026-06-30 19:56:27.379834,1094.86,Fuel Station,Port Louis,0
12a9548e-38cf-472a-b6e8-851cfb40574c,CUST00083,2026-06-30 19:59:33.379834,1286.17,Entertainment,Port Louis,0
c4bd1e80-dd97-4704-987c-f82c0fad6419,CUST00078,2026-06-30 20:01:09.379834,172.27,Restaurant,Flacq,0
14e30916-4b7a-48e2-bfd4-a74573af7549,CUST00181,2026-06-30 20:01:41.379834,854.89,Utility Bill,Rose Hill,0
06a17ccd-a04b-4df2-bc7f-5a22d57d537e,CUST00023,2026-06-30 20:03:19.379834,1102.0,Grocery,Rose Hill,0
a54ba2ed-3382-4690-9680-e9600b8bff27,CUST00078,2026-06-30 20:03:24.379834,343.62,Electronics,Flacq,0
29d2778d-c282-40b8-bfef-4267b7ca545d,CUST00141,2026-06-30 20:17:17.379834,186.61,Entertainment,Quatre Bornes,0
bb0d7891-f3b0-4211-b79b-c903804b2e38,CUST00097,2026-06-30 20:17:29.379834,1667.18,Online Retail,Quatre Bornes,0
24937b14-ef1f-4f5c-b1fe-939e2d3baf9a,CUST00133,2026-06-30 20:23:19.379834,5744.37,Fuel Station,Curepipe,0
f3b3ac45-f84f-4653-993a-1d3c340b282e,CUST00148,2026-06-30 20:24:34.379834,673.45,Travel,Quatre Bornes,0
92478d3b-b73a-4ef7-bf46-371181605ca5,CUST00094,2026-06-30 20:33:11.379834,1956.39,Electronics,Grand Baie,0
6949b58d-b977-4b5b-8943-3f5533dfe913,CUST00143,2026-06-30 20:35:14.379834,1271.95,Electronics,Curepipe,0
9315649c-7267-4748-996d-871de516c556,CUST00185,2026-06-30 20:36:33.379834,1499.07,Utility Bill,Grand Baie,0
eb568992-5f83-4314-b2d1-b90fc73da4cb,CUST00158,2026-06-30 20:50:49.379834,4745.65,Entertainment,Curepipe,0
38a89c78-94d9-4100-9503-718d12c60284,CUST00051,2026-06-30 20:52:07.379834,594.67,Fuel Station,Tamarin,0
52e30256-5c85-4771-839f-9a3aa4c53624,CUST00003,2026-06-30 21:07:45.379834,1145.22,Grocery,Rose Hill,0
0da5e8cd-9d87-4f36-81c0-7bc148fae2e4,CUST00042,2026-06-30 21:44:37.379834,1854.12,Online Retail,Vacoas,0
8aaf076f-9a59-4565-9bd7-d33a335f9873,CUST00026,2026-06-30 22:09:23.379834,1198.24,Restaurant,Vacoas,0
d9a55f8f-bfe2-4605-8f07-8c2c342a9e81,CUST00127,2026-06-30 22:36:40.379834,3045.76,ATM Withdrawal,Mahebourg,0
b19d604e-5bd1-4b73-b772-4ca006a46e38,CUST00160,2026-06-30 22:38:19.379834,2496.74,Electronics,Vacoas,0
325f0a3d-7f35-4890-99d2-cf3662d1bbe2,CUST00009,2026-06-30 22:39:28.379834,174.24,Fuel Station,Tamarin,0
b3943e20-4e19-4b6d-852f-47b3fca29a48,CUST00164,2026-06-30 22:54:13.379834,1245.1,Electronics,Tamarin,0
978701a5-d29d-4c9e-a9ed-0e0a4d6c0d62,CUST00052,2026-06-30 23:07:18.379834,2443.92,ATM Withdrawal,Beau Bassin,0
c104b883-9d80-4525-a2f3-23e27177575b,CUST00186,2026-06-30 23:36:57.379834,1694.97,Pharmacy,Mahebourg,0
9669bbbc-1f9c-4e9a-948a-6f58340466d3,CUST00069,2026-06-30 23:38:01.379834,3415.15,Entertainment,Rose Hill,0
5495152e-0bcb-466f-8465-c8f7780b2489,CUST00081,2026-06-30 23:42:30.379834,3952.82,Online Retail,Rose Hill,0
70698916-04b4-41ba-b543-31c0516d5df9,CUST00083,2026-06-30 23:43:00.379834,743.02,Grocery,Port Louis,0
e4ad514b-4f39-4d04-b8f0-a467c2e60833,CUST00080,2026-06-30 23:43:27.379834,569.48,ATM Withdrawal,Mahebourg,0
a8193f0b-d74b-4af7-8190-c306153a30a6,CUST00072,2026-06-30 23:44:16.379834,2202.81,Fuel Station,Tamarin,0
6a1c00df-bd90-4e31-a3a4-95637185ac26,CUST00001,2026-07-01 00:01:13.379834,1388.27,Restaurant,Port Louis,0
285f90f8-f135-4405-a33b-890c5d088c30,CUST00097,2026-07-01 00:03:26.379834,2597.96,Online Retail,Quatre Bornes,0
61c993cf-e3cc-485c-97d4-a3166ae5213c,CUST00169,2026-07-01 00:12:53.379834,1283.8,Utility Bill,Mahebourg,0
44ba3270-e7b6-41eb-ac49-9500b47de6c6,CUST00127,2026-07-01 00:27:14.379834,2755.83,Travel,Mahebourg,0
d711ba35-5fa8-4dde-8921-f91db4cf51fc,CUST00171,2026-07-01 00:28:38.379834,1076.75,Pharmacy,Quatre Bornes,0
86835946-a861-414e-a6aa-79bd806e08a6,CUST00078,2026-07-01 00:37:03.379834,567.57,Fuel Station,Flacq,1
70243b25-093a-43ff-bb36-a1b7e2436a69,CUST00181,2026-07-01 00:52:24.379834,688.62,Restaurant,Rose Hill,0
0ab5d1a0-f53d-4569-8a9e-54331095121d,CUST00049,2026-07-01 01:05:02.379834,2532.04,Restaurant,Mahebourg,1
7368649c-b56d-493e-b1c7-444e0ff772f6,CUST00056,2026-07-01 01:41:19.379834,552.23,Pharmacy,Port Louis,0
5a03217b-f314-4cfd-b6cb-64c951329105,CUST00070,2026-07-01 01:46:18.379834,875.02,Travel,Vacoas,0
95c115fa-496f-4622-bcb4-3ae341cb6443,CUST00097,2026-07-01 01:48:40.379834,1389.29,Electronics,Quatre Bornes,0
3b179c40-7079-4365-904c-c2c2059b3547,CUST00177,2026-07-01 02:07:34.379834,740.16,Restaurant,Tamarin,0
df34fa96-487d-4097-b09f-6abe0a4a788c,CUST00067,2026-07-01 02:10:18.379834,783.29,Pharmacy,Beau Bassin,0
9c8c3319-4c67-4891-a3f9-a6d3077511af,CUST00178,2026-07-01 02:16:36.379834,1011.67,Entertainment,Flacq,0
4e9f104e-4775-4797-9c89-352a46930da6,CUST00117,2026-07-01 02:37:43.379834,340.56,Entertainment,Quatre Bornes,0
0d6e1c6a-4dc7-4035-9b97-d9bf017fd4eb,CUST00139,2026-07-01 03:06:02.379834,1130.34,Electronics,Vacoas,0
5b40a3b1-f059-4f72-97d0-bea25d11ac5d,CUST00179,2026-07-01 03:09:28.379834,1768.11,Fuel Station,Rose Hill,0
4d22fc7f-af20-449e-bf81-c0d8daa8cfb2,CUST00029,2026-07-01 03:10:02.379834,1991.55,Online Retail,Flacq,0
baf3dd1d-b1f4-42bf-9b6f-918e14d388d3,CUST00013,2026-07-01 03:28:05.379834,1043.49,Fuel Station,Curepipe,0
6306c829-fe27-4217-baa1-0cc812fe1c4e,CUST00024,2026-07-01 03:44:29.379834,2532.54,Utility Bill,Grand Baie,0
63a1f981-524e-4121-ad23-cfd2a465c1a6,CUST00159,2026-07-01 03:49:10.379834,149.96,Travel,Beau Bassin,0
f621e614-fccd-4a6d-aa15-43405fa61edd,CUST00185,2026-07-01 03:50:48.379834,1793.77,Online Retail,Grand Baie,0
60550590-78c9-444a-bb35-12e1a4ab6d88,CUST00139,2026-07-01 04:04:30.379834,2376.24,Restaurant,Vacoas,0
193bc536-ac95-49ee-a903-3b63d375f37f,CUST00050,2026-07-01 04:10:56.379834,845.05,Electronics,Vacoas,0
bff55b9c-5fa5-4045-ae61-4c2c4c0807d6,CUST00167,2026-07-01 04:13:11.379834,393.68,Restaurant,Grand Baie,0
1c8df6bf-ab58-4fa8-beb3-76b5ef78f16a,CUST00120,2026-07-01 04:16:12.379834,5602.87,ATM Withdrawal,Curepipe,1
815e72e7-5c45-49da-b877-75924a7070d4,CUST00174,2026-07-01 04:37:44.379834,2660.25,Entertainment,Quatre Bornes,0
518589fe-f93a-4c36-b708-2fd7dc594b18,CUST00080,2026-07-01 04:38:42.379834,482.98,Online Retail,Mahebourg,0
827e66d7-1ed8-4a96-80f0-1c78281abfba,CUST00081,2026-07-01 05:25:22.379834,3536.89,Electronics,Rose Hill,0
5d01b7b5-9d7e-4e2c-9f69-52f63436b1de,CUST00157,2026-07-01 05:29:05.379834,402.97,Restaurant,Port Louis,0
1b7de47c-cf51-40ed-bc1a-f8a87394d574,CUST00139,2026-07-01 05:29:14.379834,1550.16,Utility Bill,Vacoas,0
e72ca582-4371-43aa-a472-ce6edff9bd14,CUST00150,2026-07-01 05:33:50.379834,2373.74,Entertainment,Quatre Bornes,0
58118a12-f5ae-450b-84f7-0138dc63dfde,CUST00106,2026-07-01 05:35:12.379834,1219.72,Electronics,Tamarin,0
37bda7c2-30ec-411f-947b-4a4e3a3292e6,CUST00134,2026-07-01 05:58:21.379834,206.42,Utility Bill,Vacoas,0
1da27935-dff9-48f7-a97a-84017eaa1ac4,CUST00191,2026-07-01 06:06:46.379834,2635.25,Pharmacy,Curepipe,0
afa7bb19-e4aa-4a0a-96c7-142a44b69e72,CUST00078,2026-07-01 06:08:23.379834,200.6,Electronics,Flacq,0
5d493641-4e8c-4a75-9ae2-47e71475d0b8,CUST00056,2026-07-01 06:20:08.379834,1016.7,ATM Withdrawal,Port Louis,0
cdc36ac1-711e-4144-a37e-3b916e51087b,CUST00162,2026-07-01 06:23:34.379834,476.93,Pharmacy,Port Louis,0
3f82f783-98fc-4281-9155-8104740c2eeb,CUST00077,2026-07-01 06:36:04.379834,1026.62,Fuel Station,Grand Baie,0
7223bba4-9958-493b-b80e-8b29c706f1ed,CUST00171,2026-07-01 06:51:05.379834,1095.47,Grocery,Quatre Bornes,0
516e499e-e659-43d5-8d07-e93ee19fc2f5,CUST00109,2026-07-01 06:51:34.379834,538.76,Online Retail,Rose Hill,0
6521634c-e008-4632-a5bc-d9fdb726514a,CUST00158,2026-07-01 07:08:19.379834,2340.65,Online Retail,Curepipe,0
4c5bb30b-de6b-47e1-a5cc-b8c93ab6d4c0,CUST00059,2026-07-01 07:08:40.379834,2458.29,Entertainment,Curepipe,0
48a6128e-fd54-44ab-a965-9da786d68da7,CUST00099,2026-07-01 07:35:11.379834,1827.81,Electronics,Quatre Bornes,0
ff930dfc-69c3-4a8c-8598-defe24f84e33,CUST00004,2026-07-01 07:43:43.379834,2321.94,Electronics,Rose Hill,0
d8ea9a24-7f41-487b-b8a9-973fd364dae7,CUST00106,2026-07-01 07:50:46.379834,1081.04,Travel,Tamarin,0
93409e42-80d9-482c-8cc6-da6697eb4fd6,CUST00103,2026-07-01 07:57:51.379834,756.88,ATM Withdrawal,Vacoas,0
9dcbab05-eb6a-465c-b2d8-41be23245328,CUST00008,2026-07-01 08:01:33.379834,1389.52,Pharmacy,Curepipe,0
9cf7d10f-2b46-4347-9014-46aff880b053,CUST00034,2026-07-01 08:09:50.379834,1978.49,Fuel Station,Beau Bassin,0
675bc471-d031-4ec9-8318-cb9989cef333,CUST00134,2026-07-01 08:10:04.379834,123.29,Restaurant,Vacoas,0
fe2cc302-7671-45cf-8fc5-0e23891462ab,CUST00040,2026-07-01 08:11:01.379834,2256.81,Travel,Beau Bassin,0
4000e387-a372-4d4b-8816-4074a233342d,CUST00177,2026-07-01 08:17:47.379834,730.2,Pharmacy,Tamarin,0
06cb39c2-6e1a-4664-bf08-d0a6d80570ba,CUST00169,2026-07-01 08:20:02.379834,2075.96,Utility Bill,Mahebourg,0
b5760e07-372c-487b-86f0-0c6e1f52678a,CUST00077,2026-07-01 08:24:34.379834,924.53,Online Retail,Grand Baie,0
5595d8a4-f016-489b-9329-0e6556e5078b,CUST00188,2026-07-01 08:27:58.379834,437.58,Fuel Station,Curepipe,0
76f9a0fd-ebc9-4f2c-a991-f1e1df943f1e,CUST00093,2026-07-01 08:28:15.379834,1733.34,Utility Bill,Rose Hill,0
3abd35e7-eeaf-4441-9884-7726d6446b88,CUST00076,2026-07-01 08:47:16.379834,750.96,Restaurant,Quatre Bornes,0
ddea654b-e62b-4320-a079-3876723c9215,CUST00132,2026-07-01 08:58:30.379834,1820.43,Fuel Station,Beau Bassin,0
ff42804a-ae90-4845-a11a-a21fa3317f4a,CUST00143,2026-07-01 09:10:23.379834,463.28,Entertainment,Curepipe,0
ee84dbcf-fde5-4266-9a00-c8d1932288be,CUST00169,2026-07-01 09:18:27.379834,2337.97,Utility Bill,Mahebourg,0
df6221b8-41b9-44ca-b671-e81a1c8e957e,CUST00074,2026-07-01 09:37:41.379834,4999.38,Grocery,Mahebourg,0
b7dc669f-2575-422b-87e4-514cda691423,CUST00118,2026-07-01 09:43:01.379834,2176.79,Utility Bill,Flacq,0
d2457dc6-b6af-49bd-a6e4-90ce0561de31,CUST00153,2026-07-01 09:57:49.379834,3681.76,Utility Bill,Port Louis,0
372781ff-d10f-4f9f-a8e9-36e83865e00e,CUST00029,2026-07-01 09:58:30.379834,2027.02,Restaurant,Flacq,0
19f61d9e-9c1d-47e6-b8ce-1d55613d9b5d,CUST00151,2026-07-01 10:29:28.379834,7641.5,Fuel Station,Mahebourg,0
14cf2774-98da-4091-aacb-07540207763b,CUST00023,2026-07-01 11:07:37.379834,1840.9,ATM Withdrawal,Rose Hill,1
1b718c49-c68f-4ec7-ab41-fcfce2a63a9d,CUST00092,2026-07-01 11:17:22.379834,804.69,Travel,Beau Bassin,0
8d34cb89-3b15-41f6-b649-f465669439dc,CUST00114,2026-07-01 11:20:27.379834,642.83,Restaurant,Port Louis,0
1f43b717-64e4-4367-8a42-66774678eb88,CUST00025,2026-07-01 11:21:13.379834,1401.66,Restaurant,Tamarin,0
1b8c16fa-c2b4-4dcb-bef6-5f4f344d3315,CUST00114,2026-07-01 11:39:55.379834,1794.65,Entertainment,Port Louis,0
b73a6390-87e3-41cb-a5fa-593b2cc5aadf,CUST00118,2026-07-01 12:04:29.379834,2046.2,Travel,Flacq,0
fef508d5-aafc-4dd3-acd1-5e5c4ad7b8ac,CUST00067,2026-07-01 12:05:56.379834,1945.46,Online Retail,Beau Bassin,0
308ccf38-2d6d-4c3a-89ee-fc92f9c3e839,CUST00058,2026-07-01 12:40:08.379834,2201.17,Utility Bill,Vacoas,0
7e2948ea-b90f-4fd7-bb82-bf09879cf834,CUST00090,2026-07-01 12:47:34.379834,1814.76,Pharmacy,Rose Hill,0
04fef666-0bcc-4cc7-8e4f-962c67db29c0,CUST00177,2026-07-01 12:48:31.379834,1316.62,Restaurant,Tamarin,0
93988b01-4a8c-4900-a29e-8195ca28def1,CUST00117,2026-07-01 12:52:03.379834,306.7,Utility Bill,Quatre Bornes,0
3087294d-3ae4-425d-bc1e-16241b5f90ee,CUST00091,2026-07-01 12:54:31.379834,1282.3,Entertainment,Tamarin,0
d899ba0b-79f7-4b15-845b-7e7b6dbe9f12,CUST00179,2026-07-01 12:58:23.379834,1222.37,Fuel Station,Rose Hill,0
dfa87d8a-d0cb-4484-9dcc-2400d177a1b1,CUST00193,2026-07-01 13:03:32.379834,649.15,Online Retail,Port Louis,0
99215984-9a57-41dc-a409-9abd722d65cd,CUST00195,2026-07-01 13:11:57.379834,1248.55,Entertainment,Mahebourg,0
ace271eb-9b2d-487a-9759-2cc8ab3f086d,CUST00151,2026-07-01 13:28:37.379834,3216.19,ATM Withdrawal,Mahebourg,0
d6f85a19-6cbb-4f83-a71a-4c271e1c9ac6,CUST00169,2026-07-01 13:38:40.379834,2140.46,ATM Withdrawal,Mahebourg,0
8dfb6159-41a8-41cb-83cb-a1fe2885dae2,CUST00023,2026-07-01 13:40:01.379834,1520.09,Utility Bill,Rose Hill,0
49801b95-daf6-4d02-8559-8214f4e935a4,CUST00125,2026-07-01 13:43:52.379834,3951.02,Grocery,Mahebourg,0
22727c86-b59f-4500-8de0-db25a0503ac9,CUST00017,2026-07-01 13:44:48.379834,1337.92,Utility Bill,Tamarin,0
d97d9f01-f814-4dfc-9122-e81d556018bc,CUST00134,2026-07-01 14:02:47.379834,184.3,Pharmacy,Vacoas,0
461803c9-427f-4f63-9a60-867679a1554f,CUST00084,2026-07-01 14:02:47.379834,1860.67,Utility Bill,Rose Hill,0
0e029f51-ee25-4c6c-b234-778544f4bc88,CUST00187,2026-07-01 14:04:37.379834,1535.36,ATM Withdrawal,Grand Baie,0
7e7dcf30-f3a0-421c-a841-24b8a2d14f85,CUST00050,2026-07-01 14:35:23.379834,914.8,Grocery,Vacoas,0
28aec3ff-0de2-41ad-bda2-90f5e8311f04,CUST00161,2026-07-01 14:38:29.379834,280.09,ATM Withdrawal,Rose Hill,0
368a71d5-d057-4b23-b426-bf52f521f012,CUST00019,2026-07-01 14:50:27.379834,395.2,Restaurant,Mahebourg,0
da9e07cc-3e67-49bd-b6eb-9b2b5e2ff462,CUST00194,2026-07-01 14:52:32.379834,2277.64,Fuel Station,Tamarin,0
3f91e64d-b816-4042-8d1e-1b0e8ab0d47a,CUST00048,2026-07-01 14:58:45.379834,1502.83,Pharmacy,Curepipe,0
940efb0b-692c-4645-8ac2-b91f60d74ccc,CUST00000,2026-07-01 15:15:49.379834,1041.71,Travel,Curepipe,0
313e4170-e8ca-44ca-81c8-5de6e83adb40,CUST00056,2026-07-01 15:34:14.379834,766.66,Fuel Station,Port Louis,0
24a86a95-96ce-491a-9681-028600becb87,CUST00178,2026-07-01 15:35:19.379834,1020.48,Restaurant,Flacq,0
9baddbd3-884f-4caf-a463-73125493b9ea,CUST00157,2026-07-01 15:44:21.379834,499.1,Utility Bill,Port Louis,0
e231224e-145d-494c-9558-2b52e47f6b0e,CUST00004,2026-07-01 15:55:04.379834,4735.99,Entertainment,Rose Hill,0
41897185-7812-4774-8a28-71f149228336,CUST00193,2026-07-01 16:32:35.379834,731.6,Travel,Port Louis,0
db79832f-c088-4eb4-9c90-1c12d1785661,CUST00147,2026-07-01 16:37:33.379834,422.3,Fuel Station,Rose Hill,0
33b63508-a225-469e-9de3-29f87b8fc948,CUST00001,2026-07-01 16:40:44.379834,1589.96,Travel,Port Louis,0
f19e9ad5-5f60-47ce-b403-24d68ea0af8c,CUST00016,2026-07-01 16:42:10.379834,331.74,Entertainment,Mahebourg,0
6b523edd-db94-4d25-85e5-1d8030b0ed0a,CUST00197,2026-07-01 16:44:14.379834,590.2,Restaurant,Tamarin,0
97154afd-a445-4a12-bf3b-2f6f39a54509,CUST00054,2026-07-01 16:48:41.379834,1182.46,Pharmacy,Rose Hill,0
6b3dbcc1-e60d-4e6d-8166-eb9e30b7f050,CUST00172,2026-07-01 16:49:27.379834,393.21,Pharmacy,Grand Baie,0
8ed3240a-1109-47bc-92dd-a2282b9b2fb4,CUST00130,2026-07-01 16:51:22.379834,1482.95,Utility Bill,Mahebourg,0
e2eb9b64-d742-42cc-896f-0561413139aa,CUST00012,2026-07-01 17:01:15.379834,3789.46,Online Retail,Port Louis,0
ae01580f-594f-412b-b0d7-110d308ccc53,CUST00026,2026-07-01 17:06:13.379834,1280.18,ATM Withdrawal,Vacoas,0
dd029d20-2fdd-4382-9681-99ec8036583c,CUST00022,2026-07-01 17:12:05.379834,185.0,Utility Bill,Flacq,0
75322a25-4203-4f03-b67f-8c9b301da200,CUST00124,2026-07-01 17:15:08.379834,2115.58,Pharmacy,Grand Baie,0
5627828d-7af7-4519-aaf7-024286530fcc,CUST00173,2026-07-01 17:20:57.379834,3079.77,Travel,Mahebourg,0
0beed287-08f8-4fa6-864e-8d36076739a5,CUST00015,2026-07-01 17:32:30.379834,1095.88,Electronics,Rose Hill,0
d32d9012-c076-479c-b4c7-fe9b082d2074,CUST00015,2026-07-01 17:53:49.379834,634.94,Utility Bill,Rose Hill,0
e6f05151-9a0e-487f-9fc8-e0f24d930a7e,CUST00171,2026-07-01 18:05:21.379834,499.79,Fuel Station,Quatre Bornes,0
c1b1d9b6-4f26-4039-9b43-c4f3ee900740,CUST00074,2026-07-01 18:08:28.379834,3087.23,Fuel Station,Mahebourg,0
b9051eff-9632-4cc9-a1cf-08df37aaad22,CUST00135,2026-07-01 18:40:11.379834,829.87,Online Retail,Flacq,0
88e4bf74-a4e6-4114-ae5d-32b1bdb0b11c,CUST00012,2026-07-01 18:41:07.379834,3970.83,Pharmacy,Port Louis,0
6b78eb68-1ce2-4607-a770-e59bcf26d47f,CUST00039,2026-07-01 18:47:21.379834,906.21,Restaurant,Beau Bassin,0
5e40bf46-b433-4a39-96a2-8fee590fc39e,CUST00172,2026-07-01 19:10:35.379834,1047.97,Entertainment,Grand Baie,0
2ee4b185-3020-4a54-8f76-e6ef85e5b466,CUST00148,2026-07-01 19:20:20.379834,747.71,Online Retail,Quatre Bornes,0
ad152f46-1b54-4fc1-b6d8-837079d74601,CUST00052,2026-07-01 19:28:30.379834,1879.94,Online Retail,Beau Bassin,0
d0d9a634-4634-43fb-b803-b593713be49f,CUST00151,2026-07-01 19:40:37.379834,3648.27,Electronics,Mahebourg,0
91a987a7-f418-4a04-bf8a-7e72f3b389b3,CUST00131,2026-07-01 20:03:19.379834,443.8,Online Retail,Vacoas,0
e636fe6f-4f1b-460c-99ad-1cb4781165de,CUST00113,2026-07-01 20:10:10.379834,3026.63,Restaurant,Curepipe,0
7a22db56-209c-4eca-8263-06905264de64,CUST00046,2026-07-01 20:37:04.379834,2537.01,ATM Withdrawal,Curepipe,0
38b62135-af97-4735-aed5-0513209ca764,CUST00198,2026-07-01 20:42:48.379834,1847.47,Grocery,Rose Hill,0
6ca4b150-99b2-4fcb-8f43-a2077882442f,CUST00037,2026-07-01 20:45:57.379834,1247.52,Entertainment,Flacq,0
ab43017d-fb5f-4cb5-a1f4-5f411776bce0,CUST00127,2026-07-01 20:47:17.379834,2031.83,Fuel Station,Mahebourg,0
12dff9f2-260f-4add-8246-196540adc3b4,CUST00105,2026-07-01 21:17:22.379834,1735.75,Online Retail,Flacq,0
4df7a359-547b-479c-9e80-bd1f95a7d2a5,CUST00194,2026-07-01 21:24:02.379834,1993.29,Entertainment,Tamarin,0
0acb8c23-ed83-4180-8522-8b0640a59743,CUST00022,2026-07-01 21:25:31.379834,324.1,Electronics,Flacq,0
898fb604-b66e-4d5f-b080-d05a5b7da71b,CUST00019,2026-07-01 21:28:20.379834,655.99,Fuel Station,Mahebourg,0
729f56e0-c895-466d-83d8-70b4d76bcaa6,CUST00010,2026-07-01 21:30:32.379834,657.57,Online Retail,Flacq,0
10edffb8-d259-47da-8bfa-148a4e5075d2,CUST00126,2026-07-01 21:41:05.379834,2521.07,Utility Bill,Vacoas,0
d31f0bdd-7f81-4b65-bcea-2efd6deb3526,CUST00091,2026-07-01 21:43:15.379834,1801.34,Entertainment,Tamarin,0
f0c4e945-31e8-4215-b17a-fb40975b9e4c,CUST00148,2026-07-01 21:43:56.379834,616.16,ATM Withdrawal,Quatre Bornes,0
f5e4f2ac-b9e0-4e8a-bee5-94778ac69232,CUST00123,2026-07-01 21:44:18.379834,599.16,Utility Bill,Tamarin,0
0d4ab1da-beea-4b08-8f7f-c1e6bc18ed1a,CUST00020,2026-07-01 21:44:39.379834,2830.62,Grocery,Rose Hill,0
02c746f0-df41-460d-b899-f7b793ceaefa,CUST00009,2026-07-01 22:02:05.379834,68.48,Pharmacy,Tamarin,0
33d4f8b0-1704-4f24-a3a3-aa6e1f6016b3,CUST00048,2026-07-01 22:12:51.379834,1261.26,Restaurant,Curepipe,0
a0dd3cc6-7ecd-4365-a4e9-67cc7d173909,CUST00029,2026-07-01 22:31:04.379834,2353.75,Travel,Flacq,0
65d225ce-4dfe-4a4d-819e-c06e4936249d,CUST00034,2026-07-01 22:31:40.379834,2722.87,Electronics,Beau Bassin,0
09c8a2cc-a368-4573-ac7b-b72b418d8d6c,CUST00157,2026-07-01 22:35:06.379834,281.57,Travel,Port Louis,0
8a2b63f7-e630-48da-8ddf-ec7cfee3fc58,CUST00071,2026-07-01 22:44:30.379834,1548.82,Fuel Station,Curepipe,0
4a642daf-2fe8-4346-9e48-7f427622d8f7,CUST00043,2026-07-01 22:58:19.379834,953.74,Grocery,Port Louis,0
adc6ffd0-984e-4d95-9a41-aa82edb58d85,CUST00114,2026-07-01 23:08:25.379834,2700.75,ATM Withdrawal,Port Louis,0
5deb431a-4b59-49b5-8521-d489d1d31ca4,CUST00053,2026-07-01 23:16:22.379834,1156.49,Pharmacy,Tamarin,0
a3f0add0-d8a2-4a7f-aec8-d7d4570db5e8,CUST00043,2026-07-01 23:26:20.379834,550.34,Travel,Port Louis,0
2d796764-74cb-45c3-b604-9758d0fc1c2a,CUST00094,2026-07-01 23:52:51.379834,1403.76,Travel,Grand Baie,0
ba741618-b640-41a8-9ca6-07ab0b119bcf,CUST00068,2026-07-01 23:54:24.379834,1593.27,Online Retail,Beau Bassin,0
6dd549ba-c002-46d3-b784-f85469cbb361,CUST00127,2026-07-02 00:05:55.379834,2546.8,Restaurant,Mahebourg,0
42f915f3-3cf6-4bc4-9c13-9274e2eb5e44,CUST00121,2026-07-02 00:07:28.379834,2430.01,Entertainment,Flacq,0
b60d58b5-8e48-47b8-bdeb-0f9a7912b14e,CUST00102,2026-07-02 00:21:32.379834,609.59,Fuel Station,Mahebourg,0
04059f47-430b-4fa7-ab94-36263ec352a2,CUST00120,2026-07-02 00:21:37.379834,557.77,Online Retail,Curepipe,0
d6a0602c-a4f7-4726-b0d0-deb6890d310b,CUST00016,2026-07-02 00:23:49.379834,773.96,ATM Withdrawal,Mahebourg,0
f4eba69f-e40a-4de2-8460-aa6e7c13fdc8,CUST00001,2026-07-02 00:30:22.379834,1365.16,Online Retail,Port Louis,0
93c46f7c-139b-4ded-a395-c97c4cf4febe,CUST00068,2026-07-02 00:33:28.379834,1147.92,Travel,Beau Bassin,0
58115bf2-5e47-4f89-9a4a-ecbeb64f4227,CUST00111,2026-07-02 00:41:52.379834,2386.95,Pharmacy,Mahebourg,0
1e98981b-6d27-408d-bf4b-1e494636ea39,CUST00014,2026-07-02 01:02:02.379834,1244.44,Online Retail,Rose Hill,0
1d01c629-c236-46ac-aeb1-b3f0d16f36db,CUST00190,2026-07-02 01:23:44.379834,3835.07,ATM Withdrawal,Rose Hill,0
b7e117f8-de3f-44c4-b00d-b39b5355e9b5,CUST00048,2026-07-02 01:32:48.379834,1620.08,Fuel Station,Curepipe,0
45248368-3eaf-4dee-9203-b9352e581db5,CUST00179,2026-07-02 01:34:50.379834,1562.47,Pharmacy,Rose Hill,0
22ad32a9-d116-480b-96c7-b58e78a90cb2,CUST00002,2026-07-02 01:35:59.379834,1401.59,Grocery,Vacoas,0
f3987f58-ea24-4e49-ac4e-bcd92a13f206,CUST00080,2026-07-02 01:44:19.379834,268.59,Grocery,Mahebourg,0
21dc6458-c584-437c-81cc-c7ed30794f7a,CUST00034,2026-07-02 01:57:22.379834,3261.4,Fuel Station,Beau Bassin,0
d540c2cf-b566-480a-aa9b-02a4f2aa63ef,CUST00111,2026-07-02 01:59:53.379834,707.3,Travel,Mahebourg,0
24e06737-759c-46ef-8723-4b61cfb1aac1,CUST00194,2026-07-02 02:01:47.379834,4696.78,Online Retail,Tamarin,0
0b885f9e-31c4-40e3-9633-c76f1c67fb6d,CUST00147,2026-07-02 02:08:51.379834,598.59,Electronics,Rose Hill,0
0711f1a2-c456-4dfe-91f4-a45a881ef471,CUST00177,2026-07-02 02:09:11.379834,956.67,Utility Bill,Tamarin,0
9a56b66c-cb1c-4c03-a5cf-3ff206399ea3,CUST00112,2026-07-02 02:11:42.379834,1161.64,Pharmacy,Grand Baie,0
68e6cb8d-f296-491d-afa0-f7dcb19b2dbc,CUST00178,2026-07-02 02:13:27.379834,556.56,Grocery,Flacq,0
91290d9b-617f-47b7-a4ee-bd652d92dc55,CUST00135,2026-07-02 02:22:47.379834,1756.02,Restaurant,Flacq,1
554c51af-edb6-4f35-9157-5677f5a44a03,CUST00005,2026-07-02 02:29:49.379834,2021.01,Online Retail,Quatre Bornes,0
16f6538a-2b2e-4b9e-b63c-6980b4e491cf,CUST00089,2026-07-02 02:36:57.379834,2448.33,Grocery,Curepipe,0
250145a7-256c-494b-b077-ed0a8b983a0a,CUST00124,2026-07-02 02:57:03.379834,2330.09,Grocery,Grand Baie,0
2ca7311c-ebe6-4d0d-a229-461cf73426dc,CUST00081,2026-07-02 03:32:40.379834,5324.96,Grocery,Rose Hill,0
495d864d-de05-46bd-be42-8f2e719a19c0,CUST00058,2026-07-02 03:52:36.379834,1710.16,Travel,Vacoas,0
bacbfe6f-c89c-48f4-b059-25a59219f51d,CUST00085,2026-07-02 03:58:59.379834,592.89,Electronics,Port Louis,0
1cca855a-c2de-4b18-a3b2-4a32e25fcd0a,CUST00189,2026-07-02 04:02:44.379834,4777.37,Grocery,Rose Hill,0
615255dc-024c-48ef-9323-a1b45fdfe978,CUST00193,2026-07-02 04:04:02.379834,837.65,Grocery,Port Louis,0
b36a6d85-4307-4075-9b42-5f006f420e74,CUST00194,2026-07-02 04:08:30.379834,2367.96,Electronics,Tamarin,0
0e5c9fe6-9e47-4bd9-b1b8-9db8e3c923e7,CUST00133,2026-07-02 04:14:43.379834,6720.99,Online Retail,Curepipe,0
83f4c20c-7b6a-4991-81e3-9157d5e35b0a,CUST00157,2026-07-02 04:18:17.379834,713.52,Travel,Port Louis,0
8f1705e3-00cc-49ce-b95d-911464324e53,CUST00140,2026-07-02 04:21:57.379834,1055.67,Grocery,Mahebourg,0
08b64c78-06ef-4016-bd86-0f418d1fe5af,CUST00082,2026-07-02 04:22:50.379834,827.23,Pharmacy,Beau Bassin,0
23a256a8-3c0d-4415-bc25-eed76f658c1e,CUST00074,2026-07-02 04:38:55.379834,3359.21,Electronics,Mahebourg,0
b322b06f-5185-4994-bfa6-fb61b5e80e0e,CUST00154,2026-07-02 04:40:02.379834,732.81,Electronics,Tamarin,0
6a31dff3-800e-4f3d-87fa-fefdd53642bd,CUST00143,2026-07-02 04:41:38.379834,430.16,Travel,Curepipe,0
a0c65222-c5d3-4500-bad0-b22fff24f266,CUST00114,2026-07-02 05:04:52.379834,1738.25,Travel,Port Louis,0
31a03be6-3987-4feb-b64a-67c52b03c4a6,CUST00020,2026-07-02 05:20:16.379834,3348.5,Entertainment,Rose Hill,0
cd34d06b-192b-4611-a917-1e0c428e19e9,CUST00133,2026-07-02 05:26:03.379834,7579.88,Travel,Curepipe,0
e3b6ee8d-eb1d-4ab6-bfc3-e9afc3daa5b3,CUST00059,2026-07-02 05:28:32.379834,2782.18,Utility Bill,Curepipe,0
28cc66b1-19ad-4b7b-a1f8-a6cf0e428bb9,CUST00125,2026-07-02 05:37:37.379834,3282.54,Grocery,Mahebourg,0
7f96a8d4-fb3b-4d22-9ba7-2a06f747ccc4,CUST00177,2026-07-02 05:38:51.379834,807.77,Online Retail,Tamarin,0
2410ac5a-1359-49c8-a6cf-c6df748a0d2b,CUST00137,2026-07-02 06:02:34.379834,913.69,Fuel Station,Grand Baie,0
d06b7c1e-81c5-4950-8f93-4c480084f355,CUST00047,2026-07-02 06:12:25.379834,1357.22,Travel,Flacq,0
4981f632-5a90-4969-9d83-20b422e9d993,CUST00085,2026-07-02 06:12:34.379834,386.06,Entertainment,Port Louis,0
bedfa9b0-70ea-4352-8e5a-d737706679ba,CUST00180,2026-07-02 06:15:00.379834,1064.88,Travel,Mahebourg,0
dfc9bb5a-808f-44a7-880f-700a894c0057,CUST00163,2026-07-02 06:23:32.379834,1679.02,Grocery,Rose Hill,0
2722b195-4be6-4eb7-bb9b-3acfa40587ea,CUST00054,2026-07-02 06:27:18.379834,1471.85,ATM Withdrawal,Rose Hill,0
bf69fd87-72ac-40dd-8464-95d35d83a8f9,CUST00051,2026-07-02 06:46:52.379834,1067.94,Pharmacy,Tamarin,0
c6474f1d-2cf4-4836-a0f5-ab3cfa56b257,CUST00027,2026-07-02 06:49:07.379834,954.33,Restaurant,Port Louis,0
0fd2ff86-40f7-48cb-844b-24bccf3e19e7,CUST00140,2026-07-02 06:52:23.379834,788.39,Grocery,Mahebourg,0
9c8bd0df-5457-4068-9fdd-93b05e390373,CUST00140,2026-07-02 06:54:23.379834,788.39,Grocery,Mahebourg,1
c703f4ce-46f5-454a-8cd6-2b4fce3c8edf,CUST00140,2026-07-02 06:56:23.379834,788.39,Grocery,Mahebourg,1
3a696fa4-834d-441d-8b3c-e0505249da2b,CUST00140,2026-07-02 07:00:23.379834,788.39,Grocery,Mahebourg,1
6ae432fb-25b8-4c4a-8901-d609e11b449d,CUST00034,2026-07-02 07:00:31.379834,1787.17,Electronics,Beau Bassin,0
f8a16781-ede7-4832-9377-4554ca7fe409,CUST00140,2026-07-02 07:10:23.379834,788.39,Grocery,Mahebourg,1
710c27c2-b88f-4283-9468-4f8501562684,CUST00078,2026-07-02 07:14:21.379834,263.21,Travel,Flacq,0
50926b0f-9e9e-4e1a-9177-00dae3caa12e,CUST00117,2026-07-02 07:26:32.379834,345.01,Utility Bill,Quatre Bornes,0
8eadc737-64a5-4500-b3ed-556da4c5e6cd,CUST00140,2026-07-02 07:32:23.379834,788.39,Grocery,Mahebourg,1
716f179a-3cfa-4635-94b0-afb564446522,CUST00098,2026-07-02 07:34:05.379834,320.82,Entertainment,Vacoas,0
215fa6aa-4a58-43c1-a163-c7c97ca58fc4,CUST00063,2026-07-02 07:35:36.379834,1513.91,Utility Bill,Vacoas,0
c1a55fcd-a187-4999-8771-aec0f4187d27,CUST00018,2026-07-02 07:36:20.379834,1261.13,Pharmacy,Port Louis,0
68f088d1-9a95-4090-a240-0e866b5e8f4d,CUST00198,2026-07-02 08:02:19.379834,1413.67,Electronics,Rose Hill,0
34d7a9b2-375e-43d3-ab28-9a8ddce83708,CUST00008,2026-07-02 08:32:44.379834,1206.17,Fuel Station,Curepipe,0
f537c048-624b-4405-b19c-cec4b44871ac,CUST00048,2026-07-02 08:34:36.379834,1734.03,Online Retail,Curepipe,0
8439075e-e016-46d2-8fa3-4ff254057a34,CUST00056,2026-07-02 08:36:13.379834,894.84,Entertainment,Port Louis,0
4d48ec50-7db4-4ef3-97a9-616f5964462f,CUST00053,2026-07-02 08:39:52.379834,2006.23,Online Retail,Tamarin,0
0109a8c9-fbf9-4953-b43d-660d3adacdfb,CUST00046,2026-07-02 08:49:08.379834,1723.73,Travel,Curepipe,0
2d3bc84f-06d7-42fe-9a64-ade06f7e4475,CUST00084,2026-07-02 08:58:19.379834,3270.32,Utility Bill,Rose Hill,0
9a788e2c-1904-4295-aced-ca86231ac253,CUST00189,2026-07-02 09:20:48.379834,4089.0,Pharmacy,Rose Hill,0
d2647c49-4fb3-4790-8231-7ba82019aed4,CUST00153,2026-07-02 09:35:38.379834,2752.14,Grocery,Port Louis,0
8baded29-42cf-409a-88a7-c0248c9218e0,CUST00168,2026-07-02 09:46:15.379834,1150.75,Entertainment,Curepipe,0
feeff05a-64e0-4f1f-96a5-87e4d92e453f,CUST00084,2026-07-02 09:46:45.379834,3484.43,Entertainment,Rose Hill,0
07fd1052-55bb-461b-9f82-dd935599e0b2,CUST00081,2026-07-02 09:49:37.379834,4851.23,Fuel Station,Rose Hill,0
1fbfaf38-f511-478f-b4d2-2fdb7e61355f,CUST00118,2026-07-02 09:59:52.379834,2427.81,Pharmacy,Flacq,0
ff09c1ad-3dc9-4a23-9cb7-fe85bf0b0ae0,CUST00116,2026-07-02 10:05:38.379834,978.73,ATM Withdrawal,Quatre Bornes,0
f00864a9-46d8-430e-b88e-bbf321ae5fd1,CUST00094,2026-07-02 10:10:32.379834,2208.12,Pharmacy,Grand Baie,0
9f63040a-3979-40f9-9d66-82265fec8f4e,CUST00199,2026-07-02 10:19:54.379834,822.14,ATM Withdrawal,Port Louis,0
7abc1149-ce35-44e5-8e1f-0f82e8bd4c67,CUST00041,2026-07-02 10:22:37.379834,3121.88,ATM Withdrawal,Tamarin,0
0d1073fe-3668-4f29-8a18-c440183e1384,CUST00147,2026-07-02 10:27:31.379834,924.19,Grocery,Rose Hill,0
74cf6859-2193-427c-b157-ed7eb91fe5f1,CUST00163,2026-07-02 10:28:13.379834,3177.59,Travel,Rose Hill,0
f3be113b-f29d-424b-bb01-aa9f112dfd7a,CUST00183,2026-07-02 10:39:22.379834,2383.42,ATM Withdrawal,Flacq,0
e0300e40-ca34-42b5-93b3-bbb27c5c6c82,CUST00016,2026-07-02 10:54:15.379834,822.79,Online Retail,Mahebourg,0
61886886-d9c2-4e9e-a380-459a110ee55f,CUST00168,2026-07-02 11:00:54.379834,668.1,ATM Withdrawal,Curepipe,0
9144112a-750a-47b9-ae7b-6740576ec7dd,CUST00156,2026-07-02 11:05:33.379834,2009.68,Pharmacy,Grand Baie,0
9c6bf048-75ed-44a1-a076-4c5f55a9f5cc,CUST00195,2026-07-02 11:16:51.379834,757.47,Travel,Mahebourg,0
b24d43cd-617b-478a-be24-cf6de342fe1d,CUST00175,2026-07-02 11:18:42.379834,1926.58,ATM Withdrawal,Vacoas,0
c6b44c16-747e-43e6-a29b-abdd51e078dc,CUST00107,2026-07-02 11:19:49.379834,3375.93,Grocery,Flacq,0
a16de6b5-ac8e-407e-a56b-bb47bf5c128c,CUST00129,2026-07-02 11:31:17.379834,1997.5,Grocery,Curepipe,0
c96fc9b7-1047-4821-bc5b-86277dc1fe0d,CUST00065,2026-07-02 11:32:21.379834,1440.36,Entertainment,Beau Bassin,0
6cd33ada-607a-45e4-b246-9876efafecfa,CUST00153,2026-07-02 11:37:17.379834,2840.34,Travel,Port Louis,0
b4d45e2f-7b06-4f02-b52f-c175f8906014,CUST00022,2026-07-02 12:00:39.379834,263.74,Online Retail,Flacq,0
326f0bb9-fedf-4412-bef7-403e0064a4ac,CUST00197,2026-07-02 12:10:56.379834,570.53,Travel,Tamarin,0
84ac206a-0e31-4e44-a02c-dca5c02b07fb,CUST00150,2026-07-02 12:15:04.379834,2224.31,Utility Bill,Quatre Bornes,0
91e919e5-e830-4913-9418-d2feb3186393,CUST00092,2026-07-02 12:18:22.379834,850.14,Restaurant,Beau Bassin,0
3ee8504d-3939-470c-be18-c34e82a11e45,CUST00155,2026-07-02 12:18:28.379834,2264.18,Fuel Station,Beau Bassin,0
34dd1271-a501-45c1-86ab-2a76ca166a1f,CUST00179,2026-07-02 12:38:18.379834,772.43,Pharmacy,Rose Hill,0
e5a67ceb-4d9d-4ce3-a885-be55af8f4801,CUST00179,2026-07-02 12:45:53.379834,1708.52,Travel,Rose Hill,0
47f1e40e-5ce7-449d-96ee-2004336b117e,CUST00164,2026-07-02 12:54:20.379834,833.18,Restaurant,Tamarin,0
e460789d-72e9-447d-9e14-e6342b2526e4,CUST00093,2026-07-02 13:10:40.379834,1609.13,Travel,Rose Hill,0
cf8390de-4f34-4bb4-b646-6fb08569cdb2,CUST00085,2026-07-02 13:20:59.379834,294.21,Entertainment,Port Louis,0
013cff2b-f65f-49c8-8015-b206d0c090be,CUST00182,2026-07-02 13:36:57.379834,3592.19,Restaurant,Vacoas,0
62a23b52-9a06-44aa-ada5-81fd6cee2b46,CUST00050,2026-07-02 13:52:21.379834,490.11,Travel,Vacoas,0
9ed8f666-ed31-48bc-94d5-7ebec846b722,CUST00121,2026-07-02 14:04:30.379834,1834.95,Online Retail,Flacq,0
94510fee-3f9a-40be-a8f1-2c1580764051,CUST00194,2026-07-02 14:20:24.379834,1956.04,Entertainment,Tamarin,0
aed830d5-49f5-40bc-a0d6-e54deea7fc78,CUST00021,2026-07-02 14:24:41.379834,484.67,Pharmacy,Mahebourg,0
33f031c6-b341-49df-9167-341f7eaffdca,CUST00074,2026-07-02 14:32:36.379834,3823.69,ATM Withdrawal,Mahebourg,0
970a3f0e-ed6b-4a80-9b79-55bafabfd7ec,CUST00009,2026-07-02 15:03:01.379834,122.62,Online Retail,Tamarin,0
e25f763c-5015-4f41-84d5-c234fc18fee2,CUST00157,2026-07-02 15:03:09.379834,414.12,Utility Bill,Port Louis,0
9d53d895-2839-4c43-8536-b2b46b7dc694,CUST00054,2026-07-02 15:03:40.379834,844.79,Pharmacy,Rose Hill,0
c1f01645-8677-41c3-87f2-d321a2111948,CUST00081,2026-07-02 15:20:38.379834,2398.29,Entertainment,Rose Hill,0
a3b0fb90-36be-461c-adf2-a75977d88fea,CUST00178,2026-07-02 15:21:43.379834,1161.69,Travel,Flacq,0
7463c8f2-f685-4ed5-971d-ed9e37bfa9c4,CUST00130,2026-07-02 15:50:04.379834,2168.05,Pharmacy,Mahebourg,0
f15dae7e-c641-4352-9984-7526144e13a1,CUST00097,2026-07-02 15:59:56.379834,1829.8,Online Retail,Quatre Bornes,0
cdba1382-96b8-4596-91ac-a34fb11a6c08,CUST00032,2026-07-02 16:03:58.379834,1139.78,ATM Withdrawal,Quatre Bornes,0
3d2fe05c-4eb7-40d2-b77a-7424477a73c6,CUST00033,2026-07-02 16:20:40.379834,3832.69,Grocery,Rose Hill,1
571dffaa-e9ea-4f6c-94ff-e8a2b92b4388,CUST00177,2026-07-02 16:25:24.379834,724.16,Online Retail,Tamarin,0
039f1c72-2b79-4914-910b-de0e3a73cc14,CUST00039,2026-07-02 16:40:49.379834,923.88,Online Retail,Beau Bassin,0
c44629d5-07e1-48bd-857f-8928e6659d14,CUST00132,2026-07-02 16:44:50.379834,582.15,Restaurant,Beau Bassin,0
83fe3304-5a42-4876-990d-890050cf9261,CUST00024,2026-07-02 16:47:10.379834,1931.43,Pharmacy,Grand Baie,0
7134ba77-43af-41a5-bef9-0dd5e73e1239,CUST00185,2026-07-02 16:48:39.379834,1534.58,Utility Bill,Grand Baie,0
31a0dbcf-e765-439c-8fef-06fa1459bcdc,CUST00029,2026-07-02 16:49:54.379834,3466.12,ATM Withdrawal,Flacq,0
8a75976c-22b2-4bb1-b4c1-4be660cb7921,CUST00040,2026-07-02 16:51:29.379834,2203.3,Online Retail,Beau Bassin,0
1296680e-64e5-4a26-9e8a-a3a91901f999,CUST00088,2026-07-02 16:56:19.379834,2531.31,Entertainment,Vacoas,0
7139e432-3174-48c7-95f5-2c7e3a3bdece,CUST00175,2026-07-02 17:21:38.379834,1345.05,Restaurant,Vacoas,0
03acba3d-0392-49dd-bacc-f419cf233c59,CUST00086,2026-07-02 17:36:14.379834,1877.93,Utility Bill,Beau Bassin,1
a6edd1de-d12c-4e0d-bbc7-c291bfea8d4f,CUST00059,2026-07-02 17:38:52.379834,2234.78,Pharmacy,Curepipe,0
d2bf7672-729d-465d-bf8b-bedb2f6e9a3a,CUST00011,2026-07-02 17:39:57.379834,1602.49,Restaurant,Port Louis,0
f69e250f-d308-4e45-8473-ff528dfcd3fb,CUST00164,2026-07-02 17:42:28.379834,1196.33,Pharmacy,Tamarin,0
8d2bbfef-7e3e-4925-ac4a-ce27f2462e0b,CUST00067,2026-07-02 17:46:08.379834,1492.28,Restaurant,Beau Bassin,0
7f622982-b3f7-49c2-8944-bb6ba5d990a2,CUST00100,2026-07-02 17:47:58.379834,3678.82,Utility Bill,Rose Hill,0
7fae975c-2975-4853-8d53-e74dff65e13c,CUST00151,2026-07-02 17:53:52.379834,3424.99,Travel,Mahebourg,0
eca196cb-031a-499f-afc6-7c8411bc8489,CUST00027,2026-07-02 17:56:39.379834,891.7,Entertainment,Port Louis,0
6abfa39d-6d32-4335-9e71-c92e1b1e5356,CUST00011,2026-07-02 18:00:28.379834,1189.06,Grocery,Port Louis,0
f3e15af4-f0aa-498e-81da-feb9698d1062,CUST00030,2026-07-02 18:09:00.379834,1997.08,ATM Withdrawal,Beau Bassin,0
da9819b5-6bf2-4b8c-9d49-8a1824de73e3,CUST00118,2026-07-02 18:24:54.379834,777.9,Pharmacy,Flacq,0
168b0ffe-535e-4629-b014-0d410b92108f,CUST00140,2026-07-02 18:46:19.379834,678.21,Fuel Station,Mahebourg,0
307af88c-61ee-4b8c-97b7-2193d3dec213,CUST00177,2026-07-02 18:46:23.379834,243.66,Pharmacy,Tamarin,0
f7f8418c-abb3-4cfa-9173-0b7faa3b97d8,CUST00192,2026-07-02 18:52:54.379834,1709.16,ATM Withdrawal,Beau Bassin,0
0c286480-4033-4774-a742-64a41023515e,CUST00153,2026-07-02 18:55:48.379834,1983.33,Fuel Station,Port Louis,0
b1f18bf3-331f-4c88-92c6-366294f1d95f,CUST00094,2026-07-02 19:03:14.379834,1410.36,Electronics,Grand Baie,0
379760ee-4c20-4882-a68f-737848d7525e,CUST00152,2026-07-02 19:18:50.379834,862.42,Restaurant,Mahebourg,0
ead28d04-3f1f-491d-8bc6-d046c12081e8,CUST00037,2026-07-02 19:19:55.379834,1220.91,Online Retail,Flacq,0
ab24f5fb-d1ea-4aab-81dc-ff6f8e218aa7,CUST00141,2026-07-02 19:21:44.379834,163.68,ATM Withdrawal,Quatre Bornes,0
3f3ebcb5-bbe7-4eed-b898-69d0bc07c043,CUST00175,2026-07-02 19:23:53.379834,3138.42,Entertainment,Vacoas,1
988380b6-23a4-472d-ab9c-f2b4b4ca3db0,CUST00002,2026-07-02 19:26:48.379834,813.93,Travel,Vacoas,0
df7f99e6-2a56-4aea-830b-d4230241b55a,CUST00157,2026-07-02 19:28:15.379834,770.03,ATM Withdrawal,Port Louis,0
15e600e0-39e0-4d5a-b471-b63a6ed8252d,CUST00163,2026-07-02 19:28:26.379834,2184.87,Electronics,Rose Hill,0
d57975a7-e851-4b08-8cad-38e291da88c6,CUST00153,2026-07-02 19:40:20.379834,3639.34,Pharmacy,Port Louis,0
1ac4c545-dfe3-41f1-9576-b51354de2a00,CUST00010,2026-07-02 19:48:42.379834,386.22,Online Retail,Flacq,0
7b9e8f0c-ff91-4a83-81b4-d73360dbc510,CUST00110,2026-07-02 20:25:12.379834,531.19,ATM Withdrawal,Quatre Bornes,0
4a6c3252-3c5d-4191-9b13-299cd4e3e671,CUST00128,2026-07-02 20:28:35.379834,2869.56,Utility Bill,Port Louis,0
d212425c-2e8d-4184-95da-717457ae6035,CUST00077,2026-07-02 20:44:04.379834,740.85,Restaurant,Grand Baie,0
bc0ad243-45f1-4157-9998-658870fa4039,CUST00071,2026-07-02 20:44:52.379834,3075.1,Electronics,Curepipe,0
0ae82cce-52a8-4817-8f9b-ce397d96bea3,CUST00110,2026-07-02 20:49:38.379834,613.31,Pharmacy,Quatre Bornes,0
662c2975-afd2-4a28-b7e2-3579a04fd90a,CUST00157,2026-07-02 21:05:08.379834,564.73,Fuel Station,Port Louis,0
c3cc8e56-a3c7-409c-9a83-3ebcf671d8d1,CUST00030,2026-07-02 21:07:41.379834,1404.95,Restaurant,Beau Bassin,0
e68e3563-320b-48ee-ab60-eac813d2a2df,CUST00088,2026-07-02 21:10:51.379834,7347.12,Entertainment,Vacoas,1
9be37798-c421-4e2c-83dd-a6dfcab8dcc9,CUST00190,2026-07-02 21:12:24.379834,1557.08,Grocery,Rose Hill,0
ecb20505-0aff-42c9-a7cc-e0b44ada2680,CUST00120,2026-07-02 21:13:43.379834,289.03,Online Retail,Curepipe,0
2489f5ce-7ab3-4534-b428-cc7c9ff09d55,CUST00056,2026-07-02 21:18:51.379834,498.44,ATM Withdrawal,Port Louis,0
213fce09-561d-4973-9eda-91a2aca5f3ef,CUST00046,2026-07-02 21:34:35.379834,2277.14,Travel,Curepipe,0
d12bd8a7-8d01-4c26-8440-804e268047a2,CUST00136,2026-07-02 21:34:38.379834,2398.78,Restaurant,Quatre Bornes,0
0f84f931-b0cb-4ea2-9a55-9755bfccf6aa,CUST00131,2026-07-02 21:36:05.379834,256.0,Restaurant,Vacoas,0
a2d97419-1f71-4558-a7e8-9b976fd04829,CUST00064,2026-07-02 21:37:22.379834,166.4,Utility Bill,Grand Baie,0
6cfde350-9acb-4295-b763-c0e8d7f42572,CUST00195,2026-07-02 21:42:16.379834,1431.68,ATM Withdrawal,Mahebourg,0
059e2360-c0c1-4a0f-95be-504101ed339a,CUST00147,2026-07-02 21:43:01.379834,504.25,Electronics,Rose Hill,0
db3a2936-76f1-405e-aa73-0dedf6887990,CUST00081,2026-07-02 22:04:31.379834,3262.27,Grocery,Rose Hill,0
22b83c8e-809d-47ac-8b38-06dfe8de2ac7,CUST00004,2026-07-02 22:23:56.379834,4911.43,Utility Bill,Rose Hill,0
83c3c8f2-f3be-4f6d-a16b-7cc5b0b81e5e,CUST00072,2026-07-02 22:34:15.379834,3343.56,Electronics,Tamarin,0
24171196-5e15-4365-b728-4a98f29e8dbf,CUST00199,2026-07-02 22:41:17.379834,2237.42,Restaurant,Kyiv,1
fc3b24ce-43ef-46d3-a5d4-8da36c91f143,CUST00052,2026-07-02 22:41:27.379834,1850.15,Travel,Beau Bassin,0
2b08ff3c-8f60-4338-aa99-d799cd64e258,CUST00194,2026-07-02 22:43:17.379834,3187.01,Electronics,Tamarin,0
778528f5-c1ca-4ac2-aef9-529891f6d8a6,CUST00126,2026-07-02 22:47:23.379834,2182.48,Utility Bill,Vacoas,0
e0f03bb1-7f5f-47b3-ac47-58d18bce058e,CUST00158,2026-07-02 23:03:11.379834,4071.35,Entertainment,Curepipe,0
f80570a6-24eb-4b66-979a-eed743ba8278,CUST00114,2026-07-02 23:04:03.379834,1236.94,Fuel Station,Port Louis,0
7e8ef278-61c4-408b-9ca8-37e5e4bc6ff1,CUST00146,2026-07-02 23:05:07.379834,1950.33,Entertainment,Tamarin,0
692982ef-f275-4453-8411-9abbba40a711,CUST00156,2026-07-02 23:15:18.379834,2512.5,Entertainment,Grand Baie,0
9c442131-a49d-49d4-ac54-5211849def27,CUST00049,2026-07-02 23:26:21.379834,2188.03,Utility Bill,Mahebourg,0
e5498147-6074-4b6d-8d57-84393cafb46c,CUST00150,2026-07-02 23:28:23.379834,3180.15,Utility Bill,Quatre Bornes,0
91e04759-ffec-40a2-ad2f-d43485648849,CUST00096,2026-07-02 23:33:05.379834,4033.96,ATM Withdrawal,Grand Baie,0
3ab33817-6402-4129-8ed0-d0966b5b55ba,CUST00069,2026-07-02 23:56:26.379834,8500.16,ATM Withdrawal,Rose Hill,0
4b351e6e-3a4b-440b-9383-b17a26059487,CUST00197,2026-07-03 00:02:19.379834,617.55,Online Retail,Tamarin,0
4f63ca75-1ee8-427c-9cf4-1042578b8d2c,CUST00066,2026-07-03 00:04:36.379834,114.77,Pharmacy,Quatre Bornes,0
24fb9753-a2e0-4c73-b330-9c1f4927b799,CUST00058,2026-07-03 00:06:46.379834,2433.41,Restaurant,Vacoas,0
1a584d19-d59c-4bd0-968e-a188bbc7d0e4,CUST00024,2026-07-03 00:10:23.379834,1855.91,Fuel Station,Grand Baie,0
f650827f-f4af-4699-8394-47fae3c2c7f5,CUST00018,2026-07-03 00:13:43.379834,1328.62,Entertainment,Port Louis,0
ba46e67e-db5d-479f-9878-4eaa924598c2,CUST00187,2026-07-03 00:19:31.379834,936.45,ATM Withdrawal,Grand Baie,0
04c5013e-b1f8-4106-b445-da27a65bbc3e,CUST00005,2026-07-03 00:20:24.379834,3260.98,Online Retail,Quatre Bornes,0
bfc45c46-b248-4b7e-be03-08d5d94ce704,CUST00184,2026-07-03 00:23:49.379834,1494.78,Pharmacy,Beau Bassin,0
e8fc87cd-513e-45dc-ba69-b722b048e4ab,CUST00185,2026-07-03 00:30:15.379834,1288.15,Fuel Station,Grand Baie,0
f1ef2574-e380-490e-8cf2-3f32a3d0f811,CUST00123,2026-07-03 00:39:37.379834,576.98,Utility Bill,Tamarin,0
e3f29658-482a-4688-a1f7-9a7004837ba0,CUST00123,2026-07-03 00:46:37.379834,576.98,Utility Bill,Tamarin,1
32a882cb-a145-49f5-8c15-3ce14c0d81f3,CUST00123,2026-07-03 00:51:37.379834,576.98,Utility Bill,Tamarin,1
c597f0c2-05bb-447d-a9a2-8de57dfc0ccd,CUST00110,2026-07-03 00:55:36.379834,598.97,Entertainment,Quatre Bornes,0
a0c1fef3-f12e-4733-9155-35b479122628,CUST00123,2026-07-03 00:55:37.379834,576.98,Utility Bill,Tamarin,1
39a6557f-bf9f-44f1-9718-2ab5c073101d,CUST00100,2026-07-03 01:04:39.379834,1677.82,Electronics,Rose Hill,0
afcffdf6-c920-4b9e-b175-50e7b497090f,CUST00086,2026-07-03 01:16:16.379834,391.73,Electronics,Beau Bassin,0
2e0752c3-1dbc-418d-8eda-af4021fa03ac,CUST00141,2026-07-03 01:16:50.379834,83.14,Electronics,Quatre Bornes,0
07e73f5b-b7f0-47d6-b453-0d288ec87c00,CUST00151,2026-07-03 01:18:37.379834,3854.61,Electronics,Mahebourg,0
d465d8f8-cd8f-4647-81f9-78219eee9069,CUST00131,2026-07-03 01:19:51.379834,483.61,Travel,Vacoas,0
61fdc266-13ca-4967-8e12-0aad8994d524,CUST00075,2026-07-03 01:39:17.379834,515.54,Grocery,Rose Hill,0
f7b99afe-52b5-4bdf-9e85-a808c3a9729c,CUST00011,2026-07-03 02:08:42.379834,1548.99,Grocery,Port Louis,0
5e78da96-3e02-4271-9747-3456273fc193,CUST00147,2026-07-03 02:09:00.379834,1178.1,Utility Bill,Rose Hill,0
822f1f79-3d64-4b3b-bf06-2c33a1c053fd,CUST00061,2026-07-03 02:09:52.379834,1021.89,Entertainment,Curepipe,0
95ccd334-81bf-46c9-99cd-f7954e6d9331,CUST00038,2026-07-03 02:11:19.379834,1178.16,Utility Bill,Curepipe,0
24ed413f-3951-4796-b30b-509b88fe08ba,CUST00124,2026-07-03 02:30:11.379834,2990.04,Grocery,Grand Baie,0
8ce560f9-07b8-4dcf-9f16-234c88929685,CUST00091,2026-07-03 02:33:40.379834,1447.33,ATM Withdrawal,Tamarin,0
4eaee86d-0ac4-43d3-84dd-13a6cd3bb89b,CUST00083,2026-07-03 02:34:11.379834,680.01,ATM Withdrawal,Port Louis,0
e8b8241c-bfa9-4b3e-83f0-b8f12f732901,CUST00193,2026-07-03 02:45:15.379834,459.8,Pharmacy,Port Louis,0
0d823521-ecf0-4f43-b2a8-28e4ceedbf94,CUST00144,2026-07-03 02:46:26.379834,1327.32,Utility Bill,Vacoas,0
fce4af08-1f15-447e-8fa6-6b49f7e0ff36,CUST00028,2026-07-03 03:19:02.379834,641.14,Grocery,Quatre Bornes,0
fdee3889-db6d-4464-a3d4-9a5c4d1a751a,CUST00059,2026-07-03 03:26:27.379834,782.26,Online Retail,Curepipe,0
18682b36-3db3-417d-a24b-fa2c00f1f52a,CUST00137,2026-07-03 03:31:32.379834,712.07,Online Retail,Grand Baie,0
bd1bc20d-cfca-4b79-b2d6-f2b7352e3b2c,CUST00091,2026-07-03 03:37:20.379834,1774.15,Fuel Station,Tamarin,0
97ee1270-0f1a-4e5c-86c7-ac8d70c5684d,CUST00190,2026-07-03 03:38:48.379834,3205.86,ATM Withdrawal,Rose Hill,0
f2f3d4d0-d57d-4e40-a200-83ca077b2b8f,CUST00005,2026-07-03 03:39:36.379834,1234.38,Restaurant,Quatre Bornes,0
82008c5f-0f90-4996-b2a7-411be2018cc3,CUST00055,2026-07-03 03:41:05.379834,2703.68,Fuel Station,Curepipe,0
7384750c-4153-41a4-ad5d-f638c204fa03,CUST00150,2026-07-03 03:54:23.379834,1918.96,ATM Withdrawal,Quatre Bornes,0
6bea6743-8da2-4b6a-a8d6-255816ebfa06,CUST00174,2026-07-03 04:03:07.379834,2600.75,Fuel Station,Quatre Bornes,0
c0e7ad77-16f9-40b8-a4a6-0bf69821368a,CUST00180,2026-07-03 04:29:51.379834,1910.18,Pharmacy,Mahebourg,0
efc7e35c-0a29-43b1-a887-c40da2c6ea34,CUST00027,2026-07-03 04:52:41.379834,1061.24,Grocery,Port Louis,0
076ccb31-f3a5-459b-b592-ec44357e5c27,CUST00023,2026-07-03 05:06:29.379834,1101.01,Travel,Rose Hill,0
a1bb8208-5870-4e8d-bceb-5bdf1e353a47,CUST00077,2026-07-03 05:23:19.379834,968.21,Travel,Grand Baie,0
22583975-f826-460a-af9b-3f881e131e57,CUST00191,2026-07-03 05:23:54.379834,2117.13,Entertainment,Curepipe,0
97bd8e73-68a5-4216-8310-5b0f5469d09b,CUST00176,2026-07-03 05:42:25.379834,852.65,Grocery,Mahebourg,0
189af440-f7a2-4d48-aa8a-5b94d5449e7c,CUST00115,2026-07-03 05:59:27.379834,1214.76,ATM Withdrawal,Curepipe,0
eab2d619-c6c1-4409-9c66-78368f59ea94,CUST00176,2026-07-03 06:07:58.379834,844.69,Entertainment,Mahebourg,0
9399c996-f31d-459a-b098-073f76de2ad5,CUST00007,2026-07-03 06:19:52.379834,3027.28,ATM Withdrawal,Mahebourg,0
903b78fa-9fb8-4a2b-a309-5e02c6c098de,CUST00047,2026-07-03 06:22:52.379834,386.39,Pharmacy,Flacq,0
d90822d5-bd44-4cfc-bb8f-8a117e863595,CUST00135,2026-07-03 06:40:34.379834,945.17,Entertainment,Flacq,0
09c0c15d-1023-4faf-82a2-154a8ab76cb6,CUST00196,2026-07-03 06:40:47.379834,1498.53,Pharmacy,Rose Hill,0
ab6d90d5-9d7d-4f0d-ada7-797e12fc04ff,CUST00062,2026-07-03 06:46:33.379834,746.54,Grocery,Flacq,0
7de2d13f-31b3-4ad4-89d4-5dbba813cc5c,CUST00182,2026-07-03 06:49:23.379834,3225.23,Restaurant,Vacoas,0
6dd7a304-d99b-4eab-921f-09f65ec0fdf7,CUST00154,2026-07-03 07:10:21.379834,729.96,Pharmacy,Tamarin,0
1124144f-423b-47c5-8243-857a4c432d60,CUST00048,2026-07-03 07:13:18.379834,1322.15,Restaurant,Curepipe,0
81f36443-5816-437c-b28f-10ef8422a8b9,CUST00179,2026-07-03 07:13:32.379834,1582.09,Travel,Rose Hill,0
10451fdb-0247-4265-8eb3-868154d59d60,CUST00160,2026-07-03 07:14:22.379834,1775.44,Pharmacy,Vacoas,0
95827398-b602-402d-b65f-87bb73ff1973,CUST00154,2026-07-03 07:15:45.379834,837.29,Electronics,Tamarin,0
bde4a9e1-133c-4d39-b6c9-ac6323c4c68c,CUST00117,2026-07-03 07:27:38.379834,202.58,Electronics,Quatre Bornes,0
63b9ce0d-2cdc-4f80-aae6-8fc4b4f583ed,CUST00096,2026-07-03 07:31:53.379834,3742.84,Utility Bill,Grand Baie,0
1edee052-69bb-49b4-91e3-fa264b4b29e6,CUST00177,2026-07-03 07:34:36.379834,312.24,Restaurant,Tamarin,0
5371d041-ab8c-444b-bab5-e34f2bac2b29,CUST00032,2026-07-03 07:41:33.379834,740.58,Electronics,Quatre Bornes,0
ddb531ae-8e4c-46e7-a923-f0f1cc39f941,CUST00058,2026-07-03 07:43:11.379834,1087.48,Grocery,Vacoas,0
a2f167c9-1d63-4c2d-b76c-a9ef4b91a7c1,CUST00146,2026-07-03 07:49:10.379834,2356.94,Grocery,Tamarin,0
b2ba7c7d-3b56-42f7-aa36-170782bf2b16,CUST00105,2026-07-03 07:51:17.379834,1108.69,Fuel Station,Flacq,0
e94e290f-0b72-40fd-abe7-5d25643108f2,CUST00184,2026-07-03 07:57:30.379834,3182.67,ATM Withdrawal,Beau Bassin,0
f441c89e-6abe-4d8c-a6d0-3da545e41275,CUST00039,2026-07-03 08:01:25.379834,939.16,Grocery,Beau Bassin,0
36b2e04d-31eb-41c2-8988-64ca9f2f8790,CUST00007,2026-07-03 08:13:48.379834,2404.03,Grocery,Mahebourg,0
edb49431-03fe-4005-98f0-54195b49c6d1,CUST00083,2026-07-03 08:45:53.379834,1090.98,Travel,Port Louis,0
87329b78-041a-49a0-9b24-831d2090e6cc,CUST00197,2026-07-03 08:51:11.379834,893.25,Pharmacy,Tamarin,0
69d83fd4-9ff1-47a7-8764-c3ccebe1ea5b,CUST00043,2026-07-03 08:52:27.379834,787.94,ATM Withdrawal,Port Louis,0
f0cfdc63-c266-42ca-b4bb-0330822b51dd,CUST00186,2026-07-03 09:05:51.379834,2044.99,Grocery,Mahebourg,0
4aa66f3a-2394-4364-a555-64932deca173,CUST00080,2026-07-03 09:12:11.379834,677.16,Travel,Mahebourg,0
f7c7cb09-efd0-4605-97d7-0f1be6efb54e,CUST00154,2026-07-03 09:16:43.379834,836.53,Fuel Station,Tamarin,0
8b4c9e05-2e19-4528-a5c8-fad18033def1,CUST00100,2026-07-03 09:26:23.379834,4120.02,Fuel Station,Rose Hill,0
31e8ec21-ba2d-4740-b896-ff6d972037a1,CUST00192,2026-07-03 09:27:26.379834,308.68,Fuel Station,Beau Bassin,0
5f4722e8-753b-4462-8b59-4d78176130bf,CUST00034,2026-07-03 09:31:35.379834,1614.47,Online Retail,Beau Bassin,0
ba00041a-11ca-4592-9c76-4719bc619e34,CUST00134,2026-07-03 09:40:50.379834,153.99,Electronics,Vacoas,0
afffcd7f-adf7-4aad-9589-bda606bc820d,CUST00014,2026-07-03 09:43:13.379834,772.96,Electronics,Rose Hill,0
3d3ce43d-0dbd-429e-9763-7caf1b5f488e,CUST00107,2026-07-03 09:54:38.379834,3332.26,Online Retail,Flacq,0
d8618b4c-2462-4d3b-9d8e-c226ec1b7a2a,CUST00051,2026-07-03 10:00:10.379834,795.85,Fuel Station,Tamarin,0
df8e9983-3b8f-4f86-8a80-3eec6fd72737,CUST00037,2026-07-03 10:04:16.379834,1311.97,Utility Bill,Flacq,0
23b58cd8-a28c-4fe2-8244-74110929bedb,CUST00113,2026-07-03 10:20:23.379834,1499.89,Restaurant,Curepipe,0
0a03ffbd-aa1a-4e7c-84cd-7872bac73555,CUST00029,2026-07-03 10:27:57.379834,1843.3,Utility Bill,Flacq,0
574f45ed-0545-4391-9cb0-7e105997601d,CUST00081,2026-07-03 10:29:32.379834,4199.27,Entertainment,Rose Hill,0
63161e86-15b5-47b3-8c83-c5a4c0fe110c,CUST00187,2026-07-03 10:38:28.379834,783.13,Fuel Station,Grand Baie,0
efe1125d-9c44-48fe-baf7-f08b387eab64,CUST00099,2026-07-03 10:45:28.379834,2411.89,Pharmacy,Quatre Bornes,0
7d2cc86a-8f1a-42f8-971c-1783d22b5c7c,CUST00074,2026-07-03 10:52:59.379834,8181.38,Pharmacy,Lagos,1
8009c370-3c7d-4d3f-9643-9d1fa68bc10d,CUST00189,2026-07-03 11:04:19.379834,4514.23,Grocery,Rose Hill,0
92f801df-13dd-4eb5-8af6-0bd702e88a15,CUST00030,2026-07-03 11:18:41.379834,3242.73,Restaurant,Beau Bassin,0
984d552c-9fda-4662-9d44-ae9946860580,CUST00182,2026-07-03 11:35:12.379834,2856.77,Online Retail,Vacoas,0
66d44c77-af17-4169-810b-124e78aed976,CUST00017,2026-07-03 11:46:19.379834,762.59,Electronics,Tamarin,0
c033adea-1639-474d-b283-65f83d2e98eb,CUST00020,2026-07-03 11:51:32.379834,2896.22,Fuel Station,Rose Hill,0
2101ffe0-3ab5-468e-b28b-8998a7b0d8fb,CUST00038,2026-07-03 12:04:34.379834,1040.17,Restaurant,Curepipe,0
b1f885e9-3d7a-4c32-ba13-c4e43243e463,CUST00123,2026-07-03 12:08:03.379834,329.73,Restaurant,Tamarin,0
6073e289-501c-4a53-8560-f16659d4fc1d,CUST00118,2026-07-03 12:24:20.379834,1214.17,Utility Bill,Flacq,0
af30d762-6f1a-4906-9ff4-ce8ad9495c68,CUST00076,2026-07-03 12:35:13.379834,736.73,ATM Withdrawal,Quatre Bornes,0
4e3c7a3b-8b25-487f-81a2-b380a4ed62ad,CUST00067,2026-07-03 12:57:41.379834,1857.73,Fuel Station,Beau Bassin,0
8c5710bb-f0fb-4a92-b13d-95d939a1f44c,CUST00147,2026-07-03 13:01:23.379834,1220.22,Utility Bill,Rose Hill,0
8833e3ad-f793-4186-a375-690919fb3ee0,CUST00168,2026-07-03 13:02:16.379834,1578.41,Online Retail,Curepipe,0
52db9dd9-2872-4adb-b908-4b841b041e79,CUST00162,2026-07-03 13:17:34.379834,675.62,Fuel Station,Port Louis,0
346f49ca-f69b-4557-a238-051c0fa44e52,CUST00128,2026-07-03 13:34:32.379834,2140.81,Pharmacy,Port Louis,0
57758ccc-2ff4-4880-bc2e-4370d72e5c59,CUST00170,2026-07-03 13:38:50.379834,937.4,Pharmacy,Quatre Bornes,0
d62bdcbc-2c1d-489f-a6dd-c2e3573aa3ed,CUST00028,2026-07-03 13:45:23.379834,988.02,Restaurant,Quatre Bornes,0
d67a07ed-6e12-4872-833c-edcec3c19082,CUST00192,2026-07-03 14:08:02.379834,862.27,Restaurant,Beau Bassin,0
43908a59-d4c2-4d45-9dec-1c36092b50a4,CUST00186,2026-07-03 14:13:41.379834,1891.61,Grocery,Mahebourg,0
b1d71696-7a99-4b36-9954-f462af2b4cc4,CUST00164,2026-07-03 14:18:06.379834,1742.54,Fuel Station,Tamarin,0
b4e5ef45-fdb6-4ce8-9283-2abd58125462,CUST00176,2026-07-03 14:20:58.379834,863.52,Fuel Station,Mahebourg,0
3d4968e9-f8f8-44aa-a957-e8c8d4b69e8a,CUST00049,2026-07-03 14:21:04.379834,2204.27,Fuel Station,Mahebourg,0
22bf4909-1a55-4441-a0bd-ca29a52119c5,CUST00190,2026-07-03 14:21:43.379834,3753.2,Electronics,Rose Hill,0
ccf16808-a68a-488b-bfdb-fc0136992933,CUST00185,2026-07-03 14:25:25.379834,674.94,Entertainment,Grand Baie,0
aa42cc30-90b5-42d2-90cf-006d5822c8c2,CUST00137,2026-07-03 14:32:56.379834,701.75,Grocery,Grand Baie,0
e9ad5143-d9cf-4814-8a80-2c999e54fc69,CUST00159,2026-07-03 14:33:05.379834,268.77,Pharmacy,Beau Bassin,0
f0445673-8795-4a48-9c7c-1f26578ee5a8,CUST00024,2026-07-03 14:33:39.379834,2768.9,Electronics,Grand Baie,0
3cdaace4-44b7-44cb-a187-f41db7bcc2be,CUST00154,2026-07-03 14:38:15.379834,1020.96,ATM Withdrawal,Tamarin,0
63495312-eec7-4c02-b70d-53e7b290155a,CUST00103,2026-07-03 14:47:20.379834,503.49,Utility Bill,Vacoas,0
ba11b303-a7dc-40cb-91cb-fffef420ad3a,CUST00087,2026-07-03 14:55:07.379834,1127.71,Entertainment,Flacq,0
061dc204-5d08-40c1-9d65-0ed229cf2a38,CUST00073,2026-07-03 14:57:01.379834,3308.66,ATM Withdrawal,Quatre Bornes,0
992eaf24-038a-4ab0-a8cb-d280caec124c,CUST00140,2026-07-03 15:02:25.379834,980.42,Electronics,Mahebourg,0
3ce81e1f-f6c6-430d-9c4a-ff6812f85687,CUST00094,2026-07-03 15:08:57.379834,1487.97,Pharmacy,Grand Baie,0
8a052fe0-4fbd-4e98-a61b-e9fd27d709d1,CUST00139,2026-07-03 15:21:50.379834,1155.73,Grocery,Vacoas,0
78bdce4a-a3d0-4345-b760-b3b9be1239d3,CUST00020,2026-07-03 15:22:14.379834,2022.39,Grocery,Rose Hill,0
9080c9da-24f5-417e-8573-c82c528ce6da,CUST00108,2026-07-03 15:40:29.379834,3241.25,ATM Withdrawal,Beau Bassin,0
7c8e5eac-2c17-43c2-bf0f-2ec779ad0fab,CUST00062,2026-07-03 15:42:46.379834,1051.62,Restaurant,Flacq,0
9b4c539b-20ae-4ce1-9026-c4ba4834a801,CUST00079,2026-07-03 15:43:45.379834,2386.4,Entertainment,Vacoas,0
19aeb9ae-4f93-47a3-86bc-3a8eb920645f,CUST00153,2026-07-03 15:51:37.379834,2407.33,ATM Withdrawal,Port Louis,0
2e4debd3-ced8-4939-aabf-c2ed47132949,CUST00190,2026-07-03 16:05:11.379834,4009.38,Travel,Rose Hill,0
2e1a7bde-56fd-414f-a9cf-eebdee986d95,CUST00148,2026-07-03 16:06:40.379834,597.71,Online Retail,Quatre Bornes,0
11641ce5-08b7-4c50-bcd8-7a48161d3d08,CUST00125,2026-07-03 16:08:06.379834,2312.21,Fuel Station,Mahebourg,0
eb576359-35ce-4f60-a588-1bdaaae80f9c,CUST00055,2026-07-03 16:18:50.379834,3496.67,Restaurant,Curepipe,0
4cfa4e7f-1cb1-4896-9fe6-fd067c4496ab,CUST00199,2026-07-03 16:33:34.379834,720.99,Pharmacy,Port Louis,0
bb2daf59-35c2-430d-b834-ee81794dd35f,CUST00063,2026-07-03 16:41:06.379834,901.77,Grocery,Vacoas,0
60c3e1bc-6b26-4cb2-a97b-825bd003597e,CUST00159,2026-07-03 16:53:36.379834,194.12,Restaurant,Beau Bassin,0
24d4715a-6096-488c-bf08-f69fb964db9c,CUST00191,2026-07-03 17:10:56.379834,2203.99,Travel,Curepipe,0
46aa9e60-5cd3-4cb8-bbf8-05eb9b5fe267,CUST00199,2026-07-03 17:37:16.379834,332.37,Pharmacy,Port Louis,0
d7cbe90e-dc2b-49bf-96f6-3215870bfe76,CUST00061,2026-07-03 17:37:26.379834,801.88,Utility Bill,Curepipe,0
43851582-1f4b-4ee4-af79-0c62777bf5da,CUST00022,2026-07-03 18:07:33.379834,225.61,Restaurant,Flacq,0
0a862755-6200-425d-b103-09955a15e7c3,CUST00067,2026-07-03 18:21:55.379834,1983.06,Fuel Station,Beau Bassin,0
0cb50f07-9fd1-4cc0-a79e-8408e8d04d2d,CUST00101,2026-07-03 18:23:55.379834,2328.48,Entertainment,Mahebourg,0
6203bc3b-affd-438b-82d4-ecc757faadf7,CUST00196,2026-07-03 18:27:36.379834,1663.86,Grocery,Rose Hill,0
ba195a74-8b0e-44db-a244-229bed7ffa2b,CUST00053,2026-07-03 18:40:57.379834,1931.41,Online Retail,Tamarin,0
31376779-5584-4f26-ab4a-24fa90ac5f2e,CUST00159,2026-07-03 18:54:00.379834,457.06,Grocery,Beau Bassin,0
4d2f6e30-c26c-4606-90d8-263a1aca3077,CUST00163,2026-07-03 18:54:36.379834,2761.03,ATM Withdrawal,Rose Hill,0
670ce3fd-26ab-4995-9365-aed6eda62790,CUST00085,2026-07-03 19:10:25.379834,595.5,Utility Bill,Port Louis,1
35066d7b-5168-4b96-a4e9-7587c6e54ed9,CUST00006,2026-07-03 19:17:09.379834,1127.97,Fuel Station,Curepipe,0
e47cb764-b5c5-4403-ade6-50012d7dfd0e,CUST00122,2026-07-03 19:19:40.379834,1337.31,Electronics,Flacq,0
7294eecf-1cf9-43d7-9815-ddc889d211d4,CUST00169,2026-07-03 19:25:24.379834,2103.93,Restaurant,Mahebourg,0
5060d9ef-98bf-42e5-8034-ea43b97ff327,CUST00009,2026-07-03 19:28:23.379834,179.04,Restaurant,Tamarin,0
c6ee8088-2d69-40c7-a4f2-ed181fdbc2d1,CUST00087,2026-07-03 19:38:42.379834,2040.55,Online Retail,Flacq,0
fd4702cf-5343-41a1-a8b5-706051ead0d0,CUST00104,2026-07-03 19:39:27.379834,1040.02,Restaurant,Tamarin,0
0c6c144c-f6f9-4a16-8773-d92fe6e32f59,CUST00199,2026-07-03 19:40:05.379834,725.35,Utility Bill,Port Louis,0
1ec91cb0-0dd9-4e11-8c12-b881b74a92c0,CUST00170,2026-07-03 19:43:54.379834,1433.83,Pharmacy,Quatre Bornes,0
1b3bf86d-5963-446d-b0be-2dd77dd8496b,CUST00128,2026-07-03 19:45:14.379834,2426.49,Travel,Port Louis,0
5385acd2-20f2-490d-8eb0-c1bae4245865,CUST00036,2026-07-03 20:02:24.379834,661.82,Utility Bill,Curepipe,0
226e11cb-ac9c-46b0-8bb9-a460a7b8d60f,CUST00052,2026-07-03 20:04:04.379834,969.12,Restaurant,Beau Bassin,0
2d1a7c6f-fa7c-40ee-ac2b-2ad7f244fad1,CUST00120,2026-07-03 20:08:46.379834,420.41,Restaurant,Curepipe,0
85c954e9-75db-41f6-8257-b8eb6daf289c,CUST00064,2026-07-03 20:25:35.379834,2054.81,Pharmacy,Grand Baie,0
881bb6be-25f6-42e0-a88b-7ce69b52dcf4,CUST00085,2026-07-03 20:29:11.379834,552.98,Utility Bill,Port Louis,0
d770968b-562c-4302-a492-0d0af2e4080a,CUST00133,2026-07-03 20:38:31.379834,4483.16,Grocery,Curepipe,0
e4b8a4d6-bea6-4d12-a216-69eb5d8fad25,CUST00014,2026-07-03 20:43:42.379834,895.27,Grocery,Rose Hill,0
8516c01a-b9bf-4af1-aea4-0b60eb4128fd,CUST00102,2026-07-03 20:51:45.379834,1146.71,Electronics,Mahebourg,0
9ea1594b-475b-4b41-a8b1-5574631bb54e,CUST00152,2026-07-03 20:53:42.379834,3324.67,Grocery,Mahebourg,0
dfeb2c62-4e32-4c3e-82cf-3787cafe2c82,CUST00068,2026-07-03 20:53:51.379834,2469.63,Electronics,Beau Bassin,0
aa71807b-2365-4a38-aa72-02a8f877957d,CUST00006,2026-07-03 20:57:58.379834,1159.78,ATM Withdrawal,Curepipe,0
7a43dc03-e764-4e48-a09d-0cc028afd51e,CUST00052,2026-07-03 20:58:12.379834,2259.22,Entertainment,Beau Bassin,0
11e7b99f-9578-4b80-b628-f75292a19305,CUST00043,2026-07-03 21:19:26.379834,727.21,Entertainment,Port Louis,0
9f649ed0-3a3a-4a31-8593-21a71aaa724f,CUST00080,2026-07-03 21:31:09.379834,445.52,Grocery,Mahebourg,0
18fbd861-2705-45a6-b021-1ba83518a7f0,CUST00040,2026-07-03 21:43:21.379834,2040.91,Entertainment,Beau Bassin,0
93d4ef6f-4abe-499e-8d0b-798d2c4deaa0,CUST00120,2026-07-03 21:49:30.379834,467.08,Restaurant,Curepipe,0
129979e3-f476-4777-b1d7-bdd4d82e2b34,CUST00133,2026-07-03 21:53:20.379834,1598.22,ATM Withdrawal,Curepipe,0
fefafbbf-d5a4-4ecb-86a4-afddf1954cdb,CUST00111,2026-07-03 21:59:18.379834,1233.8,Restaurant,Mahebourg,0
4cc7ede9-06d5-41df-a964-6ab03dec0843,CUST00044,2026-07-03 22:14:51.379834,1230.07,Restaurant,Grand Baie,0
657bfc92-fcbe-4cbc-ad19-e66c04b0df21,CUST00142,2026-07-03 22:22:19.379834,1480.58,Entertainment,Mahebourg,0
d591f9a0-b3ab-4d64-ae0c-bcce39793bf1,CUST00005,2026-07-03 22:26:33.379834,1529.83,Restaurant,Quatre Bornes,0
218c00af-314a-4230-af90-f41d4eadcb83,CUST00101,2026-07-03 22:26:42.379834,1758.67,Restaurant,Mahebourg,0
8e445795-5f79-457e-847e-4ca7554ab840,CUST00060,2026-07-03 22:27:01.379834,464.08,Fuel Station,Rose Hill,0
9dfd1c9c-9176-4646-9178-866b7abed3e6,CUST00169,2026-07-03 22:43:27.379834,1315.69,ATM Withdrawal,Mahebourg,0
134ed454-f75d-4ac6-ba5c-a5b2f70b65d6,CUST00095,2026-07-03 23:34:36.379834,1351.98,Electronics,Flacq,0
d05a5967-622f-48b0-b1c8-0188eec215ee,CUST00091,2026-07-04 00:09:00.379834,2047.39,Restaurant,Tamarin,0
bbf67113-7f17-43ea-a261-c16ff1af0410,CUST00080,2026-07-04 00:11:04.379834,729.93,Travel,Mahebourg,0
062c5c1b-15cb-48dd-9b52-2207c3523433,CUST00045,2026-07-04 00:13:18.379834,2872.9,Online Retail,Mahebourg,0
663b949a-4b4b-48cf-a1c5-edef562f4121,CUST00007,2026-07-04 00:15:27.379834,1919.86,Pharmacy,Mahebourg,0
dd7a8cd6-5110-4d43-81fc-27919ff1101e,CUST00141,2026-07-04 00:17:16.379834,192.95,Online Retail,Quatre Bornes,0
9ffe97c8-ca05-4639-9f11-94fe037457e9,CUST00019,2026-07-04 00:28:39.379834,474.3,Travel,Mahebourg,0
af09f2a1-7f81-4fff-9074-e1abef36398f,CUST00021,2026-07-04 00:40:26.379834,331.26,Online Retail,Mahebourg,0
2b6b2140-e605-488e-867a-96dc763b7f35,CUST00112,2026-07-04 01:22:06.379834,1782.83,Electronics,Grand Baie,0
94753bf0-705d-4674-9f87-67c1fa49560b,CUST00187,2026-07-04 01:56:54.379834,1139.03,Grocery,Grand Baie,0
0d3fd1a9-ede2-4f92-9452-56fd595b5699,CUST00011,2026-07-04 02:05:13.379834,1750.08,Restaurant,Port Louis,0
fcab45cc-658f-465d-9d9c-d54793bb1ae2,CUST00045,2026-07-04 02:07:57.379834,5312.07,ATM Withdrawal,Mahebourg,0
55fef33d-cd22-4d92-a31c-33cf01a3f223,CUST00070,2026-07-04 02:16:07.379834,924.59,Utility Bill,Vacoas,0
a9a223cf-a8cb-4a02-8e1a-52ea4f210ae9,CUST00093,2026-07-04 02:38:07.379834,1759.9,Utility Bill,Rose Hill,0
3ca505a1-14d5-4ab9-af6a-8573db6a478c,CUST00111,2026-07-04 02:44:46.379834,2713.24,Restaurant,Mahebourg,0
c36188b9-96d9-49c7-804f-47e7fa23e9b5,CUST00006,2026-07-04 02:52:49.379834,1347.66,Restaurant,Curepipe,0
d4f354e0-d218-4ba7-a427-c3da10014d45,CUST00160,2026-07-04 02:55:34.379834,4838.8,Entertainment,Vacoas,0
47719de5-8bfe-4743-9988-fb576dbd6e1d,CUST00175,2026-07-04 03:04:29.379834,2676.91,Travel,Vacoas,0
c1a6b144-960e-476d-86fe-e7dbda74d365,CUST00036,2026-07-04 03:06:58.379834,605.59,ATM Withdrawal,Curepipe,0
107400d0-9314-41c9-8c4a-dcac059659a1,CUST00191,2026-07-04 03:13:03.379834,1639.2,Travel,Curepipe,0
6431a977-8310-4f9e-9b29-c7700fe0fb41,CUST00065,2026-07-04 03:19:48.379834,1307.09,Travel,Beau Bassin,0
2cc50d11-7a5c-449a-9157-d50490ac1915,CUST00017,2026-07-04 03:26:12.379834,751.95,Electronics,Tamarin,0
482dcb46-56a9-4063-a1b2-7c1b7447e2f0,CUST00081,2026-07-04 03:39:18.379834,3668.14,Utility Bill,Rose Hill,0
fb774c36-1531-4151-acc5-2e51a6e4a20c,CUST00152,2026-07-04 03:46:13.379834,2647.19,Travel,Mahebourg,0
ea3eac01-ffe8-4ba9-a6ac-2f6dce6a5ceb,CUST00099,2026-07-04 03:51:36.379834,898.18,Electronics,Quatre Bornes,0
f72892d4-2111-4fdf-8618-6475b6c5daf3,CUST00159,2026-07-04 03:52:21.379834,288.63,Electronics,Beau Bassin,0
88d348ad-7ead-4fc0-b120-7376cee38b4e,CUST00112,2026-07-04 03:56:49.379834,1172.38,Electronics,Grand Baie,0
6094d5c8-2bdd-403e-a7ad-872c127b62d1,CUST00189,2026-07-04 04:03:17.379834,4604.7,Travel,Rose Hill,0
cb21103f-b70d-42d0-8cab-6e6ec20d25f7,CUST00030,2026-07-04 04:05:10.379834,1013.95,Online Retail,Beau Bassin,0
247fc18b-743b-40cf-97a1-645f660fa609,CUST00046,2026-07-04 04:17:57.379834,919.65,Entertainment,Curepipe,0
8d9ed017-2b8f-44c6-af3d-92140a8dbac6,CUST00186,2026-07-04 04:19:40.379834,1303.24,Pharmacy,Mahebourg,0
56e6622e-8dae-457b-968e-be2bc0be02f7,CUST00188,2026-07-04 04:22:54.379834,648.11,Grocery,Curepipe,0
82666845-ec2b-42c3-977e-0290dd068796,CUST00055,2026-07-04 04:23:40.379834,3656.1,Utility Bill,Curepipe,0
4bac6558-1ad8-49fd-8b92-e983cc773fc9,CUST00072,2026-07-04 04:38:27.379834,3912.0,Restaurant,Tamarin,0
d53d3a7d-f4a2-4a17-a972-db9235513df7,CUST00094,2026-07-04 04:41:11.379834,2055.22,Utility Bill,Grand Baie,0
6b880ee3-65e3-4d36-8961-39b6548152fa,CUST00190,2026-07-04 04:44:59.379834,3367.07,Pharmacy,Rose Hill,0
d340135d-df29-4123-a932-d21f3662c41b,CUST00084,2026-07-04 05:06:19.379834,1176.5,Online Retail,Rose Hill,0
0198bf58-2e28-40ff-8aaf-9a33843bf69a,CUST00092,2026-07-04 05:23:57.379834,699.37,Fuel Station,Beau Bassin,0
bc644e46-38b1-415d-8902-c0cb381f2299,CUST00044,2026-07-04 05:24:31.379834,1495.37,Online Retail,Grand Baie,0
1c33ac3d-db3d-47db-b2d0-7f71b551e448,CUST00187,2026-07-04 05:45:46.379834,1052.47,ATM Withdrawal,Grand Baie,0
dc5e094c-9c55-4c82-90ff-019a3aa7cb61,CUST00107,2026-07-04 05:51:08.379834,3530.36,ATM Withdrawal,Flacq,0
693f0d56-81a0-4b21-a57f-e7101a9877f6,CUST00079,2026-07-04 05:55:50.379834,1509.7,ATM Withdrawal,Vacoas,0
b0c050b0-d1e4-4b6c-951a-7d8b7fadb32b,CUST00043,2026-07-04 06:05:03.379834,839.82,ATM Withdrawal,Port Louis,0
6e0a653f-4781-4e3d-ab3a-d087624e29c5,CUST00069,2026-07-04 06:09:35.379834,4484.86,Travel,Rose Hill,0
1b0c4480-1481-4d3c-8cb8-aa6566368562,CUST00173,2026-07-04 06:15:05.379834,2526.81,Electronics,Mahebourg,0
cecba8b8-e021-459c-a058-5f2f54651575,CUST00048,2026-07-04 06:18:57.379834,1024.54,Electronics,Curepipe,0
df31cf63-a7e6-438c-862f-504f4205e88d,CUST00061,2026-07-04 06:29:17.379834,713.66,Online Retail,Curepipe,0
fd34d292-b20d-40b5-b23c-0c726038448e,CUST00007,2026-07-04 06:54:24.379834,9350.33,Pharmacy,Mahebourg,1
82371063-90fb-4b7d-9466-b23a1316d074,CUST00098,2026-07-04 06:57:47.379834,476.41,Restaurant,Vacoas,0
9b750bcd-3052-4407-8387-dd8d1b006208,CUST00111,2026-07-04 06:57:57.379834,1799.64,Grocery,Mahebourg,0
71184191-0122-4120-803f-e6f54537821c,CUST00125,2026-07-04 07:09:24.379834,3815.77,Utility Bill,Mahebourg,0
ec9ce1f1-f668-4e8d-9ec9-8d01fe7379cc,CUST00186,2026-07-04 07:11:46.379834,1476.04,Online Retail,Mahebourg,0
c7c984a3-b2c7-4ed5-8e33-19700a46397f,CUST00089,2026-07-04 07:14:39.379834,2660.07,Grocery,Curepipe,0
2666b12f-015a-4b51-9103-a5ce04aedafd,CUST00047,2026-07-04 07:16:18.379834,1056.04,Travel,Flacq,0
53639ef2-2eb9-4880-92a8-dc31144b03da,CUST00032,2026-07-04 07:16:52.379834,635.7,Restaurant,Quatre Bornes,0
daf0b1a1-4aad-458f-87f2-9284ed61d5ae,CUST00172,2026-07-04 07:43:14.379834,7452.91,Restaurant,Grand Baie,1
c80866f4-4560-489d-9d75-bf066815c77b,CUST00020,2026-07-04 07:44:56.379834,2279.05,Grocery,Rose Hill,0
6487e7b6-f7c9-4b27-a90d-b9d43070c0cd,CUST00185,2026-07-04 07:53:01.379834,1140.86,Restaurant,Grand Baie,0
ae36f2d9-f8f2-4683-b882-4a0ef820c2f3,CUST00178,2026-07-04 07:56:32.379834,1658.38,Electronics,Flacq,0
67c1c642-7a75-4e2f-827a-80add7ae8f7e,CUST00173,2026-07-04 07:59:10.379834,1836.01,Restaurant,Mahebourg,0
001ee884-ea66-46cb-95bf-d42f17b41967,CUST00042,2026-07-04 08:11:47.379834,2528.73,Online Retail,Vacoas,0
acb9b2bf-20e4-45bc-b93e-d63c59fd9129,CUST00135,2026-07-04 08:12:19.379834,1168.87,Utility Bill,Flacq,0
56407695-a9c1-4321-a35e-1ad61cf5f749,CUST00078,2026-07-04 08:13:38.379834,233.44,Online Retail,Flacq,0
6cc95f8a-9ecd-4ee3-8871-d591f8d637e1,CUST00077,2026-07-04 08:15:04.379834,613.13,Travel,Grand Baie,0
855b2cb6-85a6-44a8-af11-3ca84bc96ec8,CUST00196,2026-07-04 08:26:43.379834,3474.17,Travel,Rose Hill,1
62286318-5c9e-4e93-be16-5e9651e11bc1,CUST00083,2026-07-04 08:43:25.379834,921.68,Fuel Station,Port Louis,0
aeffa5e5-6aa0-4f9d-9b3a-ecf8110a6b66,CUST00180,2026-07-04 08:44:49.379834,2589.17,Grocery,Mahebourg,0
227e771a-ab19-4dc1-bee5-4562e30b48ea,CUST00125,2026-07-04 08:46:03.379834,3460.76,Travel,Mahebourg,0
c8526872-1fe0-44d8-9c56-2b796dfd13c4,CUST00019,2026-07-04 08:53:25.379834,788.15,Fuel Station,Mahebourg,0
8ed4d9ce-4a02-4b8b-8787-b0e8679569a6,CUST00058,2026-07-04 09:04:50.379834,1663.09,Restaurant,Vacoas,0
4667c4fa-cd6b-451c-aa05-a9a0ef8bb37a,CUST00074,2026-07-04 09:06:09.379834,2902.8,Fuel Station,Mahebourg,0
78efcdea-0864-4b7c-ad9e-57c531bc603e,CUST00137,2026-07-04 09:12:04.379834,541.44,Fuel Station,Grand Baie,0
673a3b16-ed4e-4cf7-a62c-82824e8f1e38,CUST00086,2026-07-04 09:19:45.379834,341.97,Travel,Beau Bassin,0
4f3184ad-57e2-4cb2-b79c-1c2de5bc6f6b,CUST00188,2026-07-04 09:34:48.379834,713.83,Online Retail,Curepipe,0
edf5e9b0-8f12-4614-9d73-2950c9ae5cc2,CUST00023,2026-07-04 09:46:14.379834,855.92,Fuel Station,Rose Hill,0
dc72825d-c01e-4fdc-8adc-e422387efad8,CUST00193,2026-07-04 09:49:37.379834,591.95,ATM Withdrawal,Port Louis,0
d67e468f-124b-432b-b897-11916767a6bf,CUST00109,2026-07-04 09:55:28.379834,958.22,Restaurant,Rose Hill,0
7f5d716a-a817-4417-9612-cef3f9915759,CUST00198,2026-07-04 10:19:01.379834,1377.49,Pharmacy,Rose Hill,0
7a3aecd3-6c04-4f6f-94c8-73aa95c156cd,CUST00031,2026-07-04 10:37:17.379834,945.33,ATM Withdrawal,Vacoas,0
08ed36f3-a4b3-4b80-aa68-20ef2ed31c8a,CUST00192,2026-07-04 10:42:13.379834,1961.89,Entertainment,Beau Bassin,0
85fc00a0-6cae-445d-bdc9-b6b35e0b59bc,CUST00152,2026-07-04 10:44:06.379834,2629.6,Electronics,Mahebourg,0
c5c9da34-538d-4901-80a8-c0d7ebd5f695,CUST00142,2026-07-04 10:48:33.379834,1421.92,Electronics,Mahebourg,0
01794870-1bfd-42cc-81a9-ae494497b0b6,CUST00005,2026-07-04 11:27:56.379834,3081.24,Fuel Station,Quatre Bornes,0
062a0f74-f259-4a6c-b384-d56ba0ce8cfc,CUST00068,2026-07-04 11:31:39.379834,1124.55,ATM Withdrawal,Beau Bassin,0
403c9e15-5547-45bb-abd4-bb309678cce1,CUST00050,2026-07-04 11:35:04.379834,541.68,Pharmacy,Vacoas,0
56803d01-f196-4b78-b430-a4d1e1060cb6,CUST00191,2026-07-04 11:38:15.379834,2781.49,Pharmacy,Curepipe,0
70b08c95-3a9b-4235-9b55-00515e324f3b,CUST00023,2026-07-04 11:41:39.379834,1241.45,Pharmacy,Rose Hill,0
77863288-4a13-41b4-bcd1-bd865201e521,CUST00078,2026-07-04 11:42:16.379834,222.4,Online Retail,Flacq,0
6f757b51-afdd-4e72-ac27-4bfb68ae7bb1,CUST00178,2026-07-04 11:46:21.379834,1371.44,Fuel Station,Flacq,0
0912b673-6ebc-46dc-b9e6-c1b70954c434,CUST00113,2026-07-04 12:03:54.379834,2035.65,Entertainment,Curepipe,0
5e41b078-691c-429d-b2fc-cba3a98a4272,CUST00124,2026-07-04 12:14:17.379834,2926.98,Entertainment,Grand Baie,0
f161b49d-c163-4da9-af4e-ffc1215a59a4,CUST00016,2026-07-04 12:16:39.379834,877.47,Utility Bill,Mahebourg,0
b301b19e-6fe3-47d5-8eea-ba9b89e198d5,CUST00154,2026-07-04 12:25:07.379834,615.25,Travel,Tamarin,0
05b4c457-4488-4166-beab-962092cafb63,CUST00195,2026-07-04 12:25:24.379834,1041.85,Fuel Station,Mahebourg,0
d103254d-9087-4e5f-b6f1-de22d75d283a,CUST00110,2026-07-04 12:29:50.379834,445.44,Grocery,Quatre Bornes,0
5798402f-6373-4ad4-94c9-4c915dbf9d44,CUST00067,2026-07-04 12:31:44.379834,1070.1,Grocery,Beau Bassin,0
3107816e-e248-4db2-af19-63ef431c3849,CUST00028,2026-07-04 12:50:14.379834,1332.0,Pharmacy,Quatre Bornes,0
8d031cfd-59a7-4c65-a888-190c08c5cdca,CUST00190,2026-07-04 13:07:16.379834,1605.16,Fuel Station,Rose Hill,0
ecd7d5c2-bbbd-4b66-b943-982990867c29,CUST00183,2026-07-04 13:11:35.379834,2533.38,Online Retail,Flacq,0
c6c39b9a-61e8-4073-98fd-59b60af718b8,CUST00062,2026-07-04 13:13:43.379834,820.12,Pharmacy,Flacq,0
7d218293-19a4-449b-925a-158d486347db,CUST00152,2026-07-04 13:46:51.379834,2581.38,Grocery,Mahebourg,0
2a6d5c7f-0a09-40f5-a9f9-4d328c3bfeb3,CUST00100,2026-07-04 14:03:14.379834,2036.31,Fuel Station,Rose Hill,0
1531afda-1790-4896-8c72-664cd30e23d5,CUST00050,2026-07-04 14:12:30.379834,827.0,Pharmacy,Vacoas,0
1a3319d6-f878-41d4-ac04-12df5527e1ea,CUST00141,2026-07-04 14:18:15.379834,204.06,Restaurant,Quatre Bornes,0
dcf88f3f-3b21-4128-9a8d-8607ed79895f,CUST00139,2026-07-04 14:18:43.379834,679.53,Fuel Station,Vacoas,0
454247bf-02c9-4724-83b9-d9f4679bfc13,CUST00155,2026-07-04 14:30:51.379834,1907.72,Entertainment,Beau Bassin,0
719384b4-bb22-4085-a25f-a0338440e869,CUST00130,2026-07-04 14:48:55.379834,1805.63,Utility Bill,Mahebourg,0
c80db460-ede3-4b7b-9aeb-cd8781979aa3,CUST00022,2026-07-04 15:01:01.379834,320.02,Travel,Flacq,0
96a2637a-8477-4011-bcc2-046e76a750f6,CUST00163,2026-07-04 15:01:28.379834,1787.45,Pharmacy,Rose Hill,0
4b0f86f8-73da-4a74-8b24-47fa8534bec3,CUST00196,2026-07-04 15:05:36.379834,627.99,Utility Bill,Rose Hill,0
5b1dd32f-673f-41eb-a537-3f750b237eda,CUST00152,2026-07-04 15:42:08.379834,3319.3,Online Retail,Mahebourg,0
eec2f3a6-d2bd-4702-ad29-296bde54ebd3,CUST00082,2026-07-04 15:46:21.379834,677.25,Restaurant,Beau Bassin,0
507d6d4e-ff40-4305-afac-7fa4c99d8ebc,CUST00125,2026-07-04 15:54:30.379834,3683.27,Travel,Mahebourg,0
54e98866-7d92-415e-8de8-9d822a011b9c,CUST00168,2026-07-04 16:02:59.379834,465.87,Utility Bill,Curepipe,0
f13846cb-a2c0-4e9f-b322-70a8498c4163,CUST00019,2026-07-04 16:03:09.379834,347.81,ATM Withdrawal,Mahebourg,0
fde8c189-d0e1-48ed-a226-9684b2c7930e,CUST00098,2026-07-04 16:17:09.379834,619.35,Online Retail,Vacoas,0
ae674ad2-5343-49af-afe7-38f56c6968fd,CUST00159,2026-07-04 16:17:25.379834,262.9,Online Retail,Beau Bassin,0
26c8a5d1-1dfa-4c48-8669-f664c56b2ad4,CUST00153,2026-07-04 16:23:10.379834,4030.59,Travel,Port Louis,0
1c7c72b3-420d-4860-b505-e38a6de41c59,CUST00025,2026-07-04 16:27:32.379834,1301.09,Electronics,Tamarin,0
fbeddf04-e7a6-4290-9eb1-d8667f8cc738,CUST00031,2026-07-04 16:42:25.379834,916.12,Travel,Vacoas,0
8a20eaac-2165-4974-b8fb-a7b5b1bc306f,CUST00169,2026-07-04 16:43:47.379834,2897.95,Pharmacy,Mahebourg,1
396c5e7e-7601-40f4-bd8d-cf293013d340,CUST00032,2026-07-04 17:02:31.379834,614.95,Utility Bill,Quatre Bornes,0
0f4d0043-5e96-412e-9349-e29cbeb1f2da,CUST00114,2026-07-04 17:03:44.379834,1679.22,Fuel Station,Port Louis,0
608c9487-8b9b-4118-8450-b947c6621297,CUST00127,2026-07-04 17:18:54.379834,1094.42,Electronics,Mahebourg,0
a671eceb-7823-420c-96ba-a2399dff65b9,CUST00056,2026-07-04 17:44:16.379834,1113.6,Entertainment,Port Louis,0
3177345c-4406-4ac3-8666-5771b447342e,CUST00132,2026-07-04 17:48:18.379834,1487.21,Pharmacy,Beau Bassin,0
1a8db789-e1e0-41b3-9137-32577c2cc90b,CUST00158,2026-07-04 17:49:58.379834,4549.93,Pharmacy,Curepipe,0
a8bd455b-2126-4b24-b80d-d59df5bc7a10,CUST00191,2026-07-04 18:02:58.379834,2884.56,Online Retail,Curepipe,0
8c23d73a-f69a-4f32-a3ed-25bddb9ac296,CUST00075,2026-07-04 18:05:02.379834,331.64,Travel,Rose Hill,0
511cbea1-ff4d-4d4e-b4d2-766e06eb9e26,CUST00095,2026-07-04 18:05:40.379834,447.3,Electronics,Flacq,0
87055ede-7df8-45c8-b42a-71998ce9f20a,CUST00059,2026-07-04 18:09:07.379834,1301.0,Travel,Curepipe,0
724697be-2792-4b0e-bfc0-07be1b82d1f2,CUST00001,2026-07-04 18:15:20.379834,7499.58,Online Retail,Port Louis,1
6949e8cc-5319-47d2-afe1-14d4a7bbd5fe,CUST00193,2026-07-04 18:18:22.379834,626.72,Restaurant,Port Louis,0
bdfe9190-b58c-45a9-99ea-9b6d7764ed79,CUST00190,2026-07-04 18:22:41.379834,2234.77,Travel,Rose Hill,0
e9bcda67-c511-4c2a-ad5c-4cd3a119ca1a,CUST00100,2026-07-04 18:30:20.379834,2957.3,Online Retail,Rose Hill,0
d53fbbda-bea4-4e49-8e2d-28afb6521a79,CUST00042,2026-07-04 18:47:00.379834,1025.12,Pharmacy,Vacoas,0
9b936976-a7d8-40be-9ba8-563ea2ea8843,CUST00062,2026-07-04 18:51:40.379834,295.66,Restaurant,Flacq,0
908073d2-a4de-4197-a4de-859f4df2e1c4,CUST00006,2026-07-04 18:51:58.379834,743.67,Fuel Station,Curepipe,0
8baf94fd-9d2f-4b9b-933a-f12681cc291f,CUST00034,2026-07-04 19:14:17.379834,2910.29,Grocery,Beau Bassin,0
b20fa664-f3b8-4846-a57a-4a1f023a9072,CUST00003,2026-07-04 19:19:36.379834,1087.79,Fuel Station,Rose Hill,0
ebeb1400-c7c2-45b1-a8e5-4a914e646ab0,CUST00038,2026-07-04 19:23:45.379834,1294.46,Fuel Station,Curepipe,0
b7693a03-4da4-4567-b49e-d3a04a222cc9,CUST00169,2026-07-04 19:23:50.379834,2653.21,Restaurant,Mahebourg,0
f6c7efec-2817-47f3-be3b-e5bcbd003ea0,CUST00154,2026-07-04 19:27:02.379834,50.0,Pharmacy,Tamarin,0
0af6d871-4493-409b-8664-d8f0a7e66f95,CUST00009,2026-07-04 19:29:36.379834,202.33,Online Retail,Tamarin,0
b1f179ba-3f49-4521-877b-7e23d2f70cdb,CUST00088,2026-07-04 19:30:38.379834,1360.82,Grocery,Vacoas,0
14190cd3-a15f-40f0-ac67-491cf3e85e56,CUST00022,2026-07-04 19:38:20.379834,386.26,Online Retail,Flacq,0
157f3bdc-aa49-4846-9398-cdd34760b7e5,CUST00134,2026-07-04 19:47:04.379834,188.85,Online Retail,Vacoas,0
0adb3818-17f1-4094-ad6f-5a915a7d2b63,CUST00168,2026-07-04 19:54:42.379834,1009.9,Online Retail,Curepipe,0
ea76dbae-463d-47fa-9e08-5b352e68b43c,CUST00152,2026-07-04 19:54:58.379834,1497.04,Pharmacy,Mahebourg,0
2bf0d591-df5d-44b7-b8ad-d6952d8b42c1,CUST00064,2026-07-04 20:23:14.379834,1569.29,Utility Bill,Grand Baie,0
bd004a6d-12ea-49aa-8d51-cce9205d9e97,CUST00198,2026-07-04 20:24:26.379834,1743.14,Fuel Station,Rose Hill,0
64f976aa-8686-4772-aaef-2749b9cfee25,CUST00017,2026-07-04 20:26:37.379834,967.65,Electronics,Tamarin,0
804a6cd0-8afb-4c51-a446-6a5fb6eef0ba,CUST00098,2026-07-04 20:33:33.379834,603.31,Online Retail,Vacoas,0
8325f319-01b1-4b08-8f36-fcab567f08e7,CUST00024,2026-07-04 20:55:46.379834,1174.43,Electronics,Grand Baie,0
c79d4c92-6ddb-4717-88ba-1e27a4d736bd,CUST00165,2026-07-04 20:59:20.379834,1091.43,Restaurant,Curepipe,0
cc21bfff-3190-4eaa-8c14-6e2d5a33f4eb,CUST00065,2026-07-04 21:14:27.379834,1044.02,Electronics,Beau Bassin,0
84968460-5c21-4219-ac97-3a67e3087681,CUST00075,2026-07-04 21:26:03.379834,417.38,Restaurant,Rose Hill,0
bd9aa1d0-b357-47fb-becc-5e2cc15f7917,CUST00106,2026-07-04 21:28:55.379834,1080.14,Pharmacy,Tamarin,0
82e178c3-c29f-4cde-9b39-23490b937e1c,CUST00068,2026-07-04 21:32:17.379834,1629.13,ATM Withdrawal,Beau Bassin,0
08d93489-7d83-4d01-b09d-00df1da33589,CUST00199,2026-07-04 21:46:13.379834,491.87,Pharmacy,Port Louis,0
1986f5b4-cd28-4527-95f6-70bef6d14096,CUST00066,2026-07-04 22:13:12.379834,179.47,Entertainment,Quatre Bornes,0
0893e81b-911b-48e2-a4b5-8d7de48685ca,CUST00107,2026-07-04 22:13:25.379834,4927.2,Restaurant,Flacq,0
c4077795-2533-4c89-801e-02a80e78e7ca,CUST00172,2026-07-04 22:33:51.379834,1181.34,Restaurant,Grand Baie,0
38568a99-b624-4375-8feb-4e85c005e028,CUST00199,2026-07-04 22:35:42.379834,720.19,Entertainment,Port Louis,0
47caee0f-9912-4af4-a619-7af7933457a0,CUST00131,2026-07-04 22:37:16.379834,956.6,Pharmacy,Vacoas,0
c78ec78c-6fae-443d-9f29-6bc24bec18da,CUST00027,2026-07-04 22:43:08.379834,1126.21,ATM Withdrawal,Port Louis,0
2877f3ce-a25e-49a6-8879-90f21f119e75,CUST00005,2026-07-04 22:44:27.379834,2415.86,Electronics,Quatre Bornes,0
64cb078d-c442-4c3a-bae0-5989903d33dd,CUST00172,2026-07-04 22:55:26.379834,1009.78,Restaurant,Grand Baie,0
80c25ecd-5752-4232-a501-0c0661295f0b,CUST00083,2026-07-04 23:06:47.379834,892.36,Grocery,Port Louis,0
e1762cd8-4f44-4916-a896-f2c1ee9cef62,CUST00024,2026-07-04 23:15:01.379834,1725.06,Travel,Grand Baie,0
9f9720ce-190c-4446-aff5-096d31e2f5da,CUST00190,2026-07-04 23:19:12.379834,3539.04,Fuel Station,Rose Hill,0
f63496ac-efa5-4065-a703-121c4033ee47,CUST00043,2026-07-04 23:24:45.379834,282.2,Fuel Station,Port Louis,0
75333db8-34bf-44a7-851b-a842caac2611,CUST00065,2026-07-04 23:26:30.379834,1270.33,Online Retail,Beau Bassin,0
b0caebe7-8276-4187-aba3-ccbeed23bedd,CUST00048,2026-07-04 23:30:36.379834,1062.23,Online Retail,Curepipe,0
e8a7f5ed-68f2-43bc-8cf2-520fcb425b11,CUST00054,2026-07-04 23:40:02.379834,991.73,Online Retail,Rose Hill,0
eef9a424-7a17-4e5e-98f3-f0ecb4bfe81f,CUST00192,2026-07-04 23:42:32.379834,953.87,Entertainment,Beau Bassin,0
9fc7187c-dac8-4e48-99d8-fdd42747f2a5,CUST00107,2026-07-04 23:48:50.379834,3834.07,Entertainment,Flacq,0
655344b3-30c6-442c-8f7c-27452ee4717a,CUST00143,2026-07-04 23:55:20.379834,614.3,Grocery,Curepipe,0
2cffef8f-2ca0-4395-a813-b22f9f1f0dce,CUST00179,2026-07-05 00:34:42.379834,835.16,Electronics,Rose Hill,0
ec1c6cb6-9a4e-4af0-a01f-0b7a98d0a71a,CUST00115,2026-07-05 00:45:07.379834,1422.48,Pharmacy,Curepipe,0
a26aed7e-2e14-4fb0-acd4-3d454611ffff,CUST00145,2026-07-05 00:45:49.379834,880.21,Online Retail,Mahebourg,0
7c256b2d-08f5-4156-a438-f4cae3458040,CUST00193,2026-07-05 00:47:49.379834,392.36,ATM Withdrawal,Port Louis,0
90a6d879-9f75-46ac-b980-5c8692d68bf2,CUST00000,2026-07-05 01:00:11.379834,2597.07,Pharmacy,Curepipe,0
af8c97e8-fbe0-4463-80a3-a1a4fc205083,CUST00106,2026-07-05 01:01:15.379834,1348.01,Travel,Tamarin,0
7b23d3eb-0a3e-400f-8d37-9268b0bb75b3,CUST00067,2026-07-05 01:05:40.379834,1504.84,Pharmacy,Beau Bassin,0
9916f66b-5807-49b1-a8cb-95c7d1c69ecf,CUST00087,2026-07-05 01:35:58.379834,1191.84,Restaurant,Flacq,0
2930ae11-f3a2-4913-bf4c-3f2b3ecdca43,CUST00108,2026-07-05 01:37:56.379834,1334.19,Entertainment,Beau Bassin,0
1b87a012-b2df-4580-8947-cdd2aaff9819,CUST00017,2026-07-05 01:45:36.379834,1165.09,Restaurant,Tamarin,0
b310999e-b453-47f9-9e34-cb294d56a9ad,CUST00169,2026-07-05 02:13:14.379834,2429.13,Utility Bill,Mahebourg,0
6d8cec73-e64a-4479-a58f-a7d676a7b6c4,CUST00067,2026-07-05 02:22:37.379834,1692.0,Travel,Beau Bassin,0
74b1692d-e46f-483d-977b-45ea87fb74fa,CUST00138,2026-07-05 02:24:51.379834,1825.57,Electronics,Port Louis,0
1f1c0ec4-99a6-479b-ac85-93e688643f57,CUST00053,2026-07-05 02:27:33.379834,1817.54,Grocery,Tamarin,0
9c28c175-bb01-4158-a9d2-1545a2e4c50e,CUST00161,2026-07-05 02:34:33.379834,359.8,Online Retail,Rose Hill,0
0ab012a5-1862-4790-97ee-d1f5693c5e94,CUST00095,2026-07-05 02:34:50.379834,524.29,ATM Withdrawal,Flacq,0
dd30d834-1c30-415f-b355-872a2942e670,CUST00191,2026-07-05 03:00:39.379834,1553.49,Online Retail,Curepipe,0
7b380fa9-39c6-486f-91f5-450c8d5f6fe3,CUST00165,2026-07-05 03:14:53.379834,480.48,Pharmacy,Curepipe,0
0f28373d-93f8-48bd-8568-2701431b9774,CUST00159,2026-07-05 03:28:13.379834,411.06,Grocery,Beau Bassin,0
debbb0c5-7309-41e0-bcff-80d23d3da453,CUST00120,2026-07-05 03:31:55.379834,813.72,Electronics,Curepipe,0
74aa8399-db73-4e89-94c8-3e0b23478d99,CUST00111,2026-07-05 03:32:02.379834,1750.96,Fuel Station,Mahebourg,0
a73f0059-a67a-40d3-a714-18b273176059,CUST00122,2026-07-05 03:35:46.379834,1385.77,Online Retail,Flacq,0
6e823364-885f-4bbc-b685-73331b8aaea7,CUST00083,2026-07-05 03:51:21.379834,1082.69,Grocery,Port Louis,0
e057dd0b-136a-488c-9f79-0921b73cd39e,CUST00120,2026-07-05 03:53:17.379834,546.34,Travel,Curepipe,0
fe14c219-aba8-4e20-b5fb-82e50f5ceea2,CUST00185,2026-07-05 04:00:00.379834,532.42,Online Retail,Grand Baie,0
a8d9e689-2d0c-479b-add2-dea41709a57d,CUST00199,2026-07-05 04:26:41.379834,884.13,Grocery,Port Louis,0
0c5f23f0-ce47-41cf-a85e-630fe3a8d25a,CUST00034,2026-07-05 04:26:45.379834,2186.86,Pharmacy,Beau Bassin,0
bdac8612-0e7a-4da1-b7da-8f0c682d68aa,CUST00087,2026-07-05 04:36:23.379834,1658.84,ATM Withdrawal,Flacq,0
a9609011-9342-4809-9f4e-3979af9a8094,CUST00172,2026-07-05 04:40:10.379834,650.11,ATM Withdrawal,Grand Baie,0
06b1ed56-5215-43ec-b3f2-a22860fc7dec,CUST00151,2026-07-05 04:48:42.379834,4286.01,ATM Withdrawal,Mahebourg,0
e77c7702-dad0-449a-8f78-c889d2fec913,CUST00025,2026-07-05 04:59:54.379834,1974.58,ATM Withdrawal,Tamarin,0
ac3d6c86-1e1d-4b93-9e01-39fe144ae271,CUST00063,2026-07-05 05:04:09.379834,2373.0,Pharmacy,Vacoas,0
98c7585a-47e9-4300-91ee-6f65434f0e8f,CUST00009,2026-07-05 05:05:09.379834,242.43,ATM Withdrawal,Tamarin,0
05af4809-a6d6-4ff0-be05-e6d293c4b40b,CUST00182,2026-07-05 05:07:37.379834,2354.35,Travel,Vacoas,0
ec04abf3-a2c2-4a01-9087-7d8341bf8070,CUST00032,2026-07-05 05:09:39.379834,291.11,Electronics,Quatre Bornes,0
fc9ed561-a0a2-4313-906e-f0658efe991c,CUST00078,2026-07-05 05:11:26.379834,121.15,Travel,Flacq,0
458bda07-6968-46a4-bbbc-6d7111221d1a,CUST00086,2026-07-05 05:35:05.379834,276.56,Grocery,Beau Bassin,0
854788f0-a5d9-446b-8692-27510836eaaa,CUST00185,2026-07-05 05:36:27.379834,1920.47,Entertainment,Grand Baie,0
df94b98f-0932-41a7-a0b2-83df47464fbc,CUST00175,2026-07-05 05:37:20.379834,2091.48,Online Retail,Vacoas,0
4a958834-7a24-42e5-9eee-90e29e51897b,CUST00040,2026-07-05 05:49:38.379834,2586.8,Utility Bill,Beau Bassin,0
e3846a39-a26c-49e6-955f-ec24ca2dcbe9,CUST00128,2026-07-05 05:55:18.379834,2860.69,ATM Withdrawal,Port Louis,0
d77d3108-d30a-4adf-bf92-5ba9f24c28af,CUST00049,2026-07-05 05:58:44.379834,1794.93,Grocery,Mahebourg,0
dd02cc1a-f46e-4538-9f96-a458d970b8dd,CUST00164,2026-07-05 06:06:01.379834,760.41,Fuel Station,Tamarin,0
1b06d09f-3da7-410f-b192-0b2617b3d87b,CUST00198,2026-07-05 06:35:00.379834,1959.89,Pharmacy,Rose Hill,0
30dcbc13-3e71-4e89-b735-412f5d65e277,CUST00181,2026-07-05 06:41:05.379834,1046.06,Utility Bill,Rose Hill,0
0187fb83-502a-4785-8980-6ab6711d6982,CUST00162,2026-07-05 06:57:37.379834,438.01,Electronics,Port Louis,0
65c2d0d7-eac3-43b0-8fd2-bf24a6d62801,CUST00045,2026-07-05 07:01:34.379834,3950.07,Utility Bill,Mahebourg,0
cf431466-e78f-45e4-8a19-8435b3880bc1,CUST00068,2026-07-05 07:11:11.379834,1508.93,Grocery,Beau Bassin,0
c54e9846-35b6-421b-bb15-5c4c048a7382,CUST00136,2026-07-05 07:12:54.379834,2155.74,Fuel Station,Quatre Bornes,0
41e5c6a4-63a3-49ba-95eb-3d3dbb873f5e,CUST00089,2026-07-05 07:17:22.379834,2616.15,Utility Bill,Curepipe,0
e784574a-b640-497f-a31e-03ea0113ab0a,CUST00088,2026-07-05 07:27:08.379834,1434.21,Pharmacy,Vacoas,0
d4613f23-4c54-4ed3-882a-709851b90c03,CUST00125,2026-07-05 07:39:10.379834,2239.57,Entertainment,Mahebourg,0
f73e47cb-3c21-418e-9a8c-a439b1a35779,CUST00097,2026-07-05 07:55:01.379834,2018.02,Online Retail,Quatre Bornes,1
de072676-26ff-46fe-b97b-1c2b912f563f,CUST00157,2026-07-05 08:01:01.379834,649.18,ATM Withdrawal,Port Louis,0
41ba3d8a-7946-40d3-96f6-030699846f1b,CUST00034,2026-07-05 08:16:18.379834,3411.88,Online Retail,Beau Bassin,0
3367b31c-5aeb-4169-a129-ab6475ccd0e6,CUST00014,2026-07-05 08:16:49.379834,1000.14,Utility Bill,Rose Hill,0
15fedfb8-a508-4dbc-9fa8-24ccbcd1fa9e,CUST00165,2026-07-05 08:32:03.379834,606.39,ATM Withdrawal,Curepipe,0
7c855a08-3f2b-447d-be88-14bfb8521a90,CUST00103,2026-07-05 08:47:10.379834,531.07,Online Retail,Vacoas,0
5cf8cb52-0796-4fae-b810-933ae2cc09ff,CUST00000,2026-07-05 08:49:44.379834,1662.37,Fuel Station,Curepipe,0
909d83fd-7a2a-44ca-88b5-b40df191ee42,CUST00000,2026-07-05 08:52:32.379834,1186.82,Entertainment,Curepipe,0
453929b0-50f1-4eb5-b683-d1875721f2ec,CUST00190,2026-07-05 08:54:52.379834,3380.03,Entertainment,Rose Hill,0
536eb546-a009-4d8b-b9d4-c3b9233f3d5b,CUST00182,2026-07-05 08:59:19.379834,3125.01,Travel,Vacoas,0
261a6767-5f06-40f4-b8f3-dc5b9350d76a,CUST00199,2026-07-05 09:10:52.379834,638.26,Online Retail,Port Louis,0
4478798e-6dcc-4270-9441-6dd70511e811,CUST00141,2026-07-05 09:14:46.379834,81.35,Fuel Station,Quatre Bornes,0
b1fc46ee-e4af-4fcc-800d-aca5495b9ed2,CUST00112,2026-07-05 09:27:56.379834,562.93,Pharmacy,Grand Baie,0
67809673-489d-4e35-84fb-4f66cf6774da,CUST00017,2026-07-05 09:52:56.379834,944.94,Utility Bill,Tamarin,0
2d87d0a3-0c58-4a84-ac5a-4cd85a0536ed,CUST00133,2026-07-05 09:56:23.379834,5313.46,Fuel Station,Curepipe,0
82431563-e113-4570-9730-9243e4fe1dc4,CUST00102,2026-07-05 10:03:19.379834,790.88,Grocery,Mahebourg,0
1e6dd1d7-aee9-4e54-ae56-fad420fbd54f,CUST00118,2026-07-05 10:04:48.379834,3007.42,Electronics,Flacq,0
ba0c3537-1076-429d-81b7-9aae06e5cfd9,CUST00102,2026-07-05 10:05:21.379834,986.3,Pharmacy,Mahebourg,0
09e89580-c466-4d22-acfa-dfe9e1e6f4a8,CUST00032,2026-07-05 10:06:15.379834,720.93,ATM Withdrawal,Quatre Bornes,0
a346c876-fcc0-4c59-b9cf-c2b0e5fa9119,CUST00069,2026-07-05 10:28:59.379834,9247.63,Restaurant,Rose Hill,0
8faf7a25-c761-45b5-9d74-9a1dee3c5589,CUST00192,2026-07-05 10:34:10.379834,1331.08,Travel,Beau Bassin,0
ac238d79-05f4-4e61-b80a-82a2da38f539,CUST00180,2026-07-05 10:39:39.379834,2022.93,ATM Withdrawal,Mahebourg,0
d3dbef22-cefe-4aa5-a92e-308e56ef5f1a,CUST00005,2026-07-05 11:01:10.379834,711.83,Fuel Station,Quatre Bornes,0
d4988ee4-25dc-40a5-ad19-66082f786d2c,CUST00070,2026-07-05 11:34:43.379834,948.43,ATM Withdrawal,Vacoas,0
17c9720f-8ce5-4196-bded-b472b546995a,CUST00111,2026-07-05 11:42:27.379834,2491.58,Grocery,Mahebourg,0
670e54cc-089f-49ce-be59-f4441dd53d86,CUST00082,2026-07-05 11:44:17.379834,846.78,Electronics,Beau Bassin,0
5f2c1c13-e70e-49e0-99a0-c8aecf9bb175,CUST00194,2026-07-05 11:55:21.379834,472.05,Fuel Station,Tamarin,0
d6843147-558c-4a2b-858a-75a0eeb375a5,CUST00018,2026-07-05 11:59:26.379834,1324.7,Travel,Port Louis,0
6ef3b307-246a-4923-9a12-e09a3c4617d7,CUST00098,2026-07-05 12:05:21.379834,507.52,Utility Bill,Vacoas,0
d61f4e63-a015-4908-93fa-de776ba50f86,CUST00047,2026-07-05 12:13:47.379834,1644.2,Online Retail,Flacq,0
9217bb14-d7e2-4e20-8acc-b35970d55dd1,CUST00160,2026-07-05 12:35:13.379834,4668.44,Entertainment,Vacoas,0
2b45128f-44e1-4ddc-b554-cf5586aed15b,CUST00062,2026-07-05 12:40:04.379834,991.28,Entertainment,Flacq,0
a22916e2-5c37-476e-a481-24f07e00535e,CUST00153,2026-07-05 12:56:10.379834,1387.02,Online Retail,Port Louis,0
eb11af89-8b90-4948-bec3-c2d5f2f9dfed,CUST00061,2026-07-05 12:58:39.379834,1746.26,Grocery,Curepipe,1
a1a3e889-4f9c-4e64-9c81-56638292ba66,CUST00025,2026-07-05 12:59:53.379834,1273.97,Restaurant,Tamarin,0
cb095f20-d745-469e-b29d-4741dbf12e79,CUST00098,2026-07-05 13:00:15.379834,456.89,ATM Withdrawal,Vacoas,0
0d35b109-4f18-426b-afa8-1a6345fab4c0,CUST00048,2026-07-05 13:17:51.379834,1019.37,Entertainment,Curepipe,0
5a3c6f84-1cbe-4c50-861c-86bf3aee143c,CUST00075,2026-07-05 13:17:56.379834,271.69,Online Retail,Rose Hill,0
bd72ae7c-f287-4ad2-b75c-29e3fcc2e8cd,CUST00056,2026-07-05 13:22:33.379834,535.89,Entertainment,Port Louis,0
a6fe98ea-d617-4c82-a9c6-445177391892,CUST00093,2026-07-05 13:27:42.379834,2516.16,Electronics,Rose Hill,0
70f2862f-03e9-4cb6-af66-0cbc1919f698,CUST00196,2026-07-05 13:28:50.379834,955.99,Restaurant,Rose Hill,0
94fdc84f-0bf9-46e7-a82a-c43f0e22d3aa,CUST00177,2026-07-05 13:44:06.379834,757.35,Online Retail,Tamarin,0
fcf1c0a7-db42-478c-8700-bb811c69dabd,CUST00031,2026-07-05 13:56:10.379834,660.01,Pharmacy,Vacoas,0
665897f2-ac7b-4e31-80ca-9aa352b16c5e,CUST00120,2026-07-05 13:58:35.379834,647.09,Electronics,Curepipe,0
e1392e86-c0e7-4e97-b148-0f763555297e,CUST00122,2026-07-05 14:18:17.379834,1783.61,Online Retail,Flacq,0
7a560fa6-6819-4105-baa5-264aeedcb802,CUST00073,2026-07-05 14:24:43.379834,2540.95,Utility Bill,Quatre Bornes,0
a4366de4-c18b-4530-a84b-30bcd7d553e8,CUST00130,2026-07-05 14:28:07.379834,1922.15,Grocery,Mahebourg,0
fe9fb9f8-cb7d-4901-a109-7d4794356b14,CUST00144,2026-07-05 14:28:25.379834,1256.29,Entertainment,Vacoas,0
e5636293-f193-45d8-b1e1-fb3be9cbb582,CUST00169,2026-07-05 14:37:34.379834,2004.47,Entertainment,Mahebourg,0
f23c4634-eb75-4be4-99d3-60fc21d9682a,CUST00178,2026-07-05 14:38:58.379834,447.68,Pharmacy,Flacq,0
7c69dcd3-1714-49a9-95ca-28d50e20c5b4,CUST00170,2026-07-05 14:47:35.379834,1305.39,Travel,Quatre Bornes,0
8dccde0b-bead-48bf-940d-c8d3c6345c7e,CUST00027,2026-07-05 14:50:16.379834,959.35,Restaurant,Port Louis,0
d6b3be64-df1a-4a2a-88b8-219380dedb14,CUST00042,2026-07-05 14:53:09.379834,1053.88,Online Retail,Vacoas,0
d30d7d7e-2acc-4c85-b258-2469a86a79ae,CUST00077,2026-07-05 15:01:16.379834,877.25,ATM Withdrawal,Grand Baie,0
666a252d-f79f-413b-a568-1b59ddce9638,CUST00009,2026-07-05 15:29:50.379834,189.59,Grocery,Tamarin,0
3a42b4b2-00a4-4a76-8214-bab6b1afcac6,CUST00087,2026-07-05 15:32:45.379834,2332.46,ATM Withdrawal,Flacq,0
19ae0e3e-5afe-4d07-93b6-4588dc03252b,CUST00034,2026-07-05 15:35:58.379834,1880.21,Restaurant,Beau Bassin,0
f4895a81-021b-4a3c-a574-ebe0205ca629,CUST00188,2026-07-05 15:53:40.379834,742.88,Fuel Station,Curepipe,0
f48e8ef8-654f-4e3c-9218-844b48cd1b17,CUST00133,2026-07-05 16:08:26.379834,5667.68,Entertainment,Curepipe,0
f4fadb16-2150-419e-a1f9-849f039afdde,CUST00049,2026-07-05 16:20:37.379834,828.92,Grocery,Mahebourg,0
1d6753b3-0147-44b6-aa3c-25bf45648ed9,CUST00141,2026-07-05 16:20:44.379834,168.87,Travel,Quatre Bornes,0
133401f8-a0e3-47d0-be08-c7fa37c66ca0,CUST00143,2026-07-05 16:23:57.379834,603.27,Grocery,Curepipe,0
053c1c95-674b-4dbf-8ca8-aadbb2940436,CUST00031,2026-07-05 16:34:19.379834,1119.08,Grocery,Vacoas,0
8782cbbd-dbbc-414c-a878-5111783d9438,CUST00131,2026-07-05 16:36:43.379834,510.11,Online Retail,Vacoas,0
3800aa3a-3059-4a70-9d3e-72c2b82c7b58,CUST00110,2026-07-05 16:38:37.379834,604.04,Grocery,Quatre Bornes,0
b746b009-ce7f-4367-b70b-bc89aca47229,CUST00011,2026-07-05 16:55:00.379834,1614.08,Travel,Port Louis,0
bce2b0d4-9cf4-49c1-a1c7-a39c0af37f2d,CUST00019,2026-07-05 16:56:45.379834,216.42,Restaurant,Mahebourg,0
de0439c1-588d-4648-8d3b-ea66f5c4eaf6,CUST00108,2026-07-05 17:03:41.379834,3064.51,Grocery,Beau Bassin,0
7ff06392-0dad-4f4f-9876-754a40cfc6d7,CUST00066,2026-07-05 17:11:08.379834,141.42,Restaurant,Quatre Bornes,0
d0096c8a-3426-4c21-9027-bf7919d9b1a7,CUST00091,2026-07-05 17:13:49.379834,1318.59,Grocery,Tamarin,0
1357dc81-1516-478a-b7b5-3cf09d9473fb,CUST00139,2026-07-05 17:17:16.379834,1327.74,Utility Bill,Vacoas,0
f8633f24-1238-4abb-83fe-dd926a2004af,CUST00046,2026-07-05 17:21:36.379834,1774.18,Travel,Curepipe,0
09bea6eb-8879-47cd-9112-f25c7bd3767f,CUST00179,2026-07-05 17:37:38.379834,1180.34,Grocery,Rose Hill,0
0fab1a95-2bdc-4cb9-bc2d-8d2c9220a9e6,CUST00002,2026-07-05 17:38:44.379834,1434.14,Online Retail,Vacoas,0
61325d26-ad19-4143-b8ad-ced6be4c29bd,CUST00165,2026-07-05 17:46:21.379834,720.1,ATM Withdrawal,Curepipe,0
1261c886-85ae-4390-bd4c-ab0bc260996e,CUST00080,2026-07-05 18:07:56.379834,602.08,ATM Withdrawal,Mahebourg,0
a70cc22c-e503-464e-acf6-858b95bca1c5,CUST00134,2026-07-05 18:42:20.379834,62.72,Grocery,Vacoas,0
c9bf1e4a-97aa-4374-b024-29bf7ca04a19,CUST00049,2026-07-05 18:43:16.379834,1686.57,Online Retail,Mahebourg,0
d204b6f9-cac6-44a5-84e0-586a129f20f6,CUST00170,2026-07-05 18:43:44.379834,1205.28,Travel,Quatre Bornes,0
f15578db-f2dc-4479-9efe-e3ab0fb144fd,CUST00142,2026-07-05 18:46:11.379834,1958.33,Travel,Mahebourg,0
423f931c-e4a5-4fbb-bbe3-02d0c83a645c,CUST00196,2026-07-05 18:48:53.379834,1678.33,Electronics,Rose Hill,0
adda30b0-b348-42f8-a663-58c0f799b5cd,CUST00102,2026-07-05 18:56:12.379834,2024.78,Fuel Station,Mahebourg,1
6aec7f2e-77bf-4802-9ae6-8c8661e743d8,CUST00143,2026-07-05 18:56:20.379834,571.24,Entertainment,Curepipe,0
dcc43a70-93a3-4458-be10-dd55a0e9640f,CUST00006,2026-07-05 19:04:55.379834,768.57,Online Retail,Curepipe,0
e7424500-60a7-4851-9edc-d4b26b587d08,CUST00096,2026-07-05 19:19:24.379834,5534.2,Online Retail,Grand Baie,0
5e7f9f90-c91e-4ba9-a9a8-689ef4a16974,CUST00147,2026-07-05 19:23:36.379834,873.69,Utility Bill,Rose Hill,0
24b4717e-0599-4f8e-b2e3-354dce6491c9,CUST00082,2026-07-05 19:23:43.379834,883.64,ATM Withdrawal,Beau Bassin,0
1f42c4a9-0959-4430-82b5-12124b0d1dad,CUST00049,2026-07-05 19:24:17.379834,2232.47,Travel,Mahebourg,0
f840a5de-9b35-4998-bb98-5143902cd3da,CUST00154,2026-07-05 19:28:22.379834,810.27,Restaurant,Tamarin,0
4fa58cb1-7cc3-4a19-b02d-3a81b4998a85,CUST00191,2026-07-05 19:34:03.379834,1681.98,ATM Withdrawal,Curepipe,0
b64d9660-a967-4cad-a32d-aea1b0744280,CUST00177,2026-07-05 19:41:27.379834,1344.12,Entertainment,Tamarin,0
3717c5d8-0420-40c1-a475-c582bc533215,CUST00025,2026-07-05 19:45:24.379834,1952.85,Grocery,Tamarin,0
336529cc-f868-4a5c-99f2-1066e28b95d0,CUST00164,2026-07-05 19:50:08.379834,1138.74,Electronics,Tamarin,0
a9292430-a1aa-4f66-a7e9-dcd015e5ef5b,CUST00168,2026-07-05 19:50:50.379834,1165.15,Electronics,Curepipe,0
755686d9-01f9-40f1-8a85-eb39ad5c5a34,CUST00164,2026-07-05 20:07:07.379834,1078.1,Utility Bill,Tamarin,0
2dd6e065-3287-49c8-b509-e27f4cd0e1cb,CUST00083,2026-07-05 20:09:07.379834,798.36,Travel,Port Louis,0
59b3669f-f3a8-42ff-acb9-cebdc435e050,CUST00173,2026-07-05 20:13:14.379834,2971.36,Pharmacy,Mahebourg,0
4d2b6482-29cf-40b7-8152-4046e4354030,CUST00150,2026-07-05 20:30:14.379834,2567.07,Fuel Station,Quatre Bornes,0
73232cf3-f2c9-4fad-92b4-58ab3f8360fb,CUST00048,2026-07-05 20:36:11.379834,1242.83,Utility Bill,Curepipe,0
7f414034-6083-473b-97b5-20c9345fd018,CUST00144,2026-07-05 20:41:11.379834,868.27,Pharmacy,Vacoas,0
cf5c9df1-193a-4f8e-b667-52dd8834b14c,CUST00066,2026-07-05 20:47:30.379834,261.09,Electronics,Quatre Bornes,0
8ac9dff3-53a9-478d-8ce9-6916148fee6c,CUST00147,2026-07-05 20:51:13.379834,715.96,Entertainment,Rose Hill,0
9d2aabbb-3ba6-4e47-b3c3-49fa81238a17,CUST00089,2026-07-05 20:52:32.379834,1182.43,Travel,Curepipe,0
9513fc69-5738-4f94-9491-e35d53911e98,CUST00155,2026-07-05 20:52:36.379834,1931.37,Travel,Beau Bassin,0
bc4ffa19-3f81-492c-835b-a11f77f920e9,CUST00158,2026-07-05 20:52:37.379834,2814.17,Online Retail,Curepipe,0
c46edaa0-6b6c-463a-a47e-a41af8b9876d,CUST00123,2026-07-05 20:57:03.379834,567.41,ATM Withdrawal,Tamarin,0
8fb51c71-ba43-4043-9233-98c725f95a01,CUST00146,2026-07-05 21:13:43.379834,2576.38,Pharmacy,Tamarin,0
95d8b024-e779-4b7d-9485-b3157ed6b388,CUST00117,2026-07-05 21:16:38.379834,323.73,Entertainment,Quatre Bornes,0
bc3c4d1d-9ed0-4b16-b743-f5e2431cecc2,CUST00152,2026-07-05 21:17:57.379834,2628.68,Utility Bill,Mahebourg,0
16731132-eaa3-4633-81b1-bda80f4b9a62,CUST00006,2026-07-05 21:36:59.379834,1013.16,Restaurant,Curepipe,0
4c68b67a-5493-4a7f-9ae0-dfbec4f1074c,CUST00036,2026-07-05 21:44:40.379834,801.73,Fuel Station,Curepipe,0
9dd847b9-14b7-49c9-846a-c9fc9fd5a0cd,CUST00016,2026-07-05 22:22:07.379834,450.0,Fuel Station,Mahebourg,0
d5e1435c-5d99-4457-9f2f-6a1f47cebd20,CUST00168,2026-07-05 22:26:54.379834,1917.52,Grocery,Curepipe,0
74716431-4e55-421c-86c5-c4bcb7e2ffe3,CUST00033,2026-07-05 22:41:43.379834,2344.93,Restaurant,Rose Hill,0
d98a0483-232c-4fd4-9076-09f3fccbaa63,CUST00046,2026-07-05 22:45:22.379834,1228.59,Fuel Station,Curepipe,0
a1237cd0-51da-42df-bd44-5cc9f822ec5f,CUST00113,2026-07-05 22:47:30.379834,2956.72,Grocery,Curepipe,0
c477292d-35ad-49ea-bbdf-7ad133b08f80,CUST00138,2026-07-05 22:54:14.379834,3013.1,Travel,Port Louis,0
6160ae7e-b970-42cb-ae4e-b3a0218ac8f0,CUST00130,2026-07-05 23:09:41.379834,1799.22,Pharmacy,Mahebourg,0
22ac3a86-0c57-4e90-b020-a01ae486d621,CUST00040,2026-07-05 23:15:43.379834,1979.91,Pharmacy,Beau Bassin,0
1399f633-0b76-41fa-9b6a-1b3dc303779d,CUST00055,2026-07-05 23:23:22.379834,1711.52,ATM Withdrawal,Curepipe,0
f9d594c8-f525-43cf-b580-6e4a56e01304,CUST00030,2026-07-05 23:39:40.379834,784.43,Utility Bill,Beau Bassin,0
e4e8ce3b-084c-4b51-91c0-a425bf96db5d,CUST00037,2026-07-05 23:46:43.379834,1265.09,Utility Bill,Flacq,0
d8f842d5-b1e5-475d-bf18-cf695f347bd7,CUST00041,2026-07-06 00:04:07.379834,5088.31,Fuel Station,Tamarin,0
5823e695-c0f2-4218-8560-3db11ef0ad39,CUST00000,2026-07-06 00:14:28.379834,2790.91,Travel,Curepipe,0
b5683345-3e6a-4f96-a8ba-8f45b84a02ea,CUST00155,2026-07-06 00:17:33.379834,1987.4,Grocery,Beau Bassin,0
5e0600ec-6385-4668-b950-d949cf78c2cb,CUST00065,2026-07-06 00:33:50.379834,1555.68,Fuel Station,Beau Bassin,0
1a984dc7-0005-4895-950e-3cf69e13b5a9,CUST00065,2026-07-06 00:34:50.379834,1555.68,Fuel Station,Beau Bassin,1
a8bf0b13-6cfc-41fa-82f5-3ba596815986,CUST00065,2026-07-06 00:42:50.379834,1555.68,Fuel Station,Beau Bassin,1
04dfae53-1881-4589-b8ff-39e97102b237,CUST00065,2026-07-06 00:48:50.379834,1555.68,Fuel Station,Beau Bassin,1
5119b020-1810-4008-b754-1f02b5d17dc5,CUST00065,2026-07-06 00:49:50.379834,1555.68,Fuel Station,Beau Bassin,1
f9ab1d86-735f-4530-af24-c11aed376f9c,CUST00065,2026-07-06 00:49:50.379834,1555.68,Fuel Station,Beau Bassin,1
bdfa80d3-bd15-43ad-b109-0fc0543acfe9,CUST00185,2026-07-06 00:54:41.379834,701.84,Online Retail,Grand Baie,0
0f3f8741-0f3f-4525-bd65-f86c58bc2228,CUST00159,2026-07-06 00:59:29.379834,277.24,ATM Withdrawal,Beau Bassin,0
09128783-3a76-4f57-9399-d893668a86ad,CUST00071,2026-07-06 01:02:57.379834,1393.74,Pharmacy,Curepipe,0
34c56662-a048-428f-b51c-3015c81e6823,CUST00148,2026-07-06 01:25:54.379834,797.14,Fuel Station,Quatre Bornes,0
74bd4f6e-fa95-420c-b7a5-13bdd05de82e,CUST00157,2026-07-06 01:30:49.379834,352.85,Grocery,Port Louis,0
28ae5c0a-1311-40db-9398-747a04dfaf89,CUST00189,2026-07-06 01:51:43.379834,7170.04,Travel,Rose Hill,0
72eb53e7-a8f0-4b9c-bd47-f21a3a3bd35b,CUST00033,2026-07-06 01:58:15.379834,2599.82,Grocery,Rose Hill,0
2e2c2787-b482-4911-a3e7-0f166093eaaa,CUST00123,2026-07-06 02:05:20.379834,574.28,Utility Bill,Tamarin,0
ff3b2275-5141-46f4-b803-5fba62208b6a,CUST00111,2026-07-06 02:09:46.379834,2937.8,Grocery,Mahebourg,0
3b5de089-fbab-40d1-87f4-01526660ed17,CUST00093,2026-07-06 02:21:13.379834,1649.78,Pharmacy,Rose Hill,0
703a5c3e-f9d0-4613-93d7-a8c7d7117e61,CUST00029,2026-07-06 02:28:36.379834,3365.86,Online Retail,Flacq,0
96d853ea-0ca8-4e11-8d04-f35a9b5f9644,CUST00149,2026-07-06 02:36:20.379834,424.53,Electronics,Beau Bassin,0
789918ba-7ea1-492c-ab8b-22880198571b,CUST00037,2026-07-06 02:36:56.379834,686.68,ATM Withdrawal,Flacq,0
24b5d639-bff2-48f5-ab16-a04f1658c01e,CUST00102,2026-07-06 02:40:30.379834,1080.33,Restaurant,Mahebourg,0
edd6c1ca-414c-4235-9285-cde183e733d7,CUST00187,2026-07-06 02:42:49.379834,639.2,Online Retail,Grand Baie,0
73c7c1dd-3b76-4359-ae09-87118f1a04e3,CUST00009,2026-07-06 02:47:36.379834,148.11,Utility Bill,Tamarin,0
e3f24268-d13b-476c-8e22-5b3bae8b7ee3,CUST00026,2026-07-06 03:05:36.379834,1061.1,Fuel Station,Vacoas,0
32cdea2c-4c60-4c0b-9266-beb8e4222b1d,CUST00089,2026-07-06 03:05:43.379834,2971.52,Pharmacy,Curepipe,0
e59e51ee-1d79-487a-bf2e-cd39a7be9390,CUST00077,2026-07-06 03:17:34.379834,557.06,Fuel Station,Grand Baie,0
40a01573-f353-4d49-96ff-e2d04c7a1aeb,CUST00154,2026-07-06 03:17:58.379834,879.17,Travel,Tamarin,0
77f51499-fbaf-46dd-9fac-03b1f37d7c22,CUST00197,2026-07-06 03:21:21.379834,805.21,ATM Withdrawal,Tamarin,0
1b89e238-e383-4576-abdd-0ad3fbe957d0,CUST00004,2026-07-06 03:33:00.379834,3810.95,Electronics,Rose Hill,0
9fa02eb3-31e4-40f9-94bf-9fefb5f57370,CUST00152,2026-07-06 03:38:36.379834,3868.82,Travel,Mahebourg,0
f0da081e-ff84-4fc9-b248-51fc353e5fda,CUST00137,2026-07-06 03:41:42.379834,890.97,Travel,Grand Baie,0
2e554ef0-6606-4ee3-9b8a-dd01c28b847e,CUST00163,2026-07-06 03:45:19.379834,1429.92,Online Retail,Rose Hill,0
1f09b335-c3c8-491c-941a-f9d6cd3f5c02,CUST00166,2026-07-06 03:56:00.379834,2396.4,Electronics,Curepipe,0
5ed78b09-f5cb-4e46-8a81-9eb2e39170e2,CUST00016,2026-07-06 04:03:50.379834,860.22,Travel,Mahebourg,0
39824b96-d108-456d-8d84-62cf0938bb04,CUST00132,2026-07-06 04:08:08.379834,1072.94,Online Retail,Beau Bassin,0
1ca1dd52-db5a-4881-90fd-28fdcffdc45d,CUST00185,2026-07-06 04:17:22.379834,1273.25,Restaurant,Grand Baie,0
a2d9e43b-45c2-4610-9efd-8e1f92328752,CUST00032,2026-07-06 04:46:07.379834,801.9,Electronics,Quatre Bornes,0
34bff79b-295f-4cc0-bb28-d6ccba17280f,CUST00145,2026-07-06 04:50:27.379834,2132.46,Grocery,Mahebourg,0
eb68ef8c-952a-490a-a20a-bc826ce2c44c,CUST00158,2026-07-06 04:54:13.379834,4363.98,Restaurant,Curepipe,0
a54f15c5-8061-4359-9d77-1907f4fbd752,CUST00194,2026-07-06 05:08:28.379834,2636.11,Pharmacy,Tamarin,0
6a8026c7-90f9-466f-b8a6-1ae696d2e063,CUST00061,2026-07-06 05:23:58.379834,1070.75,Grocery,Curepipe,0
f08fc3de-5d77-4318-ab02-04a2901db584,CUST00170,2026-07-06 05:45:26.379834,1351.55,Pharmacy,Quatre Bornes,0
76a58584-2862-440b-a8fb-1bc147e113b7,CUST00198,2026-07-06 05:57:00.379834,1749.4,Grocery,Rose Hill,0
a84a3648-f81e-48dc-bde6-e282b88a5293,CUST00189,2026-07-06 05:58:55.379834,5235.09,Online Retail,Rose Hill,0
8bfaae1f-d179-47bb-8c87-a05f0faf1e92,CUST00070,2026-07-06 05:59:07.379834,1374.12,Electronics,Vacoas,0
b6df8d06-bac6-4dea-803c-7ec18604f512,CUST00086,2026-07-06 06:18:18.379834,300.62,Online Retail,Beau Bassin,0
6474a0aa-b251-469e-8231-7f716b91f28c,CUST00076,2026-07-06 06:25:15.379834,462.29,Utility Bill,Quatre Bornes,0
5f5fb2ea-fdd0-42cc-b478-6e4e40ac4939,CUST00143,2026-07-06 06:26:53.379834,403.5,Grocery,Curepipe,0
44bfd62d-cfee-4e5c-b4e6-e502b1576b94,CUST00189,2026-07-06 06:27:44.379834,4578.66,Electronics,Rose Hill,0
a10c3ca4-5294-44be-b424-d047a1e7b697,CUST00131,2026-07-06 06:31:19.379834,819.65,Online Retail,Vacoas,0
5d248360-83cb-4f3c-b8f1-f18066024016,CUST00124,2026-07-06 06:31:52.379834,3409.99,ATM Withdrawal,Grand Baie,0
d76bfced-f415-4169-83f9-40862cf58f7e,CUST00009,2026-07-06 06:39:39.379834,254.74,Online Retail,Tamarin,0
f59a2ad7-be7b-4524-919e-51fea92acb70,CUST00030,2026-07-06 06:49:19.379834,1737.22,Grocery,Beau Bassin,0
aa5b581b-e447-4211-aacf-de808b3a79ec,CUST00177,2026-07-06 07:01:48.379834,991.58,Online Retail,Tamarin,0
feef10b5-b872-450a-8e41-ab474a080024,CUST00136,2026-07-06 07:09:44.379834,1877.63,Grocery,Quatre Bornes,0
b075f18f-5f07-4c12-bf85-550171ee297e,CUST00127,2026-07-06 07:09:54.379834,2369.8,Utility Bill,Mahebourg,0
1e099cc1-bbeb-4c1b-a80f-44db49ac5c94,CUST00106,2026-07-06 07:12:10.379834,1047.06,Travel,Tamarin,0
37a2473b-55ae-4ed0-b23c-c97722bf1250,CUST00126,2026-07-06 07:32:59.379834,2683.63,Online Retail,Vacoas,0
a7d76ccb-3c9d-4f2b-9129-3b99c44ba9e6,CUST00030,2026-07-06 07:36:58.379834,2482.94,Travel,Beau Bassin,0
3c1c3274-c85f-4113-a994-c5aae256e68b,CUST00167,2026-07-06 07:48:52.379834,178.85,Restaurant,Grand Baie,0
0c497b24-2035-45ed-8565-1bc297224926,CUST00047,2026-07-06 08:01:09.379834,1504.37,Entertainment,Flacq,0
26827aeb-d635-4bd8-861f-e5c271b2afe6,CUST00160,2026-07-06 08:17:52.379834,1642.73,Travel,Vacoas,0
d40b28ff-fc33-4081-8a56-afb40e19ec67,CUST00072,2026-07-06 08:27:29.379834,3500.34,Travel,Tamarin,0
750ec417-b676-40ca-8dd8-410afde97bd6,CUST00094,2026-07-06 08:32:00.379834,2040.24,Restaurant,Grand Baie,0
8288010d-9b18-473f-8708-0c5e5d0114c7,CUST00038,2026-07-06 08:40:23.379834,690.75,Travel,Curepipe,0
926afd7c-32f0-489a-89cb-3ee8ba743584,CUST00177,2026-07-06 08:41:30.379834,1243.45,Online Retail,Tamarin,0
3197f19e-08ce-43ff-9b1d-39ba74d31489,CUST00059,2026-07-06 09:00:07.379834,1951.15,Electronics,Curepipe,0
91f35ee4-c4bb-4325-a0c6-fbd1fa3a0ea9,CUST00083,2026-07-06 09:09:33.379834,1487.4,Grocery,Port Louis,0
f51eda43-1d9f-4c43-b895-b35f43a2c42a,CUST00107,2026-07-06 09:25:25.379834,2347.08,Grocery,Flacq,0
bfd82b45-28ff-479f-a87d-784270fe53d9,CUST00009,2026-07-06 09:35:50.379834,152.84,Utility Bill,Tamarin,0
c6db6137-5c99-45ac-a5c3-cf1f489a1a34,CUST00083,2026-07-06 09:50:21.379834,609.93,Online Retail,Port Louis,0
ed2e6e85-af5f-419d-b006-231dc15f2242,CUST00043,2026-07-06 09:52:28.379834,774.21,Grocery,Port Louis,0
24620cb8-8350-477a-b4d9-98e5863bcef8,CUST00062,2026-07-06 10:17:57.379834,914.99,ATM Withdrawal,Flacq,0
6e31e2ee-f77a-469f-830e-7055bcc2ad8a,CUST00022,2026-07-06 10:21:34.379834,481.33,Pharmacy,Flacq,0
bf4340fa-fff0-4cff-9ea3-5e9be4ee5b19,CUST00118,2026-07-06 10:29:35.379834,2271.67,Electronics,Flacq,0
7ee0aed5-13a2-4d10-afda-a751b3d7a3fd,CUST00085,2026-07-06 10:45:17.379834,410.49,Restaurant,Port Louis,0
ce753ae7-5f3e-4ed8-ae82-6c2995b637b6,CUST00132,2026-07-06 10:53:28.379834,1587.59,ATM Withdrawal,Beau Bassin,0
45eb96f4-844d-4567-a6e3-212b35e92741,CUST00073,2026-07-06 10:54:04.379834,2487.99,Fuel Station,Quatre Bornes,0
80795a72-6d68-473d-8de1-2198418567fb,CUST00025,2026-07-06 10:59:34.379834,2100.92,Online Retail,Tamarin,0
4beb408a-e07b-4caf-9588-9e35e4bbcefe,CUST00129,2026-07-06 11:01:53.379834,2883.66,Restaurant,Curepipe,0
c6b2fff8-f55f-44f8-82fd-d40cfb06a88d,CUST00085,2026-07-06 11:16:56.379834,457.32,Travel,Port Louis,0
e398d06e-2294-4521-b1f3-dc223a9356c3,CUST00010,2026-07-06 11:43:47.379834,603.16,Electronics,Flacq,0
54ae4cd0-5faa-4997-8e3e-eb0bfc92cdc4,CUST00000,2026-07-06 11:43:51.379834,2556.15,Utility Bill,Curepipe,0
ca486f6b-3c36-4976-9fb9-d7b24a8a69a3,CUST00179,2026-07-06 11:46:08.379834,1544.24,Utility Bill,Rose Hill,0
e8c9d1cd-ed95-4016-ba44-21cc6fabfa6d,CUST00092,2026-07-06 11:54:50.379834,885.34,Restaurant,Beau Bassin,0
02544122-2254-4f4b-b051-49ad7a7a58c3,CUST00097,2026-07-06 12:03:27.379834,1206.08,Restaurant,Quatre Bornes,0
4bdccda1-be85-4ac9-93f7-70e01e2c2cff,CUST00015,2026-07-06 12:17:38.379834,1798.79,Entertainment,Rose Hill,0
31a6c551-8aee-49a6-9986-7fc72816bdad,CUST00040,2026-07-06 12:20:43.379834,1374.91,Travel,Beau Bassin,0
20e0f22d-f8b1-431c-8d77-106b1c61a1cc,CUST00161,2026-07-06 12:21:14.379834,190.49,Restaurant,Rose Hill,0
b13142c0-e023-4ea3-a4c4-f8118ad2d627,CUST00143,2026-07-06 12:21:15.379834,693.7,ATM Withdrawal,Curepipe,0
e76c3d17-ae2c-4714-a91d-c1ea98070b9c,CUST00015,2026-07-06 12:21:38.379834,1798.79,Entertainment,Rose Hill,1
ade5eaa1-48f2-4ec7-9229-474c07389564,CUST00015,2026-07-06 12:21:38.379834,1798.79,Entertainment,Rose Hill,1
a50e7e84-cbd9-4a8b-a9c0-1b4f8db028ad,CUST00012,2026-07-06 12:27:56.379834,3214.55,Pharmacy,Port Louis,0
628f961f-2d79-476b-a182-ed88160a2dd7,CUST00015,2026-07-06 12:32:38.379834,1798.79,Entertainment,Rose Hill,1
0b4b0269-f9d1-4353-bf66-86d2efa8b85a,CUST00015,2026-07-06 12:37:38.379834,1798.79,Entertainment,Rose Hill,1
a57b9862-73db-45f6-8dcd-46f8f521c15c,CUST00136,2026-07-06 12:45:05.379834,2659.61,Restaurant,Quatre Bornes,0
b6920c75-6d50-4100-9c07-0085cf0e39dc,CUST00007,2026-07-06 12:51:55.379834,2556.81,ATM Withdrawal,Mahebourg,0
8b645815-24dc-4cb3-814d-090c5597e16d,CUST00015,2026-07-06 12:57:38.379834,1798.79,Entertainment,Rose Hill,1
a2512728-4f9c-45a6-aa1d-3d9e9b656fb7,CUST00033,2026-07-06 13:31:58.379834,2509.09,Online Retail,Rose Hill,0
681d5923-334a-4910-a4e7-6d969723b60a,CUST00010,2026-07-06 13:34:52.379834,738.99,Travel,Flacq,0
d3f560a4-3a22-4131-b3c8-1f203a1faa6c,CUST00015,2026-07-06 13:49:36.379834,1011.31,Online Retail,Rose Hill,0
4e661b7b-f03f-4e89-afc1-672520726092,CUST00114,2026-07-06 13:51:02.379834,568.06,Fuel Station,Port Louis,0
d5dedc6d-9447-4c5c-9ca9-eb4e0f377bed,CUST00098,2026-07-06 13:51:19.379834,551.69,ATM Withdrawal,Vacoas,0
ee5d3546-666b-4351-afa8-3a50a2776e64,CUST00012,2026-07-06 14:05:33.379834,2521.63,Electronics,Port Louis,0
a11baed9-8466-4dd2-aaea-5f1dbf50119a,CUST00196,2026-07-06 14:14:07.379834,1921.21,Travel,Rose Hill,0
b7a327cb-64c4-4bf5-86bc-6b2b62b95acd,CUST00098,2026-07-06 14:16:03.379834,728.23,Travel,Vacoas,0
9ecf8733-8be6-496b-9a00-2e55463e820d,CUST00054,2026-07-06 14:16:50.379834,1291.32,Travel,Rose Hill,0
01bfcc80-fb1d-46d3-9a7a-f9267cd5317d,CUST00048,2026-07-06 14:17:04.379834,516.39,Fuel Station,Curepipe,0
df70143d-aff6-41b0-ba32-459a4e36f03f,CUST00102,2026-07-06 14:28:40.379834,551.95,ATM Withdrawal,Mahebourg,0
d0e54076-8dec-45a0-ad26-7f0ac1793911,CUST00139,2026-07-06 14:39:38.379834,1878.53,Utility Bill,Vacoas,0
41cf2189-4ea9-478c-b580-57baca435729,CUST00187,2026-07-06 14:44:02.379834,1602.27,Online Retail,Grand Baie,0
cb516fc3-0b86-490a-a0d2-a27c6f27384f,CUST00129,2026-07-06 15:07:44.379834,1324.69,ATM Withdrawal,Curepipe,0
579b5681-76c0-463f-946b-93efccfaefb6,CUST00156,2026-07-06 15:15:41.379834,2908.33,Entertainment,Grand Baie,0
0cd5215d-3d7c-4181-b382-44f3cbb8a73d,CUST00193,2026-07-06 15:52:35.379834,671.39,Grocery,Port Louis,0
570d81b7-9ec9-4c81-a50b-8a63c6aaf50b,CUST00191,2026-07-06 15:53:34.379834,514.44,Travel,Curepipe,0
18a14f1c-a78a-4efb-a09d-629370fbb507,CUST00013,2026-07-06 15:58:51.379834,733.43,Grocery,Curepipe,0
6c2fbee0-ea5b-4e6b-814c-9014eadb1c94,CUST00157,2026-07-06 16:13:27.379834,440.44,ATM Withdrawal,Port Louis,0
aac3a443-3671-422c-98fa-0161e0c4450d,CUST00056,2026-07-06 16:14:51.379834,1186.06,Pharmacy,Port Louis,0
a5293bd3-4d29-4976-945d-cd09363e7e55,CUST00029,2026-07-06 16:20:23.379834,2505.31,Online Retail,Flacq,0
9402462f-ade6-47dc-b042-4bf50207f1e2,CUST00195,2026-07-06 16:24:30.379834,908.77,Entertainment,Mahebourg,0
fa5e5ffa-6bbb-4939-b7c1-5d73be701067,CUST00082,2026-07-06 16:33:09.379834,591.88,Restaurant,Beau Bassin,0
91091f55-6ec0-44ba-b0e9-14a06a8cea77,CUST00104,2026-07-06 16:47:32.379834,978.66,ATM Withdrawal,Tamarin,0
93327454-e60a-4af9-8abf-2d81890e393a,CUST00104,2026-07-06 16:49:26.379834,1068.54,ATM Withdrawal,Tamarin,0
ed4c072c-1df7-4c9e-aa56-9e3026118263,CUST00112,2026-07-06 17:10:51.379834,1311.39,Travel,Grand Baie,0
dfaa1a8e-614e-4d84-ad72-fc791508e120,CUST00085,2026-07-06 17:27:24.379834,675.76,Utility Bill,Port Louis,0
7aeeb4e9-6396-4708-9bf0-136968443914,CUST00171,2026-07-06 17:29:26.379834,757.69,ATM Withdrawal,Quatre Bornes,0
87f88a44-cfd6-4e30-8ea5-7116189dadc0,CUST00087,2026-07-06 17:35:40.379834,1670.38,ATM Withdrawal,Flacq,1
fb522859-d011-43a0-8b09-d4a67f1e5cb0,CUST00141,2026-07-06 17:37:06.379834,112.41,Electronics,Quatre Bornes,0
aabb6791-83bd-4897-96a3-1a2f4c25dc51,CUST00044,2026-07-06 17:38:55.379834,1355.0,Electronics,Grand Baie,0
f82e5fe5-6ecb-49a5-95ce-ba75e05632fb,CUST00197,2026-07-06 17:38:59.379834,754.48,Grocery,Tamarin,0
3547e676-7864-465a-b9a9-d19a2abd6509,CUST00047,2026-07-06 17:47:12.379834,1478.38,Fuel Station,Flacq,0
a59ae6a7-2431-488e-a9db-aedbdfcb957a,CUST00191,2026-07-06 17:57:56.379834,2839.82,Restaurant,Curepipe,0
e29e9d30-7135-48d9-bb30-50f690985593,CUST00018,2026-07-06 18:00:53.379834,1275.43,Online Retail,Port Louis,0
05e2331a-fb78-4932-b385-ae61115043ae,CUST00080,2026-07-06 18:06:00.379834,690.01,Pharmacy,Mahebourg,0
040f7ce5-2373-495c-8a17-8dcf42077012,CUST00065,2026-07-06 18:15:55.379834,1325.17,Utility Bill,Beau Bassin,0
4ef8180b-4686-41dd-b825-9a5f63179a04,CUST00102,2026-07-06 18:26:08.379834,1859.33,Utility Bill,Mahebourg,0
356b751c-59b3-44e3-a858-7471efdf7cb9,CUST00006,2026-07-06 18:29:14.379834,825.54,Travel,Curepipe,0
efa66fd2-979a-417d-8ee1-5d8cb0b909c6,CUST00119,2026-07-06 18:30:51.379834,330.24,Entertainment,Tamarin,0
5f8432c2-0adb-4696-bcbd-3ed0953b0d90,CUST00030,2026-07-06 18:44:50.379834,2463.37,Entertainment,Beau Bassin,0
b586443d-ee55-4021-96aa-4e4e674a2e89,CUST00012,2026-07-06 18:49:09.379834,3616.42,Utility Bill,Port Louis,0
6d411b75-1006-405c-b633-9546af14ba0c,CUST00061,2026-07-06 18:54:52.379834,1085.33,Electronics,Curepipe,0
5c7ba8e4-52f0-4c7e-92c0-04e7978df6b8,CUST00052,2026-07-06 18:56:30.379834,1106.76,Online Retail,Beau Bassin,0
d7d89981-a69d-4415-8b89-433c2c9a3b2c,CUST00110,2026-07-06 18:58:45.379834,324.66,Fuel Station,Quatre Bornes,0
3f128040-43d4-432c-91c7-87f3e1044690,CUST00026,2026-07-06 19:00:12.379834,1713.04,Travel,Vacoas,0
0f698c39-c334-4d41-b797-ae827ca9bf50,CUST00114,2026-07-06 19:06:13.379834,1281.91,Pharmacy,Port Louis,0
be4d4620-08e3-46ae-b566-dc583842c6d2,CUST00088,2026-07-06 19:11:58.379834,2866.74,Utility Bill,Vacoas,0
b719cae7-b18a-413d-9c96-7ca54c32ebb1,CUST00100,2026-07-06 19:13:28.379834,3607.58,Travel,Rose Hill,0
fdf9811c-5042-44f2-a38c-d2a9633952a1,CUST00158,2026-07-06 19:17:17.379834,3796.55,Electronics,Curepipe,0
2cc7f518-1777-430a-9ce4-c0c8b6ed14b5,CUST00022,2026-07-06 19:27:56.379834,237.16,Entertainment,Flacq,0
6d93e990-fa71-499d-a03d-2caec21a8bf6,CUST00026,2026-07-06 19:36:09.379834,1377.84,Electronics,Vacoas,0
12ab8288-4bd0-4069-84f1-c5f5a0a45acc,CUST00089,2026-07-06 19:38:26.379834,2300.79,Grocery,Curepipe,0
caad3e99-03ea-4f2c-a0c4-8fe6af1e9b6a,CUST00116,2026-07-06 19:54:26.379834,613.8,Electronics,Quatre Bornes,0
004ebeff-e0b9-4601-b67a-0bdba3c9243d,CUST00027,2026-07-06 20:01:02.379834,946.04,Entertainment,Port Louis,0
84cc5a25-bea0-44ba-8081-eaea22d52bca,CUST00165,2026-07-06 20:43:50.379834,703.98,Electronics,Curepipe,0
3c0ebf73-92f3-4c2f-872d-7c95f4cc9dc0,CUST00160,2026-07-06 20:49:58.379834,3667.13,Grocery,Vacoas,0
c4140cc5-9c7e-47af-95d5-263a03909831,CUST00081,2026-07-06 20:56:04.379834,3547.13,Pharmacy,Rose Hill,0
c651f354-720b-4eb8-aed4-bc2c69b09dab,CUST00177,2026-07-06 21:12:45.379834,1132.15,ATM Withdrawal,Tamarin,0
fa5dfe66-23b6-489b-9ce1-69b76836f736,CUST00140,2026-07-06 21:14:00.379834,1024.63,Entertainment,Mahebourg,0
b67f8315-83e2-4669-91ee-a92435ff10d0,CUST00117,2026-07-06 21:41:12.379834,357.4,Pharmacy,Quatre Bornes,0
e7e40869-a288-4d35-9d78-613e7fee7580,CUST00128,2026-07-06 21:41:13.379834,1605.46,Utility Bill,Port Louis,0
859d6e16-72f0-4c4d-a119-956e0a737f64,CUST00059,2026-07-06 21:45:01.379834,2818.21,Fuel Station,Curepipe,0
0146ca6f-2f1d-4807-b476-0ddb8beee01c,CUST00189,2026-07-06 21:49:44.379834,3084.2,Restaurant,Rose Hill,0
864642e3-7028-4d61-acdd-67bbbe3ba613,CUST00059,2026-07-06 21:53:36.379834,1743.38,Entertainment,Curepipe,0
2663e97a-9a0c-4e7f-8e8e-ab5a9953a197,CUST00005,2026-07-06 21:57:39.379834,3122.05,Pharmacy,Bogota,1
a5410643-2eeb-4691-b0a4-75f2485eb482,CUST00194,2026-07-06 22:07:16.379834,2381.47,Utility Bill,Tamarin,0
07b1b002-e943-4a29-9754-d74b705f49dd,CUST00111,2026-07-06 22:29:23.379834,2725.01,Utility Bill,Mahebourg,0
b2579431-d83c-4fc8-8c8e-777b2afce389,CUST00052,2026-07-06 22:33:37.379834,2674.2,Electronics,Beau Bassin,0
8c2ccd65-ee5a-48bb-b8b0-297d996138ca,CUST00023,2026-07-06 23:06:43.379834,1574.78,Travel,Rose Hill,0
5d0e891c-5edd-41c8-915d-5ff0f5a28116,CUST00036,2026-07-06 23:06:50.379834,583.49,Online Retail,Curepipe,0
22245fe6-b875-4292-8cd0-8624da41a987,CUST00131,2026-07-06 23:13:02.379834,555.68,Utility Bill,Vacoas,0
05463d08-0fd5-47c1-94cc-4e7f8f122fc9,CUST00132,2026-07-06 23:42:37.379834,1412.09,Grocery,Beau Bassin,0
d3f270d5-edc3-4586-a4c1-35a1b8cb8690,CUST00147,2026-07-06 23:46:03.379834,1688.92,Entertainment,Rose Hill,1
7103f8fd-5434-4f38-9b55-3de23c3a0412,CUST00196,2026-07-07 00:02:05.379834,1949.97,Online Retail,Rose Hill,0
880eff54-620f-4ec4-9263-2d3dd5d13a28,CUST00182,2026-07-07 00:19:04.379834,2144.01,Travel,Vacoas,0
cad58143-b60e-4740-9974-078d9e02a97f,CUST00122,2026-07-07 00:21:38.379834,1811.47,Utility Bill,Flacq,0
b236e1af-7a3a-4b74-a47d-c629db68276d,CUST00163,2026-07-07 00:47:52.379834,2018.66,Travel,Rose Hill,0
e3239f79-7305-4d67-95a6-a1a869c442a8,CUST00000,2026-07-07 00:49:09.379834,2069.37,Entertainment,Curepipe,0
caa9000b-d265-4942-98bd-26f7ec4142a8,CUST00191,2026-07-07 01:08:36.379834,3005.48,Entertainment,Curepipe,0
1c9a5fa0-8f5c-4a60-85e4-43c9bf8a697b,CUST00149,2026-07-07 01:18:34.379834,454.17,Grocery,Beau Bassin,0
fe7833c2-47b2-4925-a660-b97b3ccaa6ed,CUST00112,2026-07-07 01:20:35.379834,630.7,Restaurant,Grand Baie,0
767d2a86-35c0-46eb-9494-44d94cb05396,CUST00055,2026-07-07 01:22:22.379834,2934.44,Entertainment,Curepipe,0
6daa9e1b-9a72-46df-8846-d9f7977d74fa,CUST00097,2026-07-07 01:26:40.379834,1623.19,Fuel Station,Quatre Bornes,0
84ace7fc-53f6-4941-ba80-00f1a6aaebef,CUST00088,2026-07-07 01:34:31.379834,1138.73,ATM Withdrawal,Vacoas,0
8388c1fd-4c31-487c-bf1c-c72ca90ad244,CUST00159,2026-07-07 01:46:56.379834,304.05,Entertainment,Beau Bassin,0
5566dfe3-52a5-4e5b-ba96-65aa36e45a73,CUST00012,2026-07-07 01:51:23.379834,1564.32,Utility Bill,Port Louis,0
757278ac-3b21-4075-83e9-6b88d249d519,CUST00072,2026-07-07 01:59:11.379834,1637.22,Pharmacy,Tamarin,0
4b9691e8-0f4b-409a-875a-2684af7a7624,CUST00126,2026-07-07 02:02:14.379834,1180.85,Online Retail,Vacoas,0
612e7e0a-e577-40de-81ae-f22291c5dda3,CUST00183,2026-07-07 02:04:55.379834,1563.24,Utility Bill,Flacq,0
dbdd6406-0ad7-4b73-abe1-29371b5f5f5b,CUST00117,2026-07-07 02:16:42.379834,175.3,Pharmacy,Quatre Bornes,0
78fefc00-5214-41fd-94d9-e602000091d4,CUST00166,2026-07-07 02:19:46.379834,5088.33,Electronics,Curepipe,0
37c77f8d-af9a-4743-a618-6be5bc5a98bb,CUST00176,2026-07-07 02:23:24.379834,601.97,Entertainment,Mahebourg,0
6a33402b-9ca9-44b6-b7fc-3f5e4150ffb2,CUST00161,2026-07-07 02:55:49.379834,472.34,Electronics,Rose Hill,0
4037bef4-588e-4ab4-a1ab-fd46cd355e38,CUST00039,2026-07-07 02:57:22.379834,1058.58,ATM Withdrawal,Beau Bassin,0
3ec25e9d-3c9d-4c7c-bf21-c6390d2330e4,CUST00082,2026-07-07 02:59:47.379834,944.89,Electronics,Beau Bassin,0
28e9ae42-12fb-44b9-b188-ba3985b87041,CUST00164,2026-07-07 03:03:45.379834,791.25,ATM Withdrawal,Tamarin,0
3d059b52-a42e-4ccb-99e2-29f188f3ee54,CUST00114,2026-07-07 03:19:31.379834,1655.36,ATM Withdrawal,Port Louis,0
e69e8c99-0e14-414b-9835-b2c7e96b096c,CUST00098,2026-07-07 03:20:03.379834,732.59,Restaurant,Vacoas,0
9b282ece-0003-4227-999f-dfa859f7d31b,CUST00125,2026-07-07 03:22:51.379834,2648.05,Online Retail,Mahebourg,0
c711f0e6-9724-4ce9-ad37-2f9898c270f9,CUST00103,2026-07-07 03:33:51.379834,202.7,Travel,Vacoas,0
602051d9-05e8-43f7-baaf-7eadbd23bb68,CUST00053,2026-07-07 03:39:40.379834,2105.72,Fuel Station,Tamarin,0
22271204-d37c-4b77-a508-724686bf3159,CUST00115,2026-07-07 03:40:05.379834,654.18,Electronics,Curepipe,0
3d852ccb-d67b-46f5-b8ed-89329979d11b,CUST00115,2026-07-07 03:43:05.379834,654.18,Electronics,Curepipe,1
6f8a2579-d466-4443-b586-efb75b4dca41,CUST00178,2026-07-07 03:43:49.379834,883.0,Online Retail,Flacq,0
21153a33-4c20-4801-ac61-c4c2209f15ba,CUST00115,2026-07-07 03:44:05.379834,654.18,Electronics,Curepipe,1
9932232f-7d8f-4ebc-80f1-9ec98bf9e21f,CUST00115,2026-07-07 03:54:05.379834,654.18,Electronics,Curepipe,1
3ccf4021-95a1-443c-b180-58e0dd451a99,CUST00055,2026-07-07 03:56:55.379834,2261.27,Pharmacy,Curepipe,0
4ecab611-fdc5-472a-a626-4d8e0cb3c687,CUST00115,2026-07-07 03:58:05.379834,654.18,Electronics,Curepipe,1
bc012d3c-35f0-44b0-8efd-d2942cac6cd3,CUST00151,2026-07-07 04:11:51.379834,4170.17,Fuel Station,Mahebourg,0
c1877aa7-bcb8-4104-a1b5-2111e87c7f0b,CUST00178,2026-07-07 04:35:17.379834,838.42,Entertainment,Flacq,0
7e7f7e3c-c585-4f28-9de0-cf2d02d949c5,CUST00106,2026-07-07 04:47:17.379834,1243.06,ATM Withdrawal,Tamarin,0
425e8eee-b087-4007-8d4b-1cfd939e549d,CUST00062,2026-07-07 04:48:03.379834,628.52,Pharmacy,Flacq,0
e3173043-86c2-4367-9191-76fa49301e3f,CUST00009,2026-07-07 05:17:18.379834,267.16,Entertainment,Tamarin,0
421ec445-f8f6-4cfb-8aa9-bb8a891fdd0e,CUST00158,2026-07-07 05:20:12.379834,4322.55,Travel,Curepipe,0
2bb4d172-7ada-47b8-9d53-d07cfdaa1546,CUST00138,2026-07-07 05:27:47.379834,1637.45,Grocery,Port Louis,0
c855e0aa-883c-4071-a50a-2305c43c4b6e,CUST00056,2026-07-07 05:28:53.379834,692.24,Entertainment,Port Louis,0
6c99f378-570a-4236-92c4-dc7e1d5c6153,CUST00167,2026-07-07 05:44:31.379834,468.26,Electronics,Grand Baie,0
9f7d5448-5dc5-49f8-9b76-10e24b00cd97,CUST00101,2026-07-07 05:55:32.379834,2191.41,Travel,Mahebourg,0
9bad9f4b-4871-499d-8024-3ef6856fddb0,CUST00155,2026-07-07 05:59:12.379834,1022.12,Grocery,Beau Bassin,0
e6424a92-bad8-4dcb-abac-269b9092bc6c,CUST00073,2026-07-07 06:19:43.379834,2738.99,Travel,Quatre Bornes,0
9b153eea-038e-43d0-9380-d2e6e8944c58,CUST00002,2026-07-07 06:24:06.379834,894.95,Online Retail,Vacoas,0
315a6284-9882-4d7a-a219-3e9716ca39a4,CUST00075,2026-07-07 06:25:24.379834,343.47,Fuel Station,Rose Hill,0
1ad1d6fe-389e-4118-820a-1872e698a6d4,CUST00198,2026-07-07 06:28:53.379834,1124.75,ATM Withdrawal,Rose Hill,0
170248df-e13e-49a3-8782-2dab1ee4aaa0,CUST00006,2026-07-07 06:42:00.379834,1110.4,Restaurant,Curepipe,0
b9b6f27e-3d51-4c19-9804-6382d42332d5,CUST00001,2026-07-07 06:57:45.379834,1785.42,Pharmacy,Port Louis,0
74ae88aa-3e67-4789-a24c-516a5b88c21e,CUST00196,2026-07-07 06:58:36.379834,2113.1,Travel,Rose Hill,0
0d18d973-322f-483a-8281-daded0cfbfb4,CUST00155,2026-07-07 07:02:30.379834,1549.77,Fuel Station,Beau Bassin,0
c0c1a91e-6b76-4fc5-b363-c958968ea5c0,CUST00111,2026-07-07 07:04:20.379834,1565.04,Entertainment,Mahebourg,0
8b237780-7f7a-40e1-b5c7-c3a3fd7247fb,CUST00153,2026-07-07 07:25:14.379834,2418.67,Grocery,Port Louis,0
192d7ce9-f87a-4b9c-ab14-d9f8e0814a12,CUST00121,2026-07-07 07:26:04.379834,969.08,Travel,Flacq,0
bc6e855f-212e-4521-af80-b454fa707704,CUST00117,2026-07-07 07:31:49.379834,339.4,Grocery,Quatre Bornes,0
dc4622a0-4834-4026-8e96-507b142f69f7,CUST00109,2026-07-07 07:34:27.379834,1141.93,Utility Bill,Rose Hill,0
22310444-a410-4e03-b59e-efc9b1e9cbff,CUST00034,2026-07-07 07:53:12.379834,2866.61,Electronics,Beau Bassin,0
3b710bcd-ec9a-4388-8483-6c773c5a1f4d,CUST00173,2026-07-07 07:55:20.379834,2308.06,Grocery,Mahebourg,0
73cb3190-8996-45ab-ad5c-8c74e085addd,CUST00106,2026-07-07 07:58:37.379834,809.76,Fuel Station,Tamarin,0
f79325a9-a5df-49dc-a972-23c68d5f72e9,CUST00064,2026-07-07 07:59:46.379834,2459.16,Utility Bill,Grand Baie,0
32748c10-7a6b-47f2-8494-9564d1a7da4a,CUST00041,2026-07-07 08:00:34.379834,3004.07,Online Retail,Tamarin,0
1f7f2011-909f-4ab3-b6b0-ac20fea5e709,CUST00009,2026-07-07 08:03:25.379834,246.31,Electronics,Tamarin,0
91d48b15-e823-4cfd-9ed0-b4b7d762c2b8,CUST00036,2026-07-07 08:05:25.379834,558.86,Online Retail,Curepipe,0
bd8c8c4f-528b-4774-863b-0777b94e8164,CUST00193,2026-07-07 08:13:09.379834,742.2,Restaurant,Port Louis,0
34886c80-8b0d-472b-84bc-9ffdd7f8af52,CUST00124,2026-07-07 08:14:06.379834,3352.19,Travel,Grand Baie,0
b9d11550-1c36-40b2-92ca-9d41150aba4b,CUST00160,2026-07-07 08:30:17.379834,4375.7,Travel,Vacoas,0
556f3e1f-8f1c-4f37-8d27-97baf911556e,CUST00091,2026-07-07 08:36:43.379834,1461.68,Entertainment,Tamarin,0
93b73018-49a3-43e4-92e4-3d68f144d059,CUST00031,2026-07-07 08:37:58.379834,839.94,Entertainment,Vacoas,0
23bfbdd2-b8c8-48ec-a150-7cee6a3a211a,CUST00023,2026-07-07 08:38:38.379834,1619.4,Utility Bill,Rose Hill,0
a4e8f5e2-d459-45d8-96e3-2dbd7f1aa1bd,CUST00018,2026-07-07 08:39:22.379834,1061.99,Pharmacy,Port Louis,0
c0fc5304-9931-43b7-a080-8771ab901d91,CUST00115,2026-07-07 08:44:29.379834,1839.65,Travel,Curepipe,0
816f35b0-2dd6-4639-8e28-02215a78e119,CUST00115,2026-07-07 08:48:26.379834,1234.76,Restaurant,Curepipe,0
2856c512-a576-4335-bb58-be817639c0b2,CUST00116,2026-07-07 09:10:19.379834,335.44,ATM Withdrawal,Quatre Bornes,0
7ab129ec-820b-4130-a744-8637daf1a2bb,CUST00038,2026-07-07 09:12:10.379834,870.85,Pharmacy,Curepipe,0
9d04cf49-5222-4a56-899b-556c70cf4c9a,CUST00075,2026-07-07 09:13:32.379834,425.31,Online Retail,Rose Hill,0
74868bb4-3feb-440c-a9b9-1ee1a5756e9a,CUST00012,2026-07-07 09:16:22.379834,4731.27,Pharmacy,Port Louis,0
b35cc072-00a2-4670-851a-0ee159780dc3,CUST00036,2026-07-07 09:24:13.379834,820.45,ATM Withdrawal,Curepipe,0
2c071a32-5960-41a3-b0ce-350a733a30fe,CUST00076,2026-07-07 09:41:01.379834,476.13,Pharmacy,Quatre Bornes,0
7f38b19a-2ac3-49f1-96df-5932e43af32e,CUST00121,2026-07-07 10:12:34.379834,1674.36,Entertainment,Flacq,0
73fb905d-bab3-429c-b70f-bb664f67eaa9,CUST00101,2026-07-07 10:19:23.379834,2354.47,Entertainment,Mahebourg,0
7ac1172e-992a-4bf5-bfb3-20125d5cf2c1,CUST00000,2026-07-07 10:22:43.379834,1210.62,Restaurant,Curepipe,0
ed257994-87c0-4840-a1aa-121725f4378b,CUST00124,2026-07-07 10:28:33.379834,3186.66,Entertainment,Grand Baie,0
c426e1ca-2bd3-4f99-bfb6-19bb44b8c1cc,CUST00020,2026-07-07 10:45:19.379834,2186.36,Grocery,Rose Hill,0
ab2dafeb-a372-472b-8ec5-af36a1a40984,CUST00173,2026-07-07 10:56:10.379834,2659.16,Entertainment,Mahebourg,0
007bc55a-96a4-436e-9803-3bac0c450724,CUST00118,2026-07-07 10:56:31.379834,2200.81,ATM Withdrawal,Flacq,0
a090efe0-bfa6-4d64-9614-ba31d83c272b,CUST00021,2026-07-07 11:01:41.379834,277.66,Restaurant,Mahebourg,0
8b78cf6c-fd28-430b-835d-be1f0a6db0ec,CUST00124,2026-07-07 11:23:42.379834,3629.5,Restaurant,Grand Baie,0
58cfe4c6-9fc5-4340-b06d-2410296349a7,CUST00015,2026-07-07 11:32:44.379834,1454.45,Restaurant,Rose Hill,0
9a98f8cd-c315-498e-a6bf-9023b4544439,CUST00095,2026-07-07 11:55:15.379834,1087.06,Fuel Station,Flacq,0
b273e5c8-eccb-445f-995a-4628298e4cac,CUST00189,2026-07-07 12:05:02.379834,5988.34,Electronics,Rose Hill,0
fdb07a8e-a82f-45e5-ab1d-0e61d7fc8f1d,CUST00040,2026-07-07 12:14:38.379834,3713.27,Restaurant,Beau Bassin,1
61ea30ff-8443-4da5-94e3-21244a3535b2,CUST00097,2026-07-07 12:18:57.379834,2608.5,Utility Bill,Quatre Bornes,0
3f467356-2a40-4dd1-9cd1-2caf9162b053,CUST00005,2026-07-07 12:19:34.379834,2749.56,Travel,Quatre Bornes,0
df95c4d4-4d8e-4de4-9b51-f66f37ad425f,CUST00196,2026-07-07 12:24:03.379834,2138.34,Grocery,Rose Hill,0
4782bfeb-0fc0-486c-b439-3314ab70acfb,CUST00055,2026-07-07 12:31:28.379834,2272.86,Electronics,Curepipe,0
ef2d42b4-0d18-46ba-944e-8abea3e3d521,CUST00018,2026-07-07 12:45:14.379834,1634.05,Entertainment,Port Louis,0
4b898c6e-df93-45e2-aee4-42d751f99a43,CUST00028,2026-07-07 12:52:18.379834,1084.64,Travel,Quatre Bornes,0
56b7f13e-6406-4eb0-97ac-9b51c9e5e56d,CUST00154,2026-07-07 13:05:52.379834,701.32,Travel,Tamarin,0
f9899b9c-0b5d-49ce-b59f-9dead46db695,CUST00050,2026-07-07 13:18:02.379834,405.12,Travel,Vacoas,0
778dd3fd-5358-431d-900a-4ef50b35c9d6,CUST00065,2026-07-07 13:23:34.379834,897.16,Fuel Station,Beau Bassin,0
5f92c06c-fe0e-4f92-b891-d4d525460345,CUST00116,2026-07-07 13:33:32.379834,438.02,Utility Bill,Quatre Bornes,0
e4037d5e-32e8-47f6-a77e-17c696b98035,CUST00115,2026-07-07 13:42:28.379834,1080.94,Online Retail,Curepipe,0
9a4a1955-6a15-497e-b84b-59d389810e01,CUST00052,2026-07-07 13:49:30.379834,2788.89,Grocery,Beau Bassin,0
5078babd-f43c-4a3c-b436-c7189391cc77,CUST00113,2026-07-07 13:58:47.379834,1961.77,Fuel Station,Curepipe,0
fe8a1025-a5e0-4c61-86e4-e73cb1f42922,CUST00025,2026-07-07 14:16:15.379834,2074.01,Grocery,Tamarin,0
3080151e-e5db-4450-8997-223d2025379a,CUST00165,2026-07-07 14:17:48.379834,475.71,Electronics,Curepipe,0
7b5c8616-37bf-47cc-aa43-03b3d60fca27,CUST00064,2026-07-07 14:18:41.379834,1878.52,Restaurant,Grand Baie,0
8c7acc19-4b94-4f77-991d-7087fd52061c,CUST00117,2026-07-07 14:18:44.379834,326.7,Utility Bill,Quatre Bornes,0
57f2d713-f32f-4118-961f-04d4b990ce62,CUST00005,2026-07-07 14:25:41.379834,2387.71,Utility Bill,Quatre Bornes,0
58595688-98a0-4817-8a8f-116bc1ce33fd,CUST00138,2026-07-07 14:26:17.379834,3871.18,Pharmacy,Lagos,1
364a24fd-7f41-43e4-a01d-0f1499e7507c,CUST00026,2026-07-07 14:30:11.379834,1335.39,Utility Bill,Vacoas,0
772d5274-522c-47be-9ebf-efa0491214af,CUST00194,2026-07-07 14:36:22.379834,4483.01,Pharmacy,Tamarin,1
bf9f3b8c-eaaf-4e9f-8877-7ec694d29c4d,CUST00161,2026-07-07 14:40:05.379834,437.71,Electronics,Rose Hill,0
3987ee51-f913-4f89-9ac4-c9e5ddcf3387,CUST00098,2026-07-07 14:42:46.379834,545.48,Travel,Vacoas,0
d45e9614-853a-4a03-91ab-3bc7b2d2264e,CUST00089,2026-07-07 14:44:27.379834,3154.3,Fuel Station,Curepipe,0
e7500ecc-f03d-4518-b029-29d4b02aa4e1,CUST00004,2026-07-07 15:11:20.379834,4481.68,Grocery,Rose Hill,0
aa33972b-c89c-42e8-90b2-0a50f65e453d,CUST00170,2026-07-07 15:25:33.379834,957.35,Entertainment,Quatre Bornes,0
2f653160-778e-49bc-9e32-c0da0e92edbc,CUST00029,2026-07-07 15:26:40.379834,2734.72,Travel,Flacq,0
f1da341f-e536-4c5c-9467-b2a62602d4eb,CUST00103,2026-07-07 15:31:39.379834,540.22,Electronics,Vacoas,0
e603950a-1faa-44f1-9907-f51d131d5f23,CUST00188,2026-07-07 15:39:31.379834,514.16,Electronics,Curepipe,0
3a64586d-0a20-4d40-bdc5-38cf0c88754f,CUST00054,2026-07-07 16:10:56.379834,2082.15,ATM Withdrawal,Rose Hill,0
637cac40-d1d7-424e-9e70-75ac1d052016,CUST00167,2026-07-07 16:21:34.379834,648.37,Entertainment,Grand Baie,0
27d75f97-4ed9-46ff-b2cf-6faacfc982af,CUST00167,2026-07-07 16:24:38.379834,392.15,Travel,Grand Baie,0
6d51c336-9702-4047-830f-c24144ae16a4,CUST00174,2026-07-07 16:47:12.379834,3788.03,Restaurant,Quatre Bornes,0
0239f7f7-e8f3-4ce6-afc7-70d53a7c5e66,CUST00154,2026-07-07 16:50:59.379834,1016.08,Utility Bill,Tamarin,0
40d9c524-2e6c-43f9-8e71-665d63fded7c,CUST00026,2026-07-07 16:52:09.379834,1099.75,Restaurant,Vacoas,0
40d3e5f3-f832-4899-a5e6-fc070a642413,CUST00199,2026-07-07 17:07:12.379834,624.61,Fuel Station,Port Louis,0
1491acd4-db05-4926-90df-47ff0e2ff797,CUST00059,2026-07-07 17:31:47.379834,1902.46,Electronics,Curepipe,0
cbdb5489-2840-4ae3-9286-cbd26be271ba,CUST00055,2026-07-07 17:34:31.379834,2878.38,Pharmacy,Curepipe,0
01b3ff06-6274-4bae-8a21-e5b7b321a0e9,CUST00104,2026-07-07 17:59:12.379834,1724.76,Travel,Tamarin,0
7675ea58-f6f4-4c87-be8b-dabd6808c2e4,CUST00034,2026-07-07 18:03:44.379834,2165.67,Electronics,Beau Bassin,0
399cbf18-d61a-4217-b88c-52b92020d63b,CUST00157,2026-07-07 18:15:07.379834,634.57,Entertainment,Port Louis,0
97eb0965-c5f3-4a3f-adac-d71fa96d1056,CUST00132,2026-07-07 18:19:33.379834,1060.12,Pharmacy,Beau Bassin,0
b30139d2-bb1a-4eb1-b6ec-dc50e06fd9cd,CUST00069,2026-07-07 18:20:02.379834,5355.89,Travel,Rose Hill,0
81889bda-f35a-4ebc-830a-9a5bc9db850f,CUST00166,2026-07-07 18:27:10.379834,5838.2,Pharmacy,Curepipe,1
3713fa96-f85f-4ac9-a2bd-4c5a11c6b57e,CUST00156,2026-07-07 18:28:25.379834,1246.6,Travel,Grand Baie,0
643f1e56-a4d8-4af2-92a0-11dbf0898b1d,CUST00065,2026-07-07 18:28:52.379834,1125.85,Restaurant,Beau Bassin,0
3b2b4a98-d912-440e-a9ef-069118251b42,CUST00112,2026-07-07 18:37:17.379834,575.66,Electronics,Grand Baie,0
6cf6443c-18ef-47a1-970f-1387eda90f37,CUST00136,2026-07-07 18:48:53.379834,3727.33,ATM Withdrawal,Quatre Bornes,0
b9a64afc-0c26-49d4-a541-a9f4e9707327,CUST00167,2026-07-07 18:58:34.379834,463.76,Electronics,Grand Baie,0
0af58abe-0bdc-4e5e-b419-3653594c779b,CUST00119,2026-07-07 19:01:15.379834,287.59,ATM Withdrawal,Tamarin,0
b420cbff-d3a8-4d24-82d6-31f69f8cf75c,CUST00173,2026-07-07 19:08:00.379834,2024.48,Restaurant,Mahebourg,0
cfdbc9a7-5374-45c0-841d-a9ea8324d105,CUST00121,2026-07-07 19:15:04.379834,1767.68,Grocery,Flacq,0
64a273c8-f541-4a30-afd0-1de5a24b1431,CUST00126,2026-07-07 19:17:50.379834,2212.45,Electronics,Vacoas,0
ef64aa41-259f-44eb-b98d-48f3b473af47,CUST00159,2026-07-07 19:38:59.379834,359.72,ATM Withdrawal,Beau Bassin,0
54d69152-20eb-43b0-a389-afd76cc6a27b,CUST00060,2026-07-07 19:45:47.379834,271.17,Fuel Station,Rose Hill,0
2c2cdb90-9359-41fa-9cfc-189be6e12e05,CUST00059,2026-07-07 19:46:04.379834,1689.9,Restaurant,Curepipe,0
ecb4eb00-1d5d-4a4b-9957-37b6e9900128,CUST00061,2026-07-07 19:51:52.379834,1039.8,Entertainment,Curepipe,0
4e3a5ba5-16aa-48f8-8641-c1af3694d2f3,CUST00193,2026-07-07 20:10:07.379834,655.77,Electronics,Port Louis,0
6470e0e1-b347-406b-b3f8-2948b869f0f2,CUST00187,2026-07-07 20:13:03.379834,853.1,Online Retail,Grand Baie,0
5cf1707f-9cd9-4f49-9ea2-51e51921e3b4,CUST00121,2026-07-07 20:16:22.379834,831.82,Online Retail,Flacq,0
51adcb14-76bd-4bfe-ab55-72ff2721015c,CUST00040,2026-07-07 20:22:24.379834,2339.37,ATM Withdrawal,Beau Bassin,0
e1bcff4b-d394-4d5d-82d5-b01e9d0aea2f,CUST00012,2026-07-07 20:25:10.379834,2645.82,Electronics,Port Louis,0
6865ff76-e33c-43c1-9d84-d056a682568f,CUST00117,2026-07-07 20:35:13.379834,279.11,Travel,Quatre Bornes,0
346bcf2d-6913-4da8-9e19-b7c5e17976a5,CUST00030,2026-07-07 20:38:06.379834,1976.25,Pharmacy,Beau Bassin,0
64f5e249-b96d-4a78-b403-dbb4c5d5dc7f,CUST00151,2026-07-07 20:38:18.379834,4167.02,Utility Bill,Mahebourg,0
01e79469-c44d-4295-8f0b-6ad001a41e5a,CUST00182,2026-07-07 20:52:10.379834,2672.02,Electronics,Vacoas,0
71325737-22cd-49a9-b93e-550459ecbaf3,CUST00007,2026-07-07 20:57:10.379834,1913.79,Grocery,Mahebourg,0
f7d9b420-0d95-4457-8fe0-c1d08bf9df6f,CUST00158,2026-07-07 21:06:10.379834,3131.05,Entertainment,Curepipe,0
d5b3d4d2-5dbd-4bc6-8efa-772ebb0118b3,CUST00057,2026-07-07 21:18:20.379834,612.77,Grocery,Rose Hill,0
9fe05c3d-efd6-47f0-9f35-8d6bb0182303,CUST00192,2026-07-07 21:19:34.379834,703.37,Electronics,Beau Bassin,0
69b59d0b-de23-4c8c-98f4-ba82bd4f2033,CUST00111,2026-07-07 21:33:38.379834,2273.74,Online Retail,Mahebourg,0
fcc08501-14d6-418b-ae65-6242797f0833,CUST00033,2026-07-07 21:40:38.379834,2102.3,Online Retail,Rose Hill,0
5f34cc06-147a-4827-86bc-407c0bd1bc24,CUST00121,2026-07-07 22:09:11.379834,1532.16,Electronics,Flacq,0
9faf1635-f783-403a-94c8-42bdddd957ff,CUST00001,2026-07-07 22:16:31.379834,1733.4,Electronics,Port Louis,0
a4f12334-6b0d-4950-b368-9327ac1baeca,CUST00151,2026-07-07 22:21:02.379834,3295.49,Pharmacy,Mahebourg,0
b8b94c56-27ed-476b-a3d0-1bd0b8332759,CUST00147,2026-07-07 22:32:56.379834,800.59,Grocery,Rose Hill,0
4812a116-be23-4f9a-b3f6-6ba3897ad820,CUST00135,2026-07-07 22:36:31.379834,830.7,Electronics,Flacq,0
2a810929-6b76-4a4f-9c83-0b61c826a108,CUST00088,2026-07-07 22:38:34.379834,1603.12,Entertainment,Vacoas,0
8ad19277-0d74-40f9-9e4e-fb826a0def37,CUST00000,2026-07-07 22:56:45.379834,1904.24,Online Retail,Curepipe,0
48483c47-a8e1-42b9-8e92-3b2696a32828,CUST00048,2026-07-07 22:57:23.379834,908.35,Travel,Curepipe,0
42493523-f2cc-4576-addf-d3909eeeb9f1,CUST00068,2026-07-07 23:13:09.379834,2072.97,Entertainment,Beau Bassin,0
d1fdd806-2e71-46c9-9dc7-16029dc7698d,CUST00061,2026-07-07 23:15:51.379834,387.82,Grocery,Curepipe,0
b01c974f-3148-4ce5-ad62-9cb4ee5cb4b9,CUST00154,2026-07-07 23:19:08.379834,1086.59,Utility Bill,Tamarin,0
5c787a9f-7441-4f53-ab41-8e7b096733ad,CUST00057,2026-07-07 23:22:08.379834,1204.92,Utility Bill,Rose Hill,0
b91bd113-39ae-48dd-9d23-2a2b3d7fb6f0,CUST00123,2026-07-07 23:24:10.379834,646.99,Utility Bill,Tamarin,0
7187f5c6-9788-48ec-8442-98b16d912fb6,CUST00101,2026-07-07 23:34:04.379834,1723.99,Restaurant,Mahebourg,0
c3a2d825-2139-4fa5-8858-708959cf7f35,CUST00017,2026-07-07 23:50:48.379834,1153.81,Grocery,Tamarin,0
11521639-09ac-4128-be2d-e8059e59591c,CUST00033,2026-07-07 23:58:47.379834,1754.67,Grocery,Rose Hill,0
305682ed-127f-46d5-8fb7-8147a01f5653,CUST00175,2026-07-08 00:02:18.379834,2741.6,ATM Withdrawal,Vacoas,0
4bc7b431-523b-460f-ae36-b7ece2a23173,CUST00048,2026-07-08 00:04:30.379834,995.15,Restaurant,Curepipe,0
87281cc5-3be6-4830-8aa7-fb703fd2f7bf,CUST00008,2026-07-08 00:32:03.379834,1692.35,Grocery,Curepipe,0
bdcb70b2-4477-4f3d-86b0-d5845319d409,CUST00045,2026-07-08 00:36:11.379834,4483.61,Entertainment,Mahebourg,0
f3889c98-8e55-4634-b851-81817189921f,CUST00050,2026-07-08 00:43:29.379834,680.9,Electronics,Vacoas,0
38f273d6-6485-478c-9bfc-5043df10c60e,CUST00085,2026-07-08 00:56:24.379834,563.9,Utility Bill,Port Louis,0
92b11106-58c3-4e5f-82cb-bbd95ac060f8,CUST00148,2026-07-08 01:04:13.379834,844.31,Utility Bill,Quatre Bornes,0
97ee019c-f682-4166-bac3-a291f5f23ffd,CUST00090,2026-07-08 01:11:21.379834,2334.25,Online Retail,Rose Hill,0
f57a3c46-eb82-452f-9945-90b3d72b603e,CUST00083,2026-07-08 01:19:05.379834,1140.33,ATM Withdrawal,Port Louis,0
3e830af8-0d01-4685-97c5-9810c61c75ed,CUST00156,2026-07-08 01:25:56.379834,2766.0,Electronics,Grand Baie,0
a7a7e66b-2f7a-4447-ab17-1530b867d295,CUST00176,2026-07-08 01:33:33.379834,466.9,ATM Withdrawal,Mahebourg,0
8ad9afc5-497d-4e20-9703-cac2779041a0,CUST00110,2026-07-08 01:39:50.379834,538.59,Travel,Quatre Bornes,0
d4281223-1490-49a7-8acd-2eab975953cf,CUST00115,2026-07-08 01:41:08.379834,1180.41,Pharmacy,Curepipe,0
793a605f-0fb9-4902-96bf-1bb6c4ffc851,CUST00126,2026-07-08 01:45:38.379834,2379.84,Utility Bill,Vacoas,0
f2aff267-5b86-43fa-9074-16e8941cfcbb,CUST00040,2026-07-08 01:55:19.379834,1967.35,Grocery,Beau Bassin,0
89d4884d-b256-4daa-8300-ec79b7b3f1d1,CUST00015,2026-07-08 02:23:30.379834,1610.28,Entertainment,Rose Hill,0
6b73bea0-31ae-4ebe-b428-252fe0963c7c,CUST00157,2026-07-08 02:41:29.379834,759.31,Fuel Station,Port Louis,0
e448a568-76b5-4cf5-93de-6579e5dbe75c,CUST00029,2026-07-08 02:51:21.379834,3676.3,Travel,Flacq,0
918f2c96-1fbf-49b2-86a4-f5d2c592b72f,CUST00011,2026-07-08 02:59:38.379834,2672.47,Fuel Station,Port Louis,0
8e49aa14-1740-41fa-98ba-36ff16fb3a06,CUST00022,2026-07-08 03:29:00.379834,432.9,ATM Withdrawal,Flacq,0
404e0437-a196-4efe-aaba-d719f8086195,CUST00197,2026-07-08 03:29:53.379834,574.52,Pharmacy,Tamarin,0
7b9cf0c0-8a78-409e-89c0-6482f2e5e7c9,CUST00041,2026-07-08 03:36:20.379834,2799.76,Utility Bill,Tamarin,0
1dbdd769-07b3-443b-a5e6-7e1b0654ef7f,CUST00020,2026-07-08 03:44:02.379834,2825.45,Pharmacy,Rose Hill,0
48eab463-0418-4b27-8eb4-40263f190981,CUST00138,2026-07-08 03:55:44.379834,1766.93,Fuel Station,Port Louis,0
545e23a8-302c-4e1a-b9d9-c6510a616045,CUST00149,2026-07-08 04:08:07.379834,278.47,Utility Bill,Beau Bassin,0
8263fe88-c09f-4850-9cff-1a1c3a0341a5,CUST00188,2026-07-08 04:35:18.379834,762.41,Utility Bill,Curepipe,0
9d3b9f1a-9c0b-4a19-806e-bd8d5ebe75a4,CUST00115,2026-07-08 04:51:50.379834,1681.42,Restaurant,Curepipe,0
1b14bb0f-52ad-42ee-9d18-9d2d7b61a4fa,CUST00084,2026-07-08 05:30:06.379834,2056.66,ATM Withdrawal,Rose Hill,0
3c017dd7-2135-4330-8b97-91e5d91f911c,CUST00022,2026-07-08 05:50:20.379834,282.02,Travel,Flacq,0
8195837a-09a2-47d4-9056-ea33a5067857,CUST00171,2026-07-08 06:01:21.379834,1052.06,Online Retail,Quatre Bornes,0
2452ec58-c84c-43b7-80fa-135153ca59d9,CUST00175,2026-07-08 06:29:09.379834,1372.32,Electronics,Vacoas,0
aa0b4e1e-56ab-4f2b-a7eb-56202339f685,CUST00018,2026-07-08 06:35:16.379834,1347.49,Utility Bill,Port Louis,0
d8eacfa8-4032-460e-9861-31fb985d3353,CUST00047,2026-07-08 06:43:56.379834,1159.73,Pharmacy,Flacq,0
68c83924-2a4e-46fc-bcd6-b0b80a20440d,CUST00019,2026-07-08 06:52:34.379834,360.65,Electronics,Mahebourg,0
a1e8ec2e-4e4a-489a-be04-b59a9bfc813c,CUST00005,2026-07-08 06:56:42.379834,1958.22,Entertainment,Quatre Bornes,0
6ff9c2c8-0d36-42f1-a80f-fc98c6484c80,CUST00028,2026-07-08 07:01:14.379834,1352.67,Fuel Station,Quatre Bornes,0
61487ed9-16eb-4575-828b-f431b2a88528,CUST00196,2026-07-08 07:05:13.379834,1818.6,Travel,Rose Hill,0
b7f03424-d5d8-4ace-8338-d0bea7709084,CUST00042,2026-07-08 07:10:39.379834,1883.53,Restaurant,Vacoas,0
74bde2a3-99cb-479a-8fd6-e72a13c06929,CUST00039,2026-07-08 07:17:52.379834,528.92,Grocery,Beau Bassin,0
765f1eb1-5636-40c7-89ce-14775dd71d37,CUST00047,2026-07-08 07:21:36.379834,773.78,Utility Bill,Flacq,0
a5cfe2e8-6579-4c48-af63-b191433620d8,CUST00018,2026-07-08 07:25:30.379834,1739.72,Grocery,Port Louis,0
d5cdbc99-63a4-45ce-b6bb-9fafb4be83da,CUST00084,2026-07-08 07:26:30.379834,2225.5,Restaurant,Rose Hill,0
96707bfb-6be4-41b6-bc59-3b66481f47e9,CUST00001,2026-07-08 07:39:15.379834,911.37,Fuel Station,Port Louis,0
510cc33c-15e1-451e-a85b-ecbb978a6b40,CUST00068,2026-07-08 07:40:33.379834,1473.0,Utility Bill,Beau Bassin,0
b78b2619-1f43-407f-b64b-39b0c776eba4,CUST00054,2026-07-08 07:41:25.379834,2002.34,Entertainment,Rose Hill,0
d41b918e-467c-44a9-81b5-a312f00cd9e4,CUST00181,2026-07-08 07:53:33.379834,1167.5,Travel,Rose Hill,0
90fdecc2-a219-4c26-a599-c0c28d21a17b,CUST00017,2026-07-08 08:01:33.379834,755.27,Electronics,Tamarin,0
861ebb8f-8df3-4d12-ba11-28c9e5dc1809,CUST00080,2026-07-08 08:07:56.379834,407.75,ATM Withdrawal,Mahebourg,0
2931c13f-e1b9-4733-bac8-8823a102a173,CUST00077,2026-07-08 08:15:01.379834,771.36,Electronics,Grand Baie,0
07315d11-6791-4021-b761-6723b40ecfed,CUST00057,2026-07-08 08:23:17.379834,606.38,Utility Bill,Rose Hill,0
f95af19a-3ba7-4df0-a2bc-4db1e5887d8c,CUST00162,2026-07-08 08:23:59.379834,700.13,Utility Bill,Port Louis,0
e48e0c0c-b0bf-4b43-b702-0922bab5a5ed,CUST00176,2026-07-08 08:24:15.379834,791.57,Pharmacy,Mahebourg,0
eadf4517-96be-4eb1-b723-5b03407f816c,CUST00179,2026-07-08 08:41:23.379834,1752.21,Fuel Station,Rose Hill,0
fab49786-9e00-4a62-aea1-729213ecf9a3,CUST00063,2026-07-08 08:47:51.379834,1833.96,Utility Bill,Vacoas,0
b6a88fd1-8758-41a8-81db-c7ab69839e58,CUST00143,2026-07-08 08:49:20.379834,675.46,Entertainment,Curepipe,0
fd0eea8a-46c0-4f37-a4ea-ef10a2f2bd2f,CUST00068,2026-07-08 08:51:13.379834,665.87,Entertainment,Beau Bassin,0
252c1f1e-5faf-42da-89eb-a471f5d41ebc,CUST00076,2026-07-08 08:53:22.379834,938.84,Grocery,Quatre Bornes,0
25a9d143-3a33-4ea4-b1c4-ff8442c54ff7,CUST00073,2026-07-08 09:02:05.379834,2696.06,Travel,Quatre Bornes,0
b3c724f5-3142-41b6-af5b-98b80c5c4a36,CUST00132,2026-07-08 09:08:20.379834,920.67,Grocery,Beau Bassin,0
d4b72e14-a7fe-44e5-91ca-c01a72d7abab,CUST00129,2026-07-08 09:25:33.379834,2375.51,Online Retail,Curepipe,0
038e224b-30ac-4810-92a1-b30b564f0f41,CUST00123,2026-07-08 09:30:43.379834,373.55,Electronics,Tamarin,0
4f3f206a-aeb9-46be-afad-5f8e4ab2cae6,CUST00096,2026-07-08 09:44:55.379834,3846.06,Restaurant,Grand Baie,0
e625ca4c-268b-4786-ad24-6e387bb46187,CUST00141,2026-07-08 09:53:46.379834,85.94,Grocery,Quatre Bornes,0
1746d9f4-074d-4679-af33-7018c0819cc2,CUST00115,2026-07-08 09:59:31.379834,1077.71,Utility Bill,Curepipe,0
9a8782de-9b5d-4b83-9a21-adbb3021e8a5,CUST00079,2026-07-08 10:04:03.379834,1215.59,Fuel Station,Vacoas,0
d1b94df3-76c8-4539-ae93-d22524fe4a3a,CUST00119,2026-07-08 10:05:30.379834,309.64,Travel,Tamarin,0
44252f25-2d2c-449f-8d2b-4188bb9fa643,CUST00194,2026-07-08 10:16:43.379834,1595.33,Restaurant,Tamarin,0
959cb10a-5f1e-4e59-9c4f-dc35e11d0e57,CUST00108,2026-07-08 10:23:11.379834,2732.49,Restaurant,Beau Bassin,0
6faa0ea2-a16b-41ef-9bb4-43eff5d0a7a5,CUST00198,2026-07-08 10:29:15.379834,1841.34,Electronics,Rose Hill,0
77708223-4796-45d9-88a9-921bbb53ebc9,CUST00190,2026-07-08 10:37:06.379834,2143.11,Utility Bill,Rose Hill,0
a710e301-ee7d-41f8-bab0-8bb33d4a229b,CUST00131,2026-07-08 10:44:03.379834,941.49,Restaurant,Vacoas,0
5bae3ebd-ec8c-44c6-9137-4e7c832441c0,CUST00031,2026-07-08 10:44:37.379834,334.54,Restaurant,Vacoas,0
982c9e1a-9c28-4d43-9f9b-9e87a35af38d,CUST00084,2026-07-08 10:46:44.379834,2343.6,Pharmacy,Rose Hill,0
21732d77-cf61-49f6-8b3b-2d01f65bd3dd,CUST00000,2026-07-08 11:07:11.379834,2069.73,ATM Withdrawal,Curepipe,0
b05d1202-69fe-40be-a01a-b72c2f887827,CUST00049,2026-07-08 11:15:57.379834,1841.16,Fuel Station,Mahebourg,0
2485ec47-6186-4052-b225-eec3d93c2759,CUST00011,2026-07-08 11:21:54.379834,2619.04,Grocery,Port Louis,0
31375985-8e82-4b16-bde2-c6ad3c3f1feb,CUST00024,2026-07-08 11:32:18.379834,2811.34,Travel,Grand Baie,0
0a9e95d1-737e-45c1-84f3-8307c8d8e018,CUST00108,2026-07-08 11:38:22.379834,2022.5,Entertainment,Beau Bassin,0
8396d9fd-c173-4177-81e2-a594fe1e6a1f,CUST00162,2026-07-08 11:41:11.379834,270.89,Utility Bill,Port Louis,0
4da7c7ce-0a84-4308-b842-2fc36080bd3b,CUST00171,2026-07-08 11:42:26.379834,377.97,Fuel Station,Quatre Bornes,0
aa6a291b-f935-479a-aea0-faf7e8e59de4,CUST00108,2026-07-08 11:45:22.379834,2022.5,Entertainment,Beau Bassin,1
df2b32f6-a264-4ccd-963b-0b18c43e49d3,CUST00028,2026-07-08 11:46:05.379834,839.2,Restaurant,Quatre Bornes,0
65e6d9bd-9b6c-42d2-976c-2cab523742b9,CUST00108,2026-07-08 11:50:22.379834,2022.5,Entertainment,Beau Bassin,1
36a11214-5a14-4d94-a0eb-e9d80c4bfaf8,CUST00108,2026-07-08 11:53:22.379834,2022.5,Entertainment,Beau Bassin,1
86dc1bd7-50ff-4c84-a80c-81e9caa1c6a3,CUST00108,2026-07-08 12:02:22.379834,2022.5,Entertainment,Beau Bassin,1
68743e8f-ea3a-45f0-aa56-f9930e622748,CUST00150,2026-07-08 12:04:13.379834,2821.2,Restaurant,Quatre Bornes,0
a2f305bb-e170-4e34-b6e1-421be6c56cab,CUST00098,2026-07-08 12:14:02.379834,878.78,Online Retail,Vacoas,0
ed0d6037-d770-4a99-ab04-3d9aa55e75a3,CUST00091,2026-07-08 12:20:46.379834,1500.15,ATM Withdrawal,Tamarin,0
9d809530-1c3c-40fc-8db5-e76a6ef7f33f,CUST00105,2026-07-08 12:56:29.379834,760.7,ATM Withdrawal,Flacq,0
a3e58d33-d6f7-4160-88b6-825e488adef5,CUST00073,2026-07-08 13:11:45.379834,3272.18,Online Retail,Quatre Bornes,0
472da3b6-692d-4707-a366-7f1d483d00f1,CUST00138,2026-07-08 13:21:28.379834,2722.58,Electronics,Port Louis,0
25092bec-95ce-4488-9ce3-dcc7f02e3406,CUST00000,2026-07-08 14:05:10.379834,2382.25,Grocery,Curepipe,0
fe537e5a-d693-4e44-9272-ce732cfc64eb,CUST00055,2026-07-08 14:06:27.379834,3173.73,Electronics,Curepipe,0
4d9f3398-cf02-4bef-9384-498aa7045fef,CUST00169,2026-07-08 14:19:05.379834,1369.51,Utility Bill,Mahebourg,0
ac12996f-f694-49d7-ab2d-7a80f8893bdb,CUST00070,2026-07-08 14:20:09.379834,1527.92,Entertainment,Vacoas,0
61529c3e-7443-46f7-957a-6ee8607b421c,CUST00132,2026-07-08 14:23:14.379834,1448.99,Pharmacy,Beau Bassin,0
5b1cc097-f752-488a-a4ec-bdc4d28ce27f,CUST00163,2026-07-08 14:32:36.379834,1270.79,Pharmacy,Rose Hill,0
45258749-81ba-4864-ab2d-ad4698e56ee9,CUST00174,2026-07-08 14:39:24.379834,2814.4,Online Retail,Quatre Bornes,0
bc26e41a-d568-4247-929e-e40c4a8287b0,CUST00074,2026-07-08 14:46:55.379834,2920.28,Online Retail,Mahebourg,0
3c363703-f66f-4c91-907b-8422a36e3359,CUST00009,2026-07-08 14:48:21.379834,191.39,Fuel Station,Tamarin,0
513a0fd7-fe22-42a0-be91-0cfb77a961e1,CUST00127,2026-07-08 14:54:27.379834,1098.72,Fuel Station,Mahebourg,0
b5025031-5ebe-4f0a-a14d-b153ace521a7,CUST00103,2026-07-08 14:55:35.379834,662.03,Utility Bill,Vacoas,0
39567247-de9f-4a16-8e27-5c21763ea7fb,CUST00060,2026-07-08 15:35:31.379834,287.44,Restaurant,Rose Hill,0
250897b9-6de2-4dce-9cc0-cc87715f0202,CUST00054,2026-07-08 15:44:21.379834,1862.41,Entertainment,Rose Hill,0
a959b20d-24f1-4fbd-bd28-767fb505e953,CUST00051,2026-07-08 15:53:05.379834,947.52,Online Retail,Tamarin,0
fdbc56b0-e4d9-41fa-946f-2012bceb6b3b,CUST00046,2026-07-08 15:54:55.379834,776.83,Restaurant,Curepipe,0
e19093fb-d6f0-42ed-a3ad-ad38a891a264,CUST00009,2026-07-08 15:56:06.379834,60.36,Pharmacy,Tamarin,0
db3c24cb-a04b-47ef-9114-141321ab929a,CUST00008,2026-07-08 15:56:25.379834,2583.34,Fuel Station,Curepipe,0
a36f3ea9-1389-4013-a850-f842b756ee1a,CUST00006,2026-07-08 16:07:53.379834,1176.06,Grocery,Curepipe,0
07415b86-c5ae-409a-83cb-900deb7a6766,CUST00022,2026-07-08 16:08:36.379834,348.12,Restaurant,Flacq,0
e507ac72-a81a-424e-be00-911b264bc985,CUST00141,2026-07-08 16:20:14.379834,134.27,Pharmacy,Quatre Bornes,0
3e28ca4c-03ee-4a4d-87f3-36ba0e79d5e6,CUST00078,2026-07-08 16:22:57.379834,158.09,Entertainment,Flacq,0
a196ec1b-3c17-4442-965f-88b9b034b69a,CUST00147,2026-07-08 16:25:51.379834,849.77,Fuel Station,Rose Hill,0
705b7168-80b9-43ef-8a48-32e1fa39932e,CUST00139,2026-07-08 16:26:28.379834,2100.29,Online Retail,Vacoas,0
ccca3fc4-42bd-4561-a5a6-cc20079b0f20,CUST00118,2026-07-08 16:35:01.379834,1608.63,Entertainment,Flacq,0
8c5be4c1-a1b7-4a6b-ab79-a8f9115a019e,CUST00143,2026-07-08 17:00:24.379834,735.09,Travel,Curepipe,0
616a9ea2-5def-4a67-90a3-dbbf8fcedfd9,CUST00095,2026-07-08 17:06:41.379834,720.74,Online Retail,Flacq,0
bc9ccb7e-358b-4485-83ab-9cde35a173f9,CUST00146,2026-07-08 17:40:09.379834,3751.44,Entertainment,Tamarin,0
03d573d3-74eb-480e-982d-87b625e649c5,CUST00116,2026-07-08 17:53:03.379834,425.76,Travel,Quatre Bornes,0
27a098d4-6fcd-4137-912a-f0b1ba4ecf54,CUST00099,2026-07-08 18:13:24.379834,2282.84,Travel,Quatre Bornes,0
69224ec5-4bf6-4e11-8854-8cdade434d51,CUST00122,2026-07-08 18:32:22.379834,996.29,Pharmacy,Flacq,0
b196b789-342b-481f-bd4e-996c9c7d6874,CUST00111,2026-07-08 18:37:44.379834,2802.75,Grocery,Mahebourg,0
91d6ea04-a435-4df4-a917-1bf27ddb1fd8,CUST00151,2026-07-08 19:08:26.379834,1712.64,ATM Withdrawal,Mahebourg,0
e46813a1-ae8f-4cb0-8a15-d82efd74b4c5,CUST00182,2026-07-08 19:12:35.379834,2166.27,Travel,Vacoas,0
4973a22b-f039-45a5-9010-f2d4110c5db2,CUST00004,2026-07-08 19:17:02.379834,2196.37,Travel,Rose Hill,0
25feab40-31f2-42d5-bcd9-04ada6b913e0,CUST00144,2026-07-08 19:21:31.379834,1168.27,Entertainment,Vacoas,0
8db6c04c-ee78-42ba-a6fa-323c0aa5a0ef,CUST00121,2026-07-08 19:30:48.379834,1007.83,Fuel Station,Flacq,0
06286d10-925a-4a51-a99c-68d9ab2d6d79,CUST00008,2026-07-08 19:30:49.379834,957.03,Utility Bill,Curepipe,0
220857e9-c7ea-4632-a483-3ac4ef4a3b60,CUST00110,2026-07-08 19:32:52.379834,540.98,Travel,Quatre Bornes,0
7f2875aa-e99e-46f8-a902-cdfd79d85a5f,CUST00062,2026-07-08 19:46:57.379834,1263.28,Fuel Station,Flacq,0
17a3c7b6-96c7-4c18-8de1-b21375fcaece,CUST00071,2026-07-08 20:08:37.379834,2382.42,Restaurant,Curepipe,0
3420cdaf-9107-4ffa-abcf-53a9e4c0723f,CUST00163,2026-07-08 20:25:13.379834,1652.92,Travel,Rose Hill,0
7798a569-c498-492c-866b-1f0774507fe9,CUST00019,2026-07-08 20:25:37.379834,306.71,Utility Bill,Mahebourg,0
157fffd3-97a0-4aef-83c8-9cd684e1e765,CUST00134,2026-07-08 20:30:49.379834,135.43,Entertainment,Vacoas,0
a09c7cea-e9ef-4d8f-9403-7565711d5c56,CUST00155,2026-07-08 20:36:14.379834,2205.34,Fuel Station,Beau Bassin,0
7deefd44-a459-42a7-ad9d-72f2362e8fb7,CUST00026,2026-07-08 20:41:30.379834,1312.6,Entertainment,Vacoas,0
58144f0b-fff4-48ba-a2d8-53daf79d832f,CUST00059,2026-07-08 20:53:16.379834,1825.58,Online Retail,Curepipe,0
364360ec-23b8-44b9-8093-1ffd3b9cc3f0,CUST00116,2026-07-08 21:04:49.379834,822.05,Grocery,Quatre Bornes,0
81d7046e-3ed0-4909-b78b-ff608a170abf,CUST00008,2026-07-08 21:06:37.379834,1739.53,Restaurant,Curepipe,0
6425ae92-336c-4be6-b9cf-e380a5169c27,CUST00100,2026-07-08 21:07:52.379834,4034.45,Restaurant,Rose Hill,0
85c99d01-aa2c-48dd-a300-b59bb432be51,CUST00096,2026-07-08 21:17:09.379834,3953.11,Grocery,Grand Baie,0
3bf5dafd-5d64-4fef-bdb5-1eec31d833fc,CUST00118,2026-07-08 21:18:49.379834,1964.52,ATM Withdrawal,Flacq,0
491be9f7-9539-48c7-95c3-31370d16facf,CUST00039,2026-07-08 21:27:40.379834,902.74,Restaurant,Beau Bassin,0
edb50090-205a-4c44-832c-ee01462297ed,CUST00101,2026-07-08 21:52:42.379834,879.98,Fuel Station,Mahebourg,0
3a0b03bb-dcc0-4dca-837a-3cdbea3f952d,CUST00071,2026-07-08 22:08:49.379834,1539.41,Entertainment,Curepipe,0
11503404-7fea-451f-b1d4-c9574e6efd89,CUST00033,2026-07-08 22:25:02.379834,1938.14,Grocery,Rose Hill,0
9935f959-248e-4b4d-b6b7-e60cf3843b3c,CUST00182,2026-07-08 22:41:30.379834,2848.79,Restaurant,Vacoas,0
a821a90d-e7d6-4b76-8b2a-1c54b388cd42,CUST00043,2026-07-08 22:46:20.379834,922.15,Travel,Port Louis,0
977cc0df-dfc7-4149-a755-59dc54af79aa,CUST00060,2026-07-08 22:54:08.379834,157.75,Entertainment,Rose Hill,0
42327f3a-01a9-4a21-aa37-ceda594bbd14,CUST00023,2026-07-08 22:54:35.379834,1040.09,Grocery,Rose Hill,0
291d166d-a644-4dfa-8f9a-a35c9b662fff,CUST00070,2026-07-08 22:55:06.379834,843.52,Travel,Vacoas,0
150e4257-af92-472b-8f51-a51c7b34629b,CUST00189,2026-07-08 23:21:00.379834,5888.12,Fuel Station,Rose Hill,0
2fbc0873-bfe5-4be9-96f9-a8f2d8691880,CUST00152,2026-07-08 23:22:06.379834,4074.4,Pharmacy,Mahebourg,0
74b277b9-0a53-45af-9403-1bf625665590,CUST00193,2026-07-08 23:27:32.379834,497.49,Grocery,Port Louis,0
24449bb4-c11e-4a7d-aa1d-1097170dedea,CUST00032,2026-07-09 00:02:40.379834,1040.29,Electronics,Quatre Bornes,0
85ffd649-0d72-4f33-97ab-1360609ec9c4,CUST00076,2026-07-09 00:03:34.379834,524.63,ATM Withdrawal,Quatre Bornes,0
18f51e05-e6fa-4f5c-8a93-fb4822ad546f,CUST00122,2026-07-09 00:05:51.379834,2179.18,Electronics,Flacq,0
fe9b2532-f325-4838-98b4-1b4713c0b0c0,CUST00068,2026-07-09 00:17:56.379834,1850.57,Electronics,Beau Bassin,0
8eb9f5eb-694d-4dd3-a60d-2d67c563eaae,CUST00184,2026-07-09 00:20:18.379834,3959.32,Fuel Station,Beau Bassin,0
69cf463d-79db-4b02-8f4f-8997881e2164,CUST00004,2026-07-09 00:26:50.379834,5415.26,Online Retail,Rose Hill,0
87f25126-9de7-4c4f-9927-825d67831134,CUST00187,2026-07-09 00:28:49.379834,918.47,Online Retail,Grand Baie,0
7eaa0b6b-cf9f-4177-8f23-bbf77ddc4d7c,CUST00041,2026-07-09 00:34:42.379834,2858.29,Utility Bill,Tamarin,0
0e8c31d9-82db-4b29-8edf-3faf41674289,CUST00113,2026-07-09 01:01:06.379834,3204.64,Entertainment,Curepipe,0
6b4da27d-482f-42ce-86f0-79f63a0b7a55,CUST00134,2026-07-09 01:11:17.379834,151.46,Restaurant,Vacoas,0
8d6b6813-cef3-4cdd-9adb-a92beb443ddb,CUST00035,2026-07-09 01:18:45.379834,2084.94,Utility Bill,Curepipe,0
7b863a8f-d681-4971-a46b-48a7737145a2,CUST00107,2026-07-09 01:32:35.379834,2176.35,Utility Bill,Flacq,0
16b0d71c-e760-44f3-af67-1ac49a477d80,CUST00183,2026-07-09 01:32:45.379834,2173.63,ATM Withdrawal,Flacq,0
1e762203-db39-4d28-8e71-3e1c5d416204,CUST00018,2026-07-09 02:10:44.379834,1112.86,Online Retail,Port Louis,0
4a6a6dfe-1c2e-411f-a850-47fd74b63c64,CUST00127,2026-07-09 02:23:04.379834,1348.48,Grocery,Mahebourg,0
abdf8a72-642b-4a9a-96c7-b3a953cb4f5f,CUST00088,2026-07-09 03:07:55.379834,1459.94,Travel,Vacoas,0
afcf85ab-eb47-4216-ac31-2699f6b571a7,CUST00013,2026-07-09 03:28:03.379834,711.29,Grocery,Curepipe,0
646a8181-7068-4a30-ae46-7b0c92217493,CUST00061,2026-07-09 03:42:07.379834,1009.5,Entertainment,Curepipe,0
5a6d8554-7c5c-4635-8aba-a29eb6e1e1e9,CUST00126,2026-07-09 03:50:48.379834,1622.64,Fuel Station,Vacoas,0
9a00b1b9-59fb-4782-a254-4649f0070984,CUST00025,2026-07-09 04:04:05.379834,1902.42,Utility Bill,Tamarin,0
cad7a820-1a85-4d14-8ddf-2cd794d3e9b5,CUST00009,2026-07-09 04:08:03.379834,125.28,Electronics,Tamarin,0
a896173b-d50b-466d-839e-a6a833c687b8,CUST00138,2026-07-09 04:09:48.379834,2934.24,Travel,Port Louis,0
8948e5e4-5c1b-4d3b-a1ed-17f5534f9db9,CUST00092,2026-07-09 04:14:53.379834,790.76,Fuel Station,Beau Bassin,0
e2832c64-6479-4187-96f8-1268f7042953,CUST00090,2026-07-09 04:39:56.379834,2013.99,Grocery,Rose Hill,0
d79e00d3-0873-4eef-9263-c8d6815b135a,CUST00067,2026-07-09 04:46:03.379834,1380.17,Electronics,Beau Bassin,0
5780aaa2-3cbd-458a-ba34-fd0036998a87,CUST00076,2026-07-09 04:58:22.379834,374.2,Travel,Quatre Bornes,0
700c0458-1e2f-43fd-a76d-fbeca9fe12c9,CUST00166,2026-07-09 05:01:18.379834,3383.53,Restaurant,Curepipe,0
344187fd-af2e-49d5-8958-c311d1eea586,CUST00021,2026-07-09 05:01:26.379834,421.02,Restaurant,Mahebourg,0
b52e1db6-a4d6-488c-b20b-ff3732a2039d,CUST00073,2026-07-09 05:31:58.379834,2561.29,Entertainment,Quatre Bornes,0
2379b406-8219-4954-9d73-35d94c4c7112,CUST00183,2026-07-09 05:38:44.379834,2690.32,ATM Withdrawal,Flacq,0
1eca66a4-0a21-4eb6-b8b8-5d4d891e8b20,CUST00154,2026-07-09 05:40:25.379834,1181.17,Entertainment,Tamarin,0
87699831-1160-41e8-ab95-381d8232572a,CUST00147,2026-07-09 05:42:21.379834,1044.54,Online Retail,Rose Hill,0
dc5a7484-6ac0-4375-97b0-88115287a815,CUST00124,2026-07-09 05:58:06.379834,2765.03,Travel,Grand Baie,0
f39fdcb5-d50b-4de0-818d-0461be7795d6,CUST00109,2026-07-09 06:04:03.379834,815.16,Online Retail,Bogota,1
aa7203b7-ac8a-4f2e-a672-3bd7290095e6,CUST00147,2026-07-09 06:06:55.379834,1262.74,Online Retail,Rose Hill,0
938c2b70-506f-4268-a591-8f0021992d5c,CUST00123,2026-07-09 06:11:04.379834,655.16,Fuel Station,Tamarin,0
72fbbe61-2a77-4ac1-89c8-e00480895996,CUST00090,2026-07-09 06:19:44.379834,1938.63,Restaurant,Rose Hill,0
0d423fec-8415-4ecf-bb20-d0a84d44c73b,CUST00107,2026-07-09 06:39:07.379834,3139.65,Grocery,Flacq,0
c6e923ef-6fee-419d-9d14-24c2c8229917,CUST00100,2026-07-09 06:59:51.379834,1975.43,Entertainment,Rose Hill,0
4bd4efff-b8da-488d-8a36-40371a327fb6,CUST00181,2026-07-09 07:10:25.379834,1522.05,Online Retail,Rose Hill,0
acb62159-1fdb-4b8a-8808-b82e5963e323,CUST00007,2026-07-09 07:18:00.379834,2316.71,Restaurant,Mahebourg,0
65409e62-c34a-461d-adeb-e6d5ede49378,CUST00056,2026-07-09 07:27:23.379834,483.71,Electronics,Port Louis,0
06676cfd-4279-4262-82b7-6b5308bbdaa7,CUST00084,2026-07-09 07:47:23.379834,2734.69,Fuel Station,Rose Hill,0
375dcdc2-b1a8-4a8e-a7e3-d510a9d3dacb,CUST00106,2026-07-09 08:00:41.379834,1580.31,Electronics,Tamarin,0
8630eaac-9186-4949-a09e-58ab09706825,CUST00059,2026-07-09 08:02:04.379834,1876.01,Online Retail,Curepipe,0
45cb79cd-57d5-4de9-b095-ed0a94952ccf,CUST00089,2026-07-09 08:11:11.379834,2109.38,Entertainment,Curepipe,0
1f088857-81a1-46cf-ab46-2b5b571d6610,CUST00161,2026-07-09 08:32:47.379834,402.95,Travel,Rose Hill,0
c8ae1611-d162-4e7f-a8f3-9c600b1fa826,CUST00100,2026-07-09 08:33:33.379834,2511.86,ATM Withdrawal,Rose Hill,0
d5bdef63-3a02-40a3-bc47-eae6112ad953,CUST00045,2026-07-09 08:38:30.379834,5574.24,Fuel Station,Mahebourg,0
859dbbc3-248a-4e1d-97ad-5ab66cc1b74d,CUST00058,2026-07-09 08:40:53.379834,1266.93,Fuel Station,Vacoas,0
aa25fe8f-0ba7-4231-8485-3ffab0c93c83,CUST00114,2026-07-09 08:44:24.379834,1941.6,Fuel Station,Port Louis,0
adcddc0e-5a4a-4297-9c52-ee50dfabf7bb,CUST00060,2026-07-09 08:49:43.379834,365.03,Restaurant,Rose Hill,0
1edd0d7b-e0c7-4098-b737-2b8396cb351f,CUST00051,2026-07-09 08:55:06.379834,1181.46,Fuel Station,Tamarin,0
1f65c23c-9981-4db2-9b44-eb5a34d56880,CUST00075,2026-07-09 09:06:58.379834,301.88,Grocery,Rose Hill,0
cae00dd6-2051-489c-8d21-4a0f1942e7b5,CUST00046,2026-07-09 09:09:00.379834,1323.18,Entertainment,Curepipe,0
ebf0b31d-a4c3-4f1a-8363-e891ecdd3c11,CUST00130,2026-07-09 09:10:33.379834,2875.36,Utility Bill,Mahebourg,0
2a0fc43f-bab1-49d8-80ab-fa32a55506a4,CUST00131,2026-07-09 09:12:15.379834,741.53,ATM Withdrawal,Vacoas,0
d8fdaa00-d484-41b9-af5c-2423bdad7ae2,CUST00181,2026-07-09 09:22:47.379834,1057.65,Grocery,Rose Hill,0
fdd2e00b-6e88-4bac-b529-97b5af0af13f,CUST00013,2026-07-09 09:40:33.379834,1272.75,Pharmacy,Curepipe,0
90ba1801-79d0-4d5c-a65c-1de641532764,CUST00098,2026-07-09 09:43:07.379834,324.96,Travel,Vacoas,0
a7d68843-85e7-48b5-9715-af527487a4a2,CUST00096,2026-07-09 09:46:27.379834,4840.39,ATM Withdrawal,Grand Baie,0
e9c4474d-0da1-46c6-aa29-22996db6206d,CUST00074,2026-07-09 10:10:47.379834,3183.4,Fuel Station,Mahebourg,0
c159fc24-64ff-4235-adad-86828f3e6756,CUST00025,2026-07-09 10:19:13.379834,1315.28,Fuel Station,Tamarin,0
d5cae563-b620-4595-87e9-ab6151ff19fb,CUST00003,2026-07-09 10:29:51.379834,1044.49,Pharmacy,Rose Hill,0
4e4fe4f6-ced6-457e-9d0b-8943f427ce7b,CUST00099,2026-07-09 10:44:39.379834,2043.73,Travel,Quatre Bornes,0
13b06745-f708-423f-8977-4bc26abd7812,CUST00007,2026-07-09 10:45:02.379834,1263.02,Grocery,Mahebourg,0
439ed227-3d05-4214-98d0-e5a3d3fd7f6c,CUST00109,2026-07-09 10:52:08.379834,650.81,Fuel Station,Rose Hill,0
061ba2aa-3061-4244-9014-6b8a8f6d5460,CUST00194,2026-07-09 11:06:57.379834,1873.88,Entertainment,Tamarin,0
f85b5f16-fd82-42a0-92da-1aeb5d5fd926,CUST00116,2026-07-09 11:11:48.379834,929.29,Entertainment,Quatre Bornes,0
96261386-61db-4c47-8d87-aa48ca14078c,CUST00177,2026-07-09 11:59:13.379834,584.52,Utility Bill,Tamarin,0
50db72e8-2457-4bd2-85a0-8225dca9bb8d,CUST00174,2026-07-09 12:06:58.379834,2774.47,Travel,Quatre Bornes,0
99d9e833-5420-43c4-abe8-fb7ae58504ad,CUST00166,2026-07-09 12:17:24.379834,1683.82,Electronics,Curepipe,0
19bcd817-3047-4af6-88ce-01ebc573ab93,CUST00022,2026-07-09 12:22:44.379834,613.57,Restaurant,Flacq,0
bca960c2-8d6d-4fa6-9f20-e677d12ab7ce,CUST00036,2026-07-09 12:34:20.379834,1032.57,Grocery,Curepipe,0
4f25a815-300d-4aaa-8266-651475d5f452,CUST00060,2026-07-09 12:36:18.379834,342.41,Utility Bill,Rose Hill,0
b53b7bb3-644a-4dd8-836e-be1667c4d50c,CUST00056,2026-07-09 12:45:04.379834,844.95,Fuel Station,Port Louis,0
bad35f05-1d16-405e-bedb-4d410735a84c,CUST00088,2026-07-09 12:56:52.379834,1661.86,Restaurant,Vacoas,0
fcd9a503-5881-4eef-ae13-29182f4b82c8,CUST00062,2026-07-09 13:00:53.379834,1601.35,Online Retail,Flacq,0
e7395b81-e161-4975-884a-253698a50640,CUST00062,2026-07-09 13:05:38.379834,8826.77,Entertainment,Flacq,1
444de4d5-8930-47db-a595-4b2b797bd4fc,CUST00010,2026-07-09 13:40:45.379834,505.08,Utility Bill,Flacq,0
fc96eea2-a2eb-41d2-be17-8c56c92a7f04,CUST00024,2026-07-09 13:43:03.379834,2558.06,Utility Bill,Grand Baie,0
037fed65-f390-4205-b43e-507308bcdce0,CUST00004,2026-07-09 13:44:29.379834,2631.96,ATM Withdrawal,Rose Hill,0
db8a795f-fe9f-40bc-a51f-d41a107a6a62,CUST00035,2026-07-09 13:50:55.379834,2241.77,Restaurant,Curepipe,0
3d6f0510-be78-45e8-977a-85891a1c6e0f,CUST00000,2026-07-09 13:57:08.379834,1438.79,Fuel Station,Curepipe,0
df4a17c5-ea1d-47e8-8e54-08b966c9d1c3,CUST00119,2026-07-09 13:58:13.379834,562.51,Pharmacy,Tamarin,0
f3a55d13-367f-4655-b64b-10b82192701d,CUST00194,2026-07-09 14:01:59.379834,1699.06,Restaurant,Tamarin,0
98af83e9-ef76-4969-93e2-7de351f25dcc,CUST00180,2026-07-09 14:03:42.379834,2370.2,Fuel Station,Lagos,1
39218762-9304-4021-b581-3db361cb91f2,CUST00097,2026-07-09 14:09:23.379834,1294.07,Grocery,Quatre Bornes,0
d04eb353-4444-41d5-ba25-bf85fb9b42f6,CUST00017,2026-07-09 14:31:12.379834,847.82,ATM Withdrawal,Tamarin,0
4c010e75-0075-4d02-b88e-59f92d36e626,CUST00103,2026-07-09 14:33:26.379834,882.85,Pharmacy,Vacoas,0
33344898-93b1-41b3-968e-071edf6702e1,CUST00168,2026-07-09 14:39:11.379834,1064.59,Grocery,Curepipe,0
c1dd2f20-a023-4529-8bac-d31bb3965b3d,CUST00033,2026-07-09 14:40:45.379834,2546.98,Entertainment,Rose Hill,0
4f5335fb-9c27-46ae-89b9-249316822617,CUST00199,2026-07-09 14:58:03.379834,506.65,Restaurant,Port Louis,0
f4ead08d-cb73-4a7d-a68d-0618125b7dd3,CUST00029,2026-07-09 15:00:15.379834,2215.98,Online Retail,Flacq,0
42a3ef75-027b-452a-8585-c5a4f483c217,CUST00037,2026-07-09 15:14:45.379834,980.77,Travel,Flacq,0
3c43f67c-c562-453a-9b4f-1a7e3a47a21a,CUST00181,2026-07-09 15:38:58.379834,1675.16,Electronics,Rose Hill,0
c405233b-47b4-4b40-a98c-be06e8a9bb7e,CUST00156,2026-07-09 15:59:55.379834,2880.04,ATM Withdrawal,Grand Baie,0
621c5488-c590-4506-aecc-ae42a38a6d70,CUST00069,2026-07-09 16:03:46.379834,8509.04,Utility Bill,Rose Hill,0
01308499-0388-43ab-974c-b74943b31743,CUST00188,2026-07-09 16:05:50.379834,573.9,Pharmacy,Curepipe,0
71e33cb7-2590-40f1-a3c9-7910bd5e1e30,CUST00009,2026-07-09 16:07:58.379834,177.4,Grocery,Tamarin,0
217a75ca-2c39-43d8-b122-4296c3cc7cf6,CUST00157,2026-07-09 16:10:26.379834,612.52,Fuel Station,Port Louis,0
2ec6d4f3-faa9-45ca-b0ad-d231181ea93e,CUST00178,2026-07-09 16:52:37.379834,1525.79,Restaurant,Flacq,0
717a78d8-5886-4e35-9d92-1122e21c2662,CUST00162,2026-07-09 16:55:08.379834,842.73,Utility Bill,Port Louis,0
c0ec7458-0031-470e-bf11-c174d4f60679,CUST00070,2026-07-09 17:19:31.379834,776.76,Electronics,Vacoas,0
f18265ee-04ba-4eae-a14e-abdb91e3ee45,CUST00009,2026-07-09 17:44:31.379834,129.1,Entertainment,Tamarin,0
a71e8dcf-6982-4e91-ac67-92a3f4579808,CUST00057,2026-07-09 17:45:44.379834,1303.37,Electronics,Rose Hill,0
06376819-6513-47e3-8fc9-07074b08302f,CUST00006,2026-07-09 18:14:41.379834,490.83,Fuel Station,Curepipe,0
874636a4-d1e1-4a52-a309-d3b4cad527fe,CUST00178,2026-07-09 18:23:48.379834,2410.28,Travel,Flacq,0
e4b135ef-8df3-4c34-baaf-30cdfd82843c,CUST00180,2026-07-09 18:36:13.379834,1923.97,Fuel Station,Mahebourg,0
59f83982-afc1-4167-a994-35336388c4f5,CUST00017,2026-07-09 18:38:54.379834,1199.77,Electronics,Tamarin,0
e5a5d22f-a9ce-4559-bb49-54d4713a68a7,CUST00064,2026-07-09 18:43:23.379834,1875.11,Fuel Station,Grand Baie,0
336f1bf1-f881-44ab-a612-386578d0a80b,CUST00173,2026-07-09 18:46:41.379834,1463.39,ATM Withdrawal,Mahebourg,0
bf9c3b27-1243-4daf-b8b0-2e6780beb759,CUST00141,2026-07-09 18:59:04.379834,156.3,Electronics,Quatre Bornes,0
e47a3ed8-e692-4d75-acee-d6a239f2f10f,CUST00149,2026-07-09 19:01:01.379834,394.48,ATM Withdrawal,Beau Bassin,0
ca40d4de-6f4f-44c5-857d-e6ad0a8f9912,CUST00173,2026-07-09 19:04:08.379834,2224.45,Electronics,Mahebourg,0
cd7dfb80-21e5-4bd9-a1cb-41b3be865687,CUST00113,2026-07-09 19:12:07.379834,2911.1,Entertainment,Curepipe,0
538428bf-d193-4f6e-b077-b576c28bcf82,CUST00110,2026-07-09 19:37:19.379834,817.44,Electronics,Quatre Bornes,0
aa273b42-d26e-44a9-865c-9752d2f6c9da,CUST00119,2026-07-09 20:03:25.379834,381.73,Entertainment,Tamarin,0
b14fbfa9-e8fc-49b7-abbd-15ed6408fba8,CUST00143,2026-07-09 20:20:49.379834,371.12,Travel,Curepipe,0
4e7577de-4d5f-484a-8db0-f1d8c28eec53,CUST00127,2026-07-09 20:21:24.379834,2286.54,ATM Withdrawal,Mahebourg,0
294889b7-490b-4d30-a4df-6c4c0d9a55ba,CUST00064,2026-07-09 20:42:54.379834,2057.02,Online Retail,Grand Baie,0
4b330186-e990-4012-b851-3aa8a7edc032,CUST00055,2026-07-09 20:58:08.379834,3389.09,Fuel Station,Curepipe,0
f500e14a-8b95-40bc-8de3-c24b6c0e1b10,CUST00152,2026-07-09 21:02:02.379834,3151.31,Electronics,Mahebourg,0
9db3d5d0-0bdf-4052-818c-919c50e773f7,CUST00055,2026-07-09 21:12:56.379834,1784.89,Grocery,Curepipe,0
19c359e3-df3d-44d8-b92c-b247fead9767,CUST00054,2026-07-09 21:26:44.379834,1007.12,Pharmacy,Rose Hill,0
b00d0b35-42fe-44bc-9bc5-fc023427dc07,CUST00174,2026-07-09 21:32:17.379834,3351.39,Fuel Station,Quatre Bornes,0
97f49a4f-d497-4e24-8cdd-a8348321d104,CUST00036,2026-07-09 21:32:41.379834,751.1,Travel,Curepipe,0
791cecb0-a1c5-4a94-95dc-b26e798f2343,CUST00065,2026-07-09 21:34:55.379834,1250.29,Pharmacy,Beau Bassin,0
55572c80-31e5-4026-8adb-f578fe0d894a,CUST00073,2026-07-09 21:49:16.379834,2345.43,Pharmacy,Quatre Bornes,0
6227c569-b58e-478f-bc0c-2072fdb48fc6,CUST00127,2026-07-09 22:01:52.379834,1909.49,Grocery,Mahebourg,0
c9ea22ca-175c-46ab-b674-c42df2bbbb63,CUST00183,2026-07-09 22:09:58.379834,1343.83,Online Retail,Flacq,0
38093bca-c3ad-4365-847b-3d84dff6a73d,CUST00167,2026-07-09 22:17:00.379834,340.27,ATM Withdrawal,Grand Baie,0
2becf849-4af8-4211-bbfa-707920fd16c1,CUST00102,2026-07-09 22:29:01.379834,1373.54,Online Retail,Mahebourg,0
cf4e7fbe-8500-4958-bd4a-d4986300faf8,CUST00137,2026-07-09 22:29:16.379834,914.53,Pharmacy,Grand Baie,0
ef09e4f6-10a6-4156-857e-6bccf8e7206b,CUST00026,2026-07-09 22:29:20.379834,812.03,Utility Bill,Vacoas,0
58df713d-34d7-428b-b42b-73eb0d61042e,CUST00106,2026-07-09 22:55:07.379834,7480.94,Online Retail,Tamarin,1
ae179511-1aec-4a8e-ab7f-05d5536c14d3,CUST00092,2026-07-09 23:15:39.379834,972.27,ATM Withdrawal,Beau Bassin,0
601300a6-1ffb-48b3-a6ba-992adf91f837,CUST00093,2026-07-09 23:19:59.379834,2632.92,Pharmacy,Rose Hill,0
93365862-2f14-44eb-87b7-541ddee8f3da,CUST00062,2026-07-09 23:24:41.379834,941.08,Online Retail,Flacq,0
373b73dc-5733-40d8-a4af-e1025bd4a5e6,CUST00080,2026-07-09 23:26:53.379834,388.17,Travel,Mahebourg,0
430b846f-b0d4-44e7-b473-89bedc51c644,CUST00027,2026-07-09 23:39:32.379834,1089.67,Pharmacy,Port Louis,0
bb7f3c08-0337-465c-9937-39c6389498c8,CUST00082,2026-07-09 23:40:38.379834,553.3,Grocery,Beau Bassin,0
acafd0a2-2bf2-4309-975c-6b1f0926e497,CUST00056,2026-07-09 23:49:23.379834,605.4,ATM Withdrawal,Port Louis,0
f80a52eb-c6d7-4a85-8606-06ab71bd3edb,CUST00018,2026-07-09 23:50:37.379834,1639.39,Entertainment,Port Louis,0
dabccd91-7883-4073-8ded-ec75bc39ec09,CUST00001,2026-07-10 00:06:13.379834,1591.69,ATM Withdrawal,Port Louis,0
88c87d17-53d2-4c0c-a24c-dd0156ee1560,CUST00157,2026-07-10 00:22:49.379834,641.09,Online Retail,Port Louis,0
8c34c21b-f13c-42dc-b302-8c932d118345,CUST00149,2026-07-10 00:23:10.379834,379.63,Online Retail,Beau Bassin,0
0990564a-a0b1-4d4e-9157-c764be12e702,CUST00002,2026-07-10 00:29:35.379834,1523.05,Fuel Station,Vacoas,0
efee875f-9063-46ee-90bf-bfe6c215b3ae,CUST00064,2026-07-10 00:33:52.379834,1934.61,Travel,Grand Baie,0
61c890ba-6fed-4ea6-ba9f-dea8778b114d,CUST00186,2026-07-10 00:35:15.379834,935.22,Pharmacy,Mahebourg,0
3ff178cd-79f3-4af5-8a56-716c262c0882,CUST00197,2026-07-10 00:38:09.379834,188.37,Travel,Tamarin,0
9b7ea4ca-7db9-438b-8a83-bb02ad4a227c,CUST00089,2026-07-10 00:40:03.379834,2440.11,Online Retail,Curepipe,0
71878e69-c671-4809-b84d-18d391ffeadb,CUST00027,2026-07-10 00:49:14.379834,1053.13,Electronics,Port Louis,0
f10d6f8d-34a5-48c4-82fc-860a3cd4443b,CUST00033,2026-07-10 01:03:29.379834,1607.33,ATM Withdrawal,Rose Hill,0
1ff1e9ae-603e-49f9-bfca-039e62d66eaa,CUST00152,2026-07-10 01:06:05.379834,3009.21,ATM Withdrawal,Mahebourg,0
d4c30b43-a456-4293-966b-40ff59aa8577,CUST00066,2026-07-10 01:10:12.379834,176.4,Travel,Quatre Bornes,0
5fffc71a-9044-477d-9167-43485521f238,CUST00190,2026-07-10 01:21:25.379834,1858.74,Online Retail,Rose Hill,0
7f00711d-fae5-47d9-b3f3-be320c6363ec,CUST00149,2026-07-10 01:23:11.379834,267.13,Entertainment,Beau Bassin,0
2e7a2d74-a291-4ca8-8a16-c3e3a7fc238c,CUST00000,2026-07-10 01:25:40.379834,2446.88,Travel,Curepipe,0
89bcb345-8363-4da6-ac05-db8afec71fd0,CUST00006,2026-07-10 01:54:49.379834,822.52,ATM Withdrawal,Curepipe,0
338e6447-3562-49d0-9955-bc77d81550a8,CUST00066,2026-07-10 01:56:45.379834,180.8,ATM Withdrawal,Quatre Bornes,0
3f2e9ce8-8e69-473a-858f-6d24e6721457,CUST00067,2026-07-10 01:58:49.379834,347.25,Utility Bill,Beau Bassin,0
1f92ee4c-1be0-471a-aafb-9db8f2c59dc6,CUST00130,2026-07-10 02:02:01.379834,2345.76,Electronics,Mahebourg,0
1ca9e87f-e8c0-42b2-b517-6a26e253d175,CUST00153,2026-07-10 02:05:56.379834,2668.83,Entertainment,Port Louis,0
2c60210f-568d-40c2-a727-5633f6392439,CUST00115,2026-07-10 02:08:13.379834,1597.3,ATM Withdrawal,Curepipe,0
74d81cfa-e189-496a-a95b-0205d06c9cc4,CUST00182,2026-07-10 02:09:56.379834,3077.3,Restaurant,Vacoas,0
ccc8b450-eeed-4b73-b76f-478d1355b5be,CUST00017,2026-07-10 02:12:50.379834,1059.43,Travel,Tamarin,0
1f613bdc-e279-455e-8fcc-528c7b8321d5,CUST00195,2026-07-10 02:13:27.379834,1141.31,Pharmacy,Mahebourg,0
f995d6f6-2536-4162-b28b-7c0bf2b577a2,CUST00118,2026-07-10 02:17:56.379834,1911.57,Electronics,Flacq,0
b679435c-ec27-4244-8d41-ebf8ed41ddaf,CUST00058,2026-07-10 02:20:17.379834,1647.54,Grocery,Vacoas,0
ec1d69d3-8992-4409-a0c4-70111c1f2e02,CUST00087,2026-07-10 02:20:49.379834,933.42,Pharmacy,Flacq,0
5b776a65-695f-40bc-bf5e-5c5e0e4d569c,CUST00022,2026-07-10 02:25:50.379834,240.12,Travel,Flacq,0
e2cac199-4608-4d71-8b27-9822fde38162,CUST00128,2026-07-10 02:51:07.379834,2175.83,Electronics,Port Louis,0
fb1164b2-681f-446a-8656-03c5ab313a01,CUST00073,2026-07-10 02:53:05.379834,2658.23,Online Retail,Quatre Bornes,0
c58369f2-7ace-4ea3-9de6-7fa6f67eb535,CUST00043,2026-07-10 03:02:20.379834,1017.94,Online Retail,Port Louis,0
d82dc48e-b469-4cef-879b-34714a79c3eb,CUST00022,2026-07-10 03:05:16.379834,412.07,Fuel Station,Flacq,0
fb430460-7960-4527-8537-3451920406ee,CUST00182,2026-07-10 03:18:46.379834,2526.86,Online Retail,Vacoas,0
55a227b5-883e-44b0-b0c6-6d6fc4c3df1f,CUST00169,2026-07-10 03:36:07.379834,1872.46,Pharmacy,Mahebourg,0
80415901-f7f9-467a-8b7a-0aa3c8507e15,CUST00166,2026-07-10 03:50:40.379834,3814.93,Pharmacy,Curepipe,0
ed1fef79-7671-44b6-bc81-417e8e669423,CUST00153,2026-07-10 04:14:10.379834,3124.77,Entertainment,Port Louis,0
fec7b569-b9b2-4157-bd12-820838dd405d,CUST00144,2026-07-10 04:18:40.379834,762.74,Utility Bill,Vacoas,0
9764d99d-6452-435f-a8af-9dd08a50416a,CUST00022,2026-07-10 04:19:16.379834,299.99,Online Retail,Flacq,0
07a255dc-80ee-439c-a4cb-54a034eeffaa,CUST00069,2026-07-10 04:52:44.379834,4336.77,Electronics,Rose Hill,0
f12e715c-232b-4547-8031-801034b961d6,CUST00024,2026-07-10 04:52:52.379834,2913.75,Travel,Grand Baie,0
cc8886f8-4941-473e-a964-60de96540e1f,CUST00139,2026-07-10 04:58:59.379834,836.28,Online Retail,Vacoas,0
dc103e66-105b-476c-a5ca-f28b69009bbb,CUST00037,2026-07-10 04:59:10.379834,747.34,Entertainment,Flacq,0
ea3b1e64-3e36-4722-afa8-73bfa9b37e4c,CUST00015,2026-07-10 05:03:11.379834,1416.63,Pharmacy,Rose Hill,0
72abb15d-826f-4133-85d6-f76471ee4d7b,CUST00118,2026-07-10 05:13:56.379834,1473.06,Utility Bill,Flacq,0
bdc4c5f9-b625-4b9c-befd-625ffdc9d266,CUST00044,2026-07-10 05:15:16.379834,256.24,Entertainment,Grand Baie,0
944eb394-89b3-4084-9703-0b9484e1795a,CUST00153,2026-07-10 05:20:31.379834,3374.23,Entertainment,Port Louis,0
a4758d46-ed54-4c59-8d84-e4670c421aa0,CUST00079,2026-07-10 05:33:13.379834,1981.0,Electronics,Vacoas,0
fd53acfe-f70c-4540-8d32-188064685b78,CUST00150,2026-07-10 05:40:38.379834,3148.84,Online Retail,Quatre Bornes,0
611b9b90-501a-416b-9c67-55ef8bc15cc3,CUST00108,2026-07-10 05:46:02.379834,2153.19,Online Retail,Beau Bassin,0
33befb3b-2292-433e-a35b-7e2a619c415c,CUST00119,2026-07-10 05:46:48.379834,554.1,Grocery,Tamarin,0
3f943fb9-e109-48b5-8fe8-9671fab988a3,CUST00144,2026-07-10 05:48:34.379834,1024.99,Fuel Station,Vacoas,0
ad698ed6-4352-4e49-9c9a-52c559df1d5c,CUST00189,2026-07-10 05:52:42.379834,4350.74,Travel,Rose Hill,0
50acdae4-cc5a-4c86-a98c-e56d3f3357e9,CUST00182,2026-07-10 06:08:08.379834,2495.43,Pharmacy,Vacoas,0
feefbdd4-5d28-49ae-84f8-b17fdacf89f8,CUST00112,2026-07-10 06:12:24.379834,776.33,Entertainment,Grand Baie,0
1be891a1-c468-4e1e-a74d-7d729ad505c4,CUST00109,2026-07-10 06:16:06.379834,657.52,Online Retail,Rose Hill,0
8a8690ce-5ec1-42b4-8c93-8641013fab37,CUST00014,2026-07-10 06:29:20.379834,967.28,Restaurant,Rose Hill,0
4b1e7f91-69d3-471b-bb69-72100a63f4f2,CUST00112,2026-07-10 06:49:14.379834,1443.43,Utility Bill,Grand Baie,0
3be7bb11-ccfd-4738-b3af-e3f7cbf809e4,CUST00185,2026-07-10 07:03:59.379834,1122.02,Entertainment,Grand Baie,0
746913d8-8c1f-43aa-8d6d-b313ede59ac8,CUST00164,2026-07-10 07:04:54.379834,1283.43,Restaurant,Tamarin,0
d0082539-bd12-48c6-96d3-8b5a7df68feb,CUST00164,2026-07-10 07:11:46.379834,1249.91,Entertainment,Tamarin,0
ce01d068-7905-465f-8a0a-dfa8c426c48c,CUST00112,2026-07-10 07:18:12.379834,1435.11,Entertainment,Grand Baie,0
f08cd0dd-dc4e-4b83-8a2a-2c37ed34ab68,CUST00158,2026-07-10 07:25:20.379834,3744.09,Fuel Station,Curepipe,0
fced1428-6bbd-45fd-ad7c-3db79881a3eb,CUST00015,2026-07-10 07:29:16.379834,1362.85,Entertainment,Rose Hill,0
21337b8f-c650-4a98-930d-45df1f7ea6cf,CUST00171,2026-07-10 07:29:42.379834,1089.31,Fuel Station,Quatre Bornes,0
8b4e8ac7-685d-4ef8-bbaa-12ef429524d2,CUST00102,2026-07-10 07:36:46.379834,1600.68,Travel,Mahebourg,0
7dfd2fd7-e21d-41c5-8892-2d3961f1e22d,CUST00050,2026-07-10 07:46:26.379834,488.16,Fuel Station,Vacoas,0
a7fb63eb-df31-43d9-91c8-85d7cb20c169,CUST00062,2026-07-10 07:54:23.379834,1274.03,Travel,Flacq,0
dff6477c-c8f6-49eb-9bcf-f0001b98576c,CUST00141,2026-07-10 07:57:28.379834,127.68,Electronics,Quatre Bornes,0
b90b7eab-c27e-4d54-9db1-14e54bbf47c1,CUST00019,2026-07-10 08:43:12.379834,442.28,ATM Withdrawal,Mahebourg,0
7cf3561b-e1c9-49e0-a630-329a68cfff38,CUST00119,2026-07-10 08:46:10.379834,637.68,Pharmacy,Tamarin,0
6fb97b18-e285-429c-bd85-5b517f4c0acd,CUST00078,2026-07-10 09:00:03.379834,275.07,Online Retail,Flacq,0
f76cea9f-3d2c-4da3-8cbc-10e613092251,CUST00028,2026-07-10 09:02:31.379834,802.28,Online Retail,Quatre Bornes,0
3ac1f667-4a70-41a0-9727-bdb0981788e7,CUST00098,2026-07-10 09:12:19.379834,566.53,Grocery,Vacoas,0
89f9e1f8-fe9c-4ebc-b7d8-eb14a947c56c,CUST00098,2026-07-10 09:15:58.379834,339.32,Fuel Station,Vacoas,0
8bb00815-1b50-463a-ab3f-d3a9dcadd6c0,CUST00120,2026-07-10 09:39:24.379834,511.64,Travel,Curepipe,0
b36ecb9b-d140-4a7d-a57d-d438244b9c1a,CUST00017,2026-07-10 09:42:35.379834,1171.63,Fuel Station,Tamarin,0
0c93bcb4-2702-4b4b-9dbb-ac50bf5fdfa8,CUST00124,2026-07-10 09:50:28.379834,3663.95,Entertainment,Grand Baie,0
cf426686-ce45-4185-a44d-6ff6da04efaf,CUST00080,2026-07-10 09:57:57.379834,496.65,Electronics,Mahebourg,0
907caeeb-74c6-4eec-8424-4ba4a0c645fb,CUST00132,2026-07-10 10:11:51.379834,1040.47,Entertainment,Beau Bassin,0
b3c014a1-d7ca-4975-ae8e-7bc80b729dff,CUST00133,2026-07-10 10:19:08.379834,7338.52,Restaurant,Curepipe,0
bb8589ae-17ae-48af-abf9-5bf249a73abd,CUST00066,2026-07-10 10:23:00.379834,144.98,Fuel Station,Quatre Bornes,0
91ee8ec1-b654-4e22-81b8-46cb91b265d8,CUST00147,2026-07-10 10:29:48.379834,1191.1,Online Retail,Rose Hill,0
39d0fc27-8a19-4770-a44c-23e6e30f5211,CUST00044,2026-07-10 10:56:47.379834,1526.91,Pharmacy,Grand Baie,0
c2fc5d2d-b775-468d-8e73-f47c9f92d2ed,CUST00122,2026-07-10 11:06:18.379834,2006.07,Grocery,Flacq,0
d2cf58ec-3d02-401e-9d77-bddbd06d913f,CUST00115,2026-07-10 11:08:50.379834,1375.03,Travel,Curepipe,0
4c62167a-1100-49a2-a5d2-ed9318de120b,CUST00140,2026-07-10 11:12:18.379834,723.96,Pharmacy,Mahebourg,0
6cd7b944-a0b5-4828-a90a-86e019de1205,CUST00033,2026-07-10 11:17:17.379834,1927.83,Restaurant,Rose Hill,0
1f138ce2-2a3a-476c-9a82-f751b63c2b0c,CUST00160,2026-07-10 11:32:11.379834,1930.22,Pharmacy,Vacoas,0
94733897-5e80-41b2-88c5-080e631c1204,CUST00105,2026-07-10 11:34:23.379834,2106.71,Fuel Station,Flacq,0
95ec28b3-3001-4ad1-8933-932755564b9d,CUST00135,2026-07-10 11:38:16.379834,924.55,Utility Bill,Flacq,0
65c06511-8240-480a-8e7b-ed948b719c5e,CUST00091,2026-07-10 11:56:56.379834,1699.43,Grocery,Tamarin,0
8788e5aa-939e-4a6b-bbf2-93f93f257e47,CUST00172,2026-07-10 12:08:14.379834,997.69,Pharmacy,Grand Baie,0
3162dcc4-3c2f-4972-9b1d-efceb4404ee8,CUST00095,2026-07-10 12:16:03.379834,967.55,Restaurant,Flacq,0
cfa42ebb-0629-493c-b2a0-d2233d243c61,CUST00109,2026-07-10 12:19:45.379834,491.04,ATM Withdrawal,Rose Hill,0
afa9aaef-4b8c-4f55-b56f-bbd534366dbc,CUST00074,2026-07-10 12:23:02.379834,2499.02,ATM Withdrawal,Mahebourg,0
f0dd8f6d-1d5d-45db-966a-735ee93434bb,CUST00034,2026-07-10 12:44:27.379834,2477.01,Travel,Beau Bassin,0
fffc2f23-1eff-467b-86b0-49d1e76961e9,CUST00128,2026-07-10 12:59:50.379834,2252.01,Restaurant,Port Louis,0
09a44968-4758-471b-965e-17b68d545314,CUST00199,2026-07-10 13:02:54.379834,1224.25,Electronics,Port Louis,0
2ba94642-e683-4b8a-97ca-34c7cb1d7c5c,CUST00166,2026-07-10 13:50:26.379834,3058.73,Fuel Station,Curepipe,0
19f580bd-3669-4b9f-94de-e4e3c5dc7ce7,CUST00014,2026-07-10 13:53:15.379834,927.93,Entertainment,Rose Hill,0
087c8d58-7dfb-45cf-a2f1-14fb596aaaf1,CUST00077,2026-07-10 13:55:22.379834,448.98,Fuel Station,Grand Baie,0
9acdda96-c6a0-48d5-8bd4-8ef1fc0f5e84,CUST00150,2026-07-10 14:14:29.379834,1492.53,Online Retail,Quatre Bornes,0
2bd56b6b-1190-4116-9d3e-e8db17dd4c5a,CUST00126,2026-07-10 14:19:26.379834,1044.04,Travel,Vacoas,0
4e4f6e97-7519-475c-ba42-bbf5f67b6ec2,CUST00195,2026-07-10 14:23:55.379834,1182.91,Fuel Station,Mahebourg,0
60bdbfec-c9df-4f18-9f3d-0304a69ddddd,CUST00043,2026-07-10 14:32:59.379834,854.18,ATM Withdrawal,Port Louis,0
d6b0ff6f-31df-49a3-8d23-00ad5be11a48,CUST00104,2026-07-10 14:33:32.379834,1503.4,Fuel Station,Tamarin,0
115793b8-09a6-4b3b-aa5a-d7285f3174a3,CUST00047,2026-07-10 14:36:55.379834,1106.95,Pharmacy,Flacq,0
06230853-327f-46df-bd1c-4cbef8595394,CUST00013,2026-07-10 14:58:50.379834,968.5,Electronics,Curepipe,0
1bd80b0a-0328-4dcc-a836-e2d19734f597,CUST00116,2026-07-10 14:59:26.379834,724.06,Grocery,Quatre Bornes,0
7364527d-b1de-4538-8a67-8fb0c7dca09f,CUST00011,2026-07-10 15:00:06.379834,2068.95,Grocery,Port Louis,0
247ef909-7d88-445f-bd92-33ed34a56cc8,CUST00176,2026-07-10 15:04:51.379834,747.57,Online Retail,Mahebourg,0
d5cdb4dc-a495-4b29-95f2-ca516520cd8a,CUST00135,2026-07-10 15:15:30.379834,711.61,Pharmacy,Flacq,0
da16e45b-5556-4bc8-8824-89235f564cff,CUST00154,2026-07-10 15:17:05.379834,705.74,Entertainment,Tamarin,0
bbb83961-3175-4f92-8f6b-571d5f560620,CUST00038,2026-07-10 15:20:38.379834,665.27,Entertainment,Curepipe,0
2a4acd6e-65e1-4dd1-b7bc-5b2f149ee235,CUST00145,2026-07-10 15:22:53.379834,10824.67,Pharmacy,Mahebourg,1
997c75df-c2d8-4cd4-8605-191b7ca8828c,CUST00164,2026-07-10 15:48:00.379834,1467.04,Fuel Station,Tamarin,0
18a365b7-7e69-45ed-8173-d84e25501a25,CUST00050,2026-07-10 15:52:20.379834,703.49,Restaurant,Vacoas,0
7022ed0a-5f0d-4dc1-bcdc-c24b4312ab5c,CUST00174,2026-07-10 16:01:17.379834,2430.77,Grocery,Quatre Bornes,0
25d793fc-08e3-4b4d-8462-a2e053d089e5,CUST00163,2026-07-10 16:09:40.379834,650.6,Pharmacy,Rose Hill,0
e2a73235-9fa4-41dd-a23b-c48fc2537c67,CUST00198,2026-07-10 16:11:21.379834,2226.59,Electronics,Rose Hill,0
6e5c5b3b-2cb8-4044-b358-be0d9d452116,CUST00064,2026-07-10 16:13:18.379834,1365.71,Utility Bill,Grand Baie,0
d63721fb-8c7e-4709-a18e-1fc511c35722,CUST00170,2026-07-10 16:16:24.379834,1842.5,ATM Withdrawal,Quatre Bornes,0
74d9ff87-6f92-489f-822a-af02a681caeb,CUST00148,2026-07-10 16:16:54.379834,1181.92,Restaurant,Quatre Bornes,0
9c613009-69cb-44c9-b6f7-bc09bcb3d490,CUST00059,2026-07-10 16:21:34.379834,4690.16,Pharmacy,Lagos,1
ed28e5af-d2df-47b2-aaa4-1c2f3ee80876,CUST00036,2026-07-10 16:21:38.379834,568.94,Fuel Station,Curepipe,0
8a485a2a-7476-49b0-854f-1b8fae430c66,CUST00191,2026-07-10 16:38:20.379834,2405.65,Travel,Curepipe,0
ff5c5f0b-7c74-498a-a56d-6eba3a3522d1,CUST00153,2026-07-10 16:43:41.379834,4517.75,Pharmacy,Port Louis,0
fbca5756-8d82-41fd-a7b8-5893627b67bd,CUST00109,2026-07-10 16:43:53.379834,770.16,Fuel Station,Rose Hill,0
e7773b9d-3d51-4785-a3e9-fb9af178a700,CUST00039,2026-07-10 16:48:29.379834,1433.29,Restaurant,Beau Bassin,0
ac06c5c2-b3d8-45d1-8401-3f4fcffc4be7,CUST00022,2026-07-10 16:55:32.379834,413.55,Fuel Station,Flacq,0
ec51e956-2ac5-44c0-a390-41b7a2ec3bd7,CUST00180,2026-07-10 17:05:46.379834,2187.7,Online Retail,Mahebourg,0
571fb114-f01e-437e-9213-bc2bd03bf3ac,CUST00121,2026-07-10 17:17:20.379834,2061.1,Restaurant,Flacq,0
b736cba8-b7cc-4831-ad6b-91cefe1a07fc,CUST00108,2026-07-10 17:42:11.379834,2099.69,Grocery,Beau Bassin,0
08ecd32e-8c63-4696-96ad-e596d89e1f2b,CUST00109,2026-07-10 17:45:43.379834,787.05,Electronics,Rose Hill,0
175d83c1-a047-472d-b1fb-b2286a8ff48b,CUST00022,2026-07-10 17:50:06.379834,417.34,Pharmacy,Flacq,0
5477d7fc-1e1d-46f5-a838-e37a078318af,CUST00044,2026-07-10 17:50:40.379834,1435.33,Electronics,Grand Baie,0
50748490-b096-4725-9f69-218152563ff0,CUST00103,2026-07-10 17:55:15.379834,825.29,Restaurant,Vacoas,0
a5dd2063-2d94-49f3-be4b-4e8636c914f9,CUST00187,2026-07-10 18:04:17.379834,1159.09,Electronics,Grand Baie,0
a7597717-9e1f-47d7-96c9-569067f573eb,CUST00115,2026-07-10 18:10:33.379834,1259.22,Restaurant,Curepipe,0
c1eca624-20be-4948-af5b-15cdfbd39875,CUST00001,2026-07-10 18:16:42.379834,1736.25,Fuel Station,Port Louis,0
f1eeec91-d732-4170-85f0-38c215b594df,CUST00021,2026-07-10 18:19:28.379834,823.51,Online Retail,Mahebourg,0
4fcd92a1-3595-4eea-9f45-c8f3271e766b,CUST00177,2026-07-10 18:23:34.379834,739.8,Utility Bill,Tamarin,0
cb1e0d96-2000-4c10-8090-b244f1577724,CUST00174,2026-07-10 18:24:40.379834,2612.4,Travel,Quatre Bornes,0
ec0685f8-e5a2-4970-9edc-5e53348f2e6c,CUST00180,2026-07-10 18:27:42.379834,1832.18,Travel,Mahebourg,0
d6fb6793-0044-43b1-9b3b-2c8622c53cce,CUST00137,2026-07-10 19:01:37.379834,434.9,Restaurant,Grand Baie,0
c7f74663-55a3-40fb-93b2-fc503db6c4aa,CUST00121,2026-07-10 19:06:02.379834,1407.89,Travel,Flacq,0
1b3f0bb7-3def-49a7-a98c-f8f815d99c56,CUST00053,2026-07-10 19:36:11.379834,1628.68,Grocery,Tamarin,0
b9cec26d-a1e9-431c-b4a4-198007668e08,CUST00089,2026-07-10 20:24:12.379834,3239.81,Travel,Curepipe,0
3bd6bb29-122a-4c34-b9b3-f19a541a4993,CUST00035,2026-07-10 20:33:26.379834,1069.8,Electronics,Curepipe,0
463eeb98-8008-4359-b465-fc1343344dc6,CUST00181,2026-07-10 20:37:32.379834,580.31,Fuel Station,Rose Hill,0
6b93a4a8-7311-4e5f-8eba-1860686c4973,CUST00098,2026-07-10 20:41:11.379834,605.63,Restaurant,Vacoas,0
fbd01eee-a209-4f73-b114-9628306f5332,CUST00037,2026-07-10 20:56:36.379834,1266.36,Electronics,Flacq,0
1f6efc56-00bd-4da9-9939-d838a9152bf6,CUST00164,2026-07-10 21:04:55.379834,1500.36,Entertainment,Tamarin,0
cac1d342-d912-439a-89ac-b56a7736da60,CUST00060,2026-07-10 21:05:30.379834,324.76,Utility Bill,Rose Hill,0
d35a78b7-5ca5-443e-867a-f0826f7436d4,CUST00025,2026-07-10 21:11:04.379834,1017.55,Travel,Tamarin,0
0090dc4b-0d55-4b64-aeb7-38affa1c735c,CUST00063,2026-07-10 21:29:14.379834,1522.1,Travel,Vacoas,0
ab08fb9b-ee75-4d86-9e53-62bf6e4f34f5,CUST00143,2026-07-10 21:31:13.379834,776.04,Fuel Station,Curepipe,0
74800838-9349-418f-8e60-5d3b88037017,CUST00011,2026-07-10 21:38:31.379834,1718.58,Online Retail,Port Louis,0
1fda7ccf-7bcc-4df4-9895-ce80bb249eab,CUST00097,2026-07-10 21:42:00.379834,1814.91,Pharmacy,Quatre Bornes,0
5eb4d3f5-14b9-4bcc-ae34-5ef09b13e2f3,CUST00129,2026-07-10 21:55:17.379834,2188.33,Grocery,Curepipe,0
6de0455e-ec89-4cd9-85f9-f32ffe48b47c,CUST00066,2026-07-10 22:09:23.379834,160.09,Travel,Quatre Bornes,0
661ca18c-dce8-4901-9d98-7b7f61ee83f1,CUST00031,2026-07-10 22:09:27.379834,721.53,Grocery,Vacoas,0
f031a2cf-4393-4c34-9aac-005d47fe3663,CUST00022,2026-07-10 22:41:53.379834,268.13,Online Retail,Flacq,0
ef72d05b-b8cc-4f9f-9185-01b6a362a3b7,CUST00133,2026-07-10 22:55:51.379834,8673.23,Travel,Curepipe,0
cd697199-2414-4996-a918-c73080ea64de,CUST00088,2026-07-10 23:03:40.379834,850.28,Utility Bill,Vacoas,0
e755761b-9f93-4ccb-aac2-cb1f9961cb7b,CUST00186,2026-07-10 23:17:41.379834,1505.42,Travel,Mahebourg,0
8f1edb41-7015-4841-8777-82a7f7dcd012,CUST00078,2026-07-10 23:18:49.379834,290.96,Entertainment,Flacq,0
fcce3786-0b1f-4aa0-a02f-edaba02b13f3,CUST00150,2026-07-10 23:26:37.379834,3416.2,Electronics,Quatre Bornes,0
44d7caf3-fc63-43fd-84ab-0ad8990af9f1,CUST00070,2026-07-10 23:47:56.379834,1210.75,Grocery,Vacoas,0
e6886529-dc4d-4558-9ff5-c8166b94ab44,CUST00066,2026-07-11 00:05:03.379834,393.86,Restaurant,Bogota,1
88e30186-a00d-4fd5-8472-45d7a3e38ad4,CUST00041,2026-07-11 00:07:02.379834,1900.82,Fuel Station,Tamarin,0
a50b53ed-87d3-45f9-9a73-e78af9bfc3c8,CUST00019,2026-07-11 00:25:24.379834,702.81,Utility Bill,Mahebourg,0
ad720418-a3c8-4af3-b2d9-1114d122ae8f,CUST00108,2026-07-11 00:30:10.379834,2910.16,Grocery,Beau Bassin,0
bd83831a-88bf-41d9-b7f4-849003163652,CUST00026,2026-07-11 00:39:14.379834,798.4,Restaurant,Vacoas,0
9bea5cc6-c7ca-4693-b4c7-5ccecbec2d75,CUST00054,2026-07-11 00:43:39.379834,755.73,Online Retail,Rose Hill,0
5004eddb-1073-4f46-a0bc-ffb54ddaaf00,CUST00151,2026-07-11 00:46:06.379834,3989.61,Electronics,Mahebourg,0
447f6817-530b-4b03-9b92-e815add0d384,CUST00188,2026-07-11 01:11:55.379834,597.44,Fuel Station,Curepipe,0
b6de33fc-e5b8-4919-93dd-beb0118c5fce,CUST00102,2026-07-11 01:34:16.379834,654.72,Utility Bill,Mahebourg,0
063b5e73-dff7-499e-b9a0-1dc1167faca4,CUST00027,2026-07-11 01:37:14.379834,1121.12,Utility Bill,Port Louis,0
61ae20e6-99ed-4d0c-a101-141e6651e023,CUST00111,2026-07-11 01:48:16.379834,606.41,Travel,Mahebourg,0
9000eaac-6830-467d-bbdb-924f62530097,CUST00148,2026-07-11 01:48:28.379834,1080.83,Entertainment,Quatre Bornes,0
b0a2aa49-7c6e-46fb-88cd-dbf16ec57eaf,CUST00004,2026-07-11 01:58:31.379834,5520.22,Pharmacy,Rose Hill,0
eab5fd8b-a041-466e-b825-6eb6bca261a0,CUST00186,2026-07-11 02:45:40.379834,1441.04,Restaurant,Mahebourg,0
f40bb04b-1df4-4de6-a5e4-2fd3bcd26596,CUST00195,2026-07-11 03:14:38.379834,1274.1,ATM Withdrawal,Mahebourg,0
adb392a7-bcfe-4e5c-879b-1b5642a45d9c,CUST00023,2026-07-11 03:17:07.379834,1585.3,Utility Bill,Rose Hill,0
3044a7c1-f199-4a87-82ce-286ae104b697,CUST00062,2026-07-11 03:24:37.379834,940.43,Utility Bill,Flacq,0
4a840086-9f01-4e2c-9c03-6922d119df91,CUST00006,2026-07-11 03:40:44.379834,731.16,Utility Bill,Curepipe,0
1741ab29-3a04-4872-bb53-42756e1356f2,CUST00049,2026-07-11 03:53:44.379834,1449.8,Online Retail,Mahebourg,0
48e643f9-1604-4a35-883f-f2d06dff4281,CUST00008,2026-07-11 03:55:12.379834,1792.23,Restaurant,Curepipe,0
6913fa61-0bae-4d5f-9b5e-acf00f11d9e6,CUST00003,2026-07-11 04:04:47.379834,935.43,Online Retail,Rose Hill,0
19ca284a-659a-4a67-989d-78f21c984d82,CUST00174,2026-07-11 04:22:21.379834,2552.14,ATM Withdrawal,Quatre Bornes,0
b668664f-add7-4719-ae2c-aa04b5ff3f72,CUST00095,2026-07-11 04:22:37.379834,355.45,Pharmacy,Flacq,0
f0962bfe-b3e0-40a5-bebc-590cf9785e91,CUST00048,2026-07-11 04:23:03.379834,1297.89,Pharmacy,Curepipe,0
0bab8411-9357-430d-b632-b50b1873fcd2,CUST00071,2026-07-11 04:25:18.379834,1221.47,Fuel Station,Curepipe,0
42787444-4d40-4161-9dfe-fd5c18924d93,CUST00038,2026-07-11 04:51:13.379834,7284.81,Restaurant,Curepipe,1
713de50e-7d4f-4c59-8102-8270b1c937c5,CUST00173,2026-07-11 05:04:13.379834,2840.1,Restaurant,Mahebourg,0
410e8348-095e-4b7e-9b98-c5960559dcbe,CUST00190,2026-07-11 05:11:33.379834,3304.52,ATM Withdrawal,Rose Hill,0
604a1e99-ba18-4638-8f12-cb1ff33b4998,CUST00109,2026-07-11 05:16:45.379834,864.55,ATM Withdrawal,Rose Hill,0
e01ec8f1-9476-4d86-883d-ba0227d8676b,CUST00173,2026-07-11 05:24:30.379834,2282.81,Restaurant,Mahebourg,0
3c9f2a1f-2636-4979-89c1-fc20a31ef96e,CUST00185,2026-07-11 05:33:06.379834,1382.04,Pharmacy,Grand Baie,0
8a9289d6-b7f6-4c02-ab30-e98c3f770cf1,CUST00104,2026-07-11 05:35:56.379834,919.02,Restaurant,Tamarin,0
13a5d297-10a4-445b-b147-1f94ae9996cb,CUST00093,2026-07-11 05:39:50.379834,1642.02,Pharmacy,Rose Hill,0
c6031126-a017-476f-bb71-25ab07a86470,CUST00039,2026-07-11 05:43:22.379834,1336.16,Restaurant,Beau Bassin,0
75a273c5-6f0e-4569-97f2-85a33d158967,CUST00074,2026-07-11 06:07:47.379834,1676.79,ATM Withdrawal,Mahebourg,0
42680209-8057-47f9-9baa-0ac55c284a43,CUST00180,2026-07-11 06:07:53.379834,2566.74,Restaurant,Mahebourg,0
d748476d-ba28-4227-a903-18612395f279,CUST00064,2026-07-11 06:08:31.379834,1565.01,Restaurant,Grand Baie,0
aacad184-917f-4da4-aef2-335c5c4e7f11,CUST00152,2026-07-11 06:17:07.379834,3619.03,Travel,Mahebourg,0
58b1e5ca-7cf3-4e7f-9d9c-8c9a270bfd9f,CUST00019,2026-07-11 06:25:19.379834,341.81,Utility Bill,Mahebourg,0
b79fa53e-a6bf-4e2e-a868-a4609f2e8f6e,CUST00053,2026-07-11 06:27:50.379834,1605.98,Grocery,Tamarin,0
1de2179a-af4d-4025-ae3c-f8fc290b2dea,CUST00134,2026-07-11 06:35:57.379834,203.31,Entertainment,Vacoas,0
de922132-b2c0-4670-9e46-2db73e8cfe69,CUST00038,2026-07-11 06:50:23.379834,1144.23,Fuel Station,Curepipe,0
92432b9a-6c27-406d-8f1b-a952783af2c1,CUST00085,2026-07-11 06:51:45.379834,413.21,ATM Withdrawal,Port Louis,0
fa471427-0bf3-49dc-b35f-0dc416694051,CUST00186,2026-07-11 06:53:21.379834,2284.85,Utility Bill,Mahebourg,0
5b980851-54bb-491d-9359-e1fe41ddfcca,CUST00004,2026-07-11 07:06:08.379834,2917.69,Utility Bill,Rose Hill,0
0cc32c6e-4453-44ce-a7a9-b877d8acba73,CUST00115,2026-07-11 07:15:41.379834,1126.41,Electronics,Curepipe,0
480729fa-b37e-4570-8437-7d6c4d412410,CUST00189,2026-07-11 07:17:02.379834,3925.51,Online Retail,Rose Hill,0
c4669d7f-0817-4a9d-a8d1-d44b2ab197a0,CUST00045,2026-07-11 07:27:56.379834,2635.94,Pharmacy,Mahebourg,0
a5fc0f05-e6f3-43ab-b78c-a516ba2904da,CUST00154,2026-07-11 07:31:58.379834,817.16,Travel,Tamarin,0
5ff3b5bb-e569-4be7-ad8b-8ea83277f97b,CUST00038,2026-07-11 07:45:26.379834,1125.96,Utility Bill,Curepipe,0
7ab0a055-69dd-46a3-87ae-f25a11e61dd5,CUST00093,2026-07-11 07:46:01.379834,1203.69,Utility Bill,Rose Hill,0
58205b49-b79b-483e-b84a-ce2b3af811f1,CUST00032,2026-07-11 07:49:36.379834,839.3,Utility Bill,Quatre Bornes,0
7b355be9-9b1a-4b7e-b6b8-ae73b450e606,CUST00165,2026-07-11 07:53:16.379834,543.83,Pharmacy,Curepipe,0
edd48d6e-f2a7-408b-bf82-591c63d1ad93,CUST00165,2026-07-11 07:56:16.379834,543.83,Pharmacy,Curepipe,1
d810ce47-a81f-4dc8-9102-f7a43fb91323,CUST00165,2026-07-11 07:59:16.379834,543.83,Pharmacy,Curepipe,1
5fa0c6fa-e232-45cb-a7ee-2876092d7286,CUST00018,2026-07-11 08:01:53.379834,927.8,Electronics,Port Louis,0
58366c02-9f8e-4185-b3d7-559bf66331f9,CUST00165,2026-07-11 08:07:16.379834,543.83,Pharmacy,Curepipe,1
2e2c0171-984d-4e71-8cbd-4659ab26f2ee,CUST00095,2026-07-11 08:41:22.379834,595.63,Travel,Flacq,0
c38b35ad-3c22-4028-b496-f3ace2606443,CUST00153,2026-07-11 09:00:22.379834,3454.68,Restaurant,Port Louis,0
f4baab19-dc63-47cb-bb6e-349ddadab94c,CUST00069,2026-07-11 09:23:03.379834,5511.43,Entertainment,Rose Hill,0
2ea24ced-3752-4cf0-83f5-b917311ffb56,CUST00000,2026-07-11 09:26:09.379834,1790.75,Pharmacy,Curepipe,0
1547b63a-9791-4702-81f9-1c3c200913f7,CUST00119,2026-07-11 09:33:00.379834,409.11,Fuel Station,Tamarin,0
e3e59823-152f-4b1f-be09-417357c270d5,CUST00093,2026-07-11 09:42:59.379834,1391.15,Electronics,Rose Hill,0
108a85a9-7630-48ad-9a41-ccf38dc79cbd,CUST00077,2026-07-11 09:48:40.379834,615.47,Entertainment,Grand Baie,0
5a64b549-821f-4a3a-97b9-70d23aea4a64,CUST00053,2026-07-11 09:51:01.379834,1440.25,Fuel Station,Tamarin,0
6fd500e9-719a-4c1f-a64d-3d02802e6412,CUST00155,2026-07-11 09:53:54.379834,2438.57,Travel,Beau Bassin,0
1dcce21c-ebb7-43b1-aadf-fdae3601a465,CUST00101,2026-07-11 09:54:36.379834,1987.66,Fuel Station,Mahebourg,0
68d014db-1675-493c-bdeb-6a441edf7f46,CUST00189,2026-07-11 10:46:02.379834,4023.97,ATM Withdrawal,Rose Hill,0
21f8fdce-10d6-4d0a-80d1-ee01c107d954,CUST00157,2026-07-11 11:01:27.379834,384.06,Utility Bill,Port Louis,0
6d0693e7-0199-4db3-8c5a-98063ca33121,CUST00062,2026-07-11 11:01:48.379834,892.75,Entertainment,Flacq,0
d0d7f8c4-ce2b-4a02-a5a2-51a10fdf1a7d,CUST00046,2026-07-11 11:04:08.379834,692.33,Electronics,Curepipe,0
ff22fb01-b1aa-4c62-ad99-40fae7ffd708,CUST00011,2026-07-11 11:08:32.379834,1765.59,Pharmacy,Port Louis,0
d07d550b-75a3-4b86-acf5-4978f2d34d93,CUST00054,2026-07-11 11:09:03.379834,1749.14,Electronics,Rose Hill,0
68c56bc0-5f21-4d4b-b3f8-eb066762190b,CUST00121,2026-07-11 11:09:32.379834,1997.02,Utility Bill,Flacq,0
bf0c9787-fc52-42d0-8cdc-087367da2562,CUST00095,2026-07-11 11:15:15.379834,993.2,Entertainment,Flacq,0
644b4fc5-5cf1-45c9-8ac2-a90b3b1615f1,CUST00000,2026-07-11 11:22:20.379834,2379.48,Fuel Station,Curepipe,0
bc0dc51e-d950-44c3-97e2-f1168626dec7,CUST00022,2026-07-11 11:45:33.379834,557.46,Utility Bill,Flacq,0
51738680-cd53-4ecb-977c-9965b8fb215f,CUST00187,2026-07-11 11:46:42.379834,1175.07,Electronics,Grand Baie,0
fb10ff25-fa4e-4060-83fe-8c0abd64c8ae,CUST00070,2026-07-11 11:47:59.379834,1067.69,Utility Bill,Vacoas,0
b6aff2c1-825b-4f9b-9ea8-602fa7960fa1,CUST00045,2026-07-11 11:51:35.379834,4213.78,Utility Bill,Mahebourg,0
cf11a544-909a-4f74-9b22-8297c9de1eb0,CUST00174,2026-07-11 11:57:14.379834,2488.74,Grocery,Quatre Bornes,0
9241186f-826c-4fb0-9aa0-384413f4da36,CUST00093,2026-07-11 12:00:24.379834,1999.81,Restaurant,Rose Hill,0
965eb3c3-43e4-438f-9b07-19525e76a3c4,CUST00028,2026-07-11 12:01:14.379834,981.49,Fuel Station,Quatre Bornes,0
e353536f-d97e-46e8-9e31-8362dfcf53fe,CUST00049,2026-07-11 12:04:54.379834,2135.15,Online Retail,Mahebourg,0
a69179fc-fbcf-4c0f-820c-962d8e2cc0ed,CUST00196,2026-07-11 12:18:59.379834,1556.47,Grocery,Rose Hill,0
763f8498-5164-4edc-8896-9e03ed3ddc1f,CUST00133,2026-07-11 12:29:21.379834,4462.62,ATM Withdrawal,Curepipe,0
30704378-a584-451a-9e51-781d165b0956,CUST00131,2026-07-11 12:30:36.379834,780.46,Restaurant,Vacoas,0
b29f3e0d-ab6b-4aa3-8ec1-8e04aacfaa2d,CUST00189,2026-07-11 12:57:23.379834,4786.16,Utility Bill,Rose Hill,0
c7c61e9c-ebe1-48af-a940-8ba0219a4df0,CUST00194,2026-07-11 13:01:56.379834,2700.75,Grocery,Tamarin,0
b9f3e10a-0a74-4ca0-80cd-8676911c2d51,CUST00074,2026-07-11 13:10:28.379834,4350.71,Online Retail,Mahebourg,0
e4cb775e-9209-4251-a212-75e709705026,CUST00061,2026-07-11 13:31:30.379834,954.26,ATM Withdrawal,Curepipe,0
07b07c56-75be-4fb6-a69e-2c45e214be29,CUST00032,2026-07-11 13:33:08.379834,656.69,Pharmacy,Quatre Bornes,0
7b85ea8b-3336-4641-bdf9-1d94e8bd46b8,CUST00150,2026-07-11 13:39:33.379834,2741.74,Grocery,Quatre Bornes,0
bcaa8082-29fc-4c19-872f-8b1cbcff6e87,CUST00193,2026-07-11 13:46:40.379834,593.29,Electronics,Port Louis,0
0789b6e3-7309-4601-b280-b918751a6294,CUST00025,2026-07-11 13:52:37.379834,1457.39,Restaurant,Tamarin,0
95e24106-0ad9-48b5-8897-d63888df97e6,CUST00025,2026-07-11 13:56:35.379834,1668.82,Entertainment,Tamarin,0
32f8f61a-671d-4cc6-87c0-46c0f5d5fdc2,CUST00175,2026-07-11 14:04:41.379834,1893.14,Restaurant,Vacoas,0
47a56cdc-6124-4f47-a4fc-2ba182ad5cb9,CUST00019,2026-07-11 14:05:48.379834,605.84,Utility Bill,Mahebourg,0
cbcc4aa4-70c9-451d-8fde-07ad8bcef7f3,CUST00176,2026-07-11 14:10:08.379834,524.21,Pharmacy,Mahebourg,0
a95022d8-409e-44ac-8a1d-c56482641c87,CUST00108,2026-07-11 14:37:30.379834,2122.28,Grocery,Beau Bassin,0
5f0596bc-7a3a-4bc1-b91a-4adc571217d2,CUST00170,2026-07-11 14:39:10.379834,1469.14,Travel,Quatre Bornes,0
4cb93ff3-66a6-468e-b4a6-9a0b78cc12b9,CUST00141,2026-07-11 14:39:13.379834,95.95,Entertainment,Quatre Bornes,0
f634b95a-1787-4c27-882b-7a226ed6a78d,CUST00030,2026-07-11 15:14:09.379834,50.0,Restaurant,Beau Bassin,0
97188474-14e6-4cb8-a7d3-0b5350d5dd9b,CUST00165,2026-07-11 15:37:44.379834,1102.59,Electronics,Curepipe,0
de718d70-8b77-4268-aafa-04d8282e3b36,CUST00107,2026-07-11 15:43:45.379834,3882.09,Utility Bill,Flacq,0
c3fd55a2-7715-4864-a566-02946abb0b91,CUST00108,2026-07-11 15:48:22.379834,2597.94,ATM Withdrawal,Beau Bassin,0
a8de8c9d-9bd8-4dd4-a36f-145d16c9ec40,CUST00149,2026-07-11 15:55:23.379834,665.55,Entertainment,Beau Bassin,0
421ab100-aa11-4245-95b2-ef0623ce941f,CUST00004,2026-07-11 15:56:57.379834,5689.9,Utility Bill,Rose Hill,0
7f4dc544-a9f4-49eb-9133-73a7c69dd4f2,CUST00018,2026-07-11 16:06:14.379834,1326.4,ATM Withdrawal,Port Louis,0
c8587808-d5b2-48b0-9bf8-98bf55310631,CUST00130,2026-07-11 16:09:32.379834,1761.39,Electronics,Mahebourg,0
2a67e6c8-f04e-4875-b7d3-85a842974e93,CUST00138,2026-07-11 16:13:34.379834,2935.03,ATM Withdrawal,Port Louis,0
5fe04f95-1d8f-4c32-8c71-ae74154deb38,CUST00097,2026-07-11 16:31:18.379834,2027.77,Restaurant,Quatre Bornes,0
1cd79ab3-018b-4090-b0ba-a67595e3f643,CUST00011,2026-07-11 16:55:22.379834,918.71,ATM Withdrawal,Port Louis,0
195eebb7-6130-4374-be85-86533b2f5b28,CUST00093,2026-07-11 17:01:44.379834,1367.6,Entertainment,Rose Hill,0
549d3506-fc74-4988-ad15-fb1abdf2c652,CUST00044,2026-07-11 17:26:02.379834,1398.72,ATM Withdrawal,Grand Baie,0
9eba6be3-a578-426a-80a3-32b49a1d0ab5,CUST00022,2026-07-11 17:32:21.379834,500.64,Fuel Station,Flacq,0
8dcd15f3-d313-4fe3-a58f-8b06383d2de5,CUST00075,2026-07-11 17:37:16.379834,511.97,Fuel Station,Rose Hill,1
005d6aeb-f3a8-47e3-bcd1-79f0a74b86d4,CUST00122,2026-07-11 17:58:42.379834,2042.55,Online Retail,Flacq,0
12a1bf79-3711-484b-8c2b-2bf4e0e3f874,CUST00035,2026-07-11 18:06:22.379834,3410.2,Restaurant,Curepipe,0
9098c018-7221-4196-87b1-8aed439ce7c7,CUST00088,2026-07-11 18:49:27.379834,1739.51,Restaurant,Vacoas,0
c0c57eff-a58e-4ce0-9d27-cd7af6a742a4,CUST00092,2026-07-11 18:52:28.379834,682.74,Grocery,Beau Bassin,0
391864fd-f297-4095-9683-d9306fc6362f,CUST00115,2026-07-11 19:05:29.379834,1760.96,Grocery,Curepipe,0
6380c5fe-eb1c-434b-b827-bd1ae130540a,CUST00039,2026-07-11 19:07:31.379834,970.14,Utility Bill,Beau Bassin,0
b4b812bd-4742-42f4-9aec-f5c2aa730c86,CUST00106,2026-07-11 19:17:54.379834,1054.51,Utility Bill,Tamarin,0
9153a618-6220-434d-b082-2f55a9a23f24,CUST00192,2026-07-11 19:35:48.379834,790.15,Utility Bill,Beau Bassin,0
88481a2b-401d-450f-be34-8361d63bff74,CUST00023,2026-07-11 19:45:59.379834,1616.35,Travel,Rose Hill,0
c3e680a2-d4a1-4ef3-b46f-49e2ed174834,CUST00162,2026-07-11 19:52:38.379834,618.29,Fuel Station,Port Louis,0
a92b26a8-40d2-43a3-b247-19ceffbd376c,CUST00087,2026-07-11 20:12:56.379834,1119.85,Pharmacy,Flacq,0
bbce6657-fab7-45f0-822a-d5c01d05ded1,CUST00123,2026-07-11 20:37:00.379834,503.34,Utility Bill,Tamarin,0
b2b8243d-ba2e-4c6d-a443-85f37d74aa9f,CUST00159,2026-07-11 20:41:27.379834,456.8,Restaurant,Beau Bassin,0
a2913f23-b1f1-44a7-892b-2609ac98add5,CUST00068,2026-07-11 20:51:02.379834,1074.45,Travel,Beau Bassin,0
f8fb63b8-0bb6-4403-afee-76ee689d590f,CUST00004,2026-07-11 20:51:03.379834,3173.8,Entertainment,Rose Hill,0
eb2dee5e-14ed-4129-85be-0be00e6e7ff9,CUST00156,2026-07-11 20:54:14.379834,2558.67,Fuel Station,Grand Baie,0
706db012-f7a2-46db-950a-a4bfa937132e,CUST00068,2026-07-11 21:01:06.379834,1827.66,ATM Withdrawal,Beau Bassin,0
a172a790-2166-44db-a246-aae589229543,CUST00123,2026-07-11 21:06:33.379834,329.61,Fuel Station,Tamarin,0
2976f533-1cdf-45f8-afc8-9025454be420,CUST00055,2026-07-11 21:17:17.379834,2380.55,Fuel Station,Curepipe,0
aa7b2f94-87fc-455c-ac55-e8f99af0958e,CUST00111,2026-07-11 21:28:29.379834,1366.11,Travel,Mahebourg,0
cde19718-c152-49c5-87df-a530d4e9e40b,CUST00038,2026-07-11 21:42:32.379834,1234.34,Fuel Station,Curepipe,0
75bb2833-6657-42e4-b9e3-871a2305d7be,CUST00097,2026-07-11 21:47:17.379834,1309.58,ATM Withdrawal,Quatre Bornes,0
0604a6f4-425e-439d-a883-f46f7f9e0277,CUST00095,2026-07-11 22:13:57.379834,871.55,Utility Bill,Flacq,0
f44254ff-1a12-47c1-94c7-ccaf9d68b3f4,CUST00155,2026-07-11 22:16:53.379834,2223.72,Electronics,Beau Bassin,0
9111fbe4-954f-4eea-b105-3bf820d88a77,CUST00190,2026-07-11 22:18:05.379834,1948.83,Electronics,Rose Hill,0
5fd9cbef-9d18-47b4-bd6a-1c76bf4a67c9,CUST00080,2026-07-11 22:47:04.379834,526.76,Restaurant,Mahebourg,0
33920d26-dc07-45d7-9ade-c4defe2e656b,CUST00180,2026-07-11 22:48:00.379834,1075.04,Fuel Station,Mahebourg,0
ea3af9ab-6676-4230-8e7a-236f0b470f9e,CUST00095,2026-07-11 22:49:07.379834,1090.59,Grocery,Flacq,0
4d9395b1-461d-4ea7-95de-11f3b08f60f1,CUST00103,2026-07-11 22:54:21.379834,751.41,Grocery,Vacoas,0
a4d2a7cf-5577-4f9b-9763-173a73dc54b4,CUST00183,2026-07-11 23:02:37.379834,3119.27,Entertainment,Flacq,0
25812f74-77e9-4f29-a99a-4992e96bdfb5,CUST00088,2026-07-11 23:07:19.379834,1416.02,Pharmacy,Vacoas,0
be0bbc5e-05b4-4f03-9c6f-a06d7ae6b6d4,CUST00094,2026-07-11 23:15:09.379834,2275.16,Fuel Station,Grand Baie,0
07b06b2c-ab54-4d9a-9efc-75f4d5a32b88,CUST00093,2026-07-11 23:24:10.379834,1393.14,Online Retail,Rose Hill,0
6450d858-1e28-4dce-8e76-116041f3a786,CUST00000,2026-07-11 23:40:37.379834,3043.93,Online Retail,Curepipe,0
89d367c0-2f0b-4ca1-b23f-f0e5ea550fb9,CUST00153,2026-07-11 23:48:07.379834,3087.65,Entertainment,Port Louis,0
ab1efb01-3fcd-4aeb-8c25-0d6c3cbb0d60,CUST00128,2026-07-11 23:54:23.379834,2037.5,ATM Withdrawal,Port Louis,0
92c500a3-eed8-48b7-88d9-c5cf97cbffbb,CUST00132,2026-07-11 23:56:16.379834,598.27,Fuel Station,Beau Bassin,0
6a337289-8094-4590-8673-214dfc53a5ce,CUST00179,2026-07-12 00:04:37.379834,1020.41,ATM Withdrawal,Rose Hill,0
28cf592e-ba32-4ba1-9ecb-a0c35e7a2a3b,CUST00189,2026-07-12 00:26:50.379834,5327.38,Grocery,Rose Hill,0
c00baa12-a926-4052-b636-ca4a41daed3c,CUST00092,2026-07-12 00:30:56.379834,397.76,ATM Withdrawal,Beau Bassin,0
8a62defb-bbd4-46ae-a6b3-b4c8ea312a65,CUST00095,2026-07-12 00:31:20.379834,652.29,Electronics,Flacq,0
55faacc2-57f2-4cf7-94cc-235fcf0a6355,CUST00199,2026-07-12 00:49:23.379834,632.23,Pharmacy,Port Louis,0
c363c6af-46b0-4752-8709-930a1624bfbc,CUST00006,2026-07-12 01:02:09.379834,685.21,ATM Withdrawal,Curepipe,0
e4deacaa-ce79-4528-adcd-91386bb0a38a,CUST00194,2026-07-12 01:05:03.379834,1436.71,Fuel Station,Tamarin,0
bf620f74-a28c-4a09-afd8-3bfb5456329e,CUST00060,2026-07-12 01:05:10.379834,445.59,Grocery,Rose Hill,0
0f616d03-e894-4d3d-98c0-43c57582c786,CUST00047,2026-07-12 01:10:16.379834,902.38,Entertainment,Flacq,0
b262ccee-95be-46f3-aeaf-c8b4efcbfe29,CUST00088,2026-07-12 01:22:53.379834,689.9,Grocery,Vacoas,0
4d7bce31-19fe-4502-aea5-03e694ed766f,CUST00139,2026-07-12 01:42:59.379834,1533.43,Electronics,Vacoas,0
faf04b53-6ed0-421e-9380-011b08f4ea6d,CUST00126,2026-07-12 01:55:24.379834,2013.47,Grocery,Vacoas,0
c0104ff5-e90c-46f2-b077-0ce102442784,CUST00150,2026-07-12 02:00:13.379834,4293.09,Pharmacy,Quatre Bornes,1
3076ebd1-1e56-41ad-9ac6-1db9d352da8f,CUST00128,2026-07-12 02:00:25.379834,1461.02,Travel,Port Louis,0
fa55f2fe-ca6b-4b59-a9c6-c1cfe65a58d9,CUST00035,2026-07-12 02:05:20.379834,3424.54,Grocery,Curepipe,0
f1f00a55-f1a8-445d-9b25-0f6467bae151,CUST00133,2026-07-12 02:11:28.379834,6574.9,Electronics,Curepipe,0
af7289d1-80b7-4b1a-860e-9139234467ae,CUST00009,2026-07-12 02:34:32.379834,277.66,Grocery,Tamarin,1
48867361-6180-4467-9a7a-a41978e00852,CUST00030,2026-07-12 02:36:32.379834,1644.81,Restaurant,Beau Bassin,0
27ed68f1-f788-4349-b3cf-f5833e10fb0b,CUST00016,2026-07-12 02:50:04.379834,927.86,Fuel Station,Mahebourg,0
88dcd07f-82b7-4f72-952e-9756bd6afce2,CUST00180,2026-07-12 03:03:03.379834,2363.07,Entertainment,Mahebourg,0
c275181f-0162-4eb7-b8a4-c6c4c0b41357,CUST00134,2026-07-12 03:03:59.379834,196.58,Utility Bill,Vacoas,0
3f8c4fb8-7191-4b77-956c-1e398e458717,CUST00134,2026-07-12 03:10:56.379834,216.87,Utility Bill,Vacoas,0
0ebecc8c-1aa4-4d0f-949a-17e6ae84242f,CUST00118,2026-07-12 03:13:05.379834,1478.42,ATM Withdrawal,Flacq,0
3fc69b5b-b7c1-4e5f-bb9d-225e9109adbd,CUST00018,2026-07-12 03:27:08.379834,1398.49,Entertainment,Port Louis,0
dbc8388a-4103-4bd1-8292-ebda2925e908,CUST00168,2026-07-12 03:31:23.379834,1450.38,Entertainment,Curepipe,0
4d92c9e5-b3f9-43f2-bfcd-0bf3b1173c9a,CUST00177,2026-07-12 03:33:16.379834,807.79,Travel,Tamarin,0
e9079624-bec7-41e9-b35a-d0b1d9ec70f3,CUST00149,2026-07-12 03:34:52.379834,431.98,Entertainment,Beau Bassin,0
cd636822-4c2b-4464-8a5a-bce492a3de53,CUST00186,2026-07-12 04:00:02.379834,1950.0,Travel,Mahebourg,0
84f3a9a3-7733-4eb7-8dd7-c41ebd2fdb8b,CUST00124,2026-07-12 04:37:44.379834,3244.85,Fuel Station,Grand Baie,0
2d3c4ae6-dcb2-4dce-b747-e581d698b41c,CUST00157,2026-07-12 04:49:04.379834,690.95,Travel,Port Louis,0
383f94ae-d7f5-4e9b-bfde-e05911ef2deb,CUST00025,2026-07-12 04:55:26.379834,1379.26,Entertainment,Tamarin,0
ef005a0e-2609-4d8a-a3fe-06d408af949b,CUST00080,2026-07-12 05:02:45.379834,710.95,Electronics,Mahebourg,0
53801a65-8b08-4581-b4e3-9862d39e1610,CUST00068,2026-07-12 05:20:05.379834,1826.12,Restaurant,Beau Bassin,0
c28c3bc2-489e-405c-b7ac-c84c6825e8e9,CUST00174,2026-07-12 05:28:31.379834,3082.07,Fuel Station,Quatre Bornes,0
c57ee862-9dfd-41fd-89e2-0443963d89c5,CUST00191,2026-07-12 05:35:57.379834,1660.2,ATM Withdrawal,Curepipe,0
b0fe3e46-cf78-4b93-8f3e-bef643a3ce16,CUST00105,2026-07-12 05:39:12.379834,1716.83,Travel,Flacq,0
93be7f14-c5a7-4269-93f4-bff6d6bfcbdd,CUST00035,2026-07-12 05:47:07.379834,939.5,Grocery,Curepipe,0
187eadcf-c8ad-4fc2-999d-dec225aaa985,CUST00191,2026-07-12 05:57:12.379834,2831.59,Restaurant,Curepipe,0
655d591a-c56b-46e5-94e8-84fa0caec288,CUST00108,2026-07-12 05:58:01.379834,2244.56,Restaurant,Beau Bassin,0
df25fec2-3a67-4b3c-a1ab-c29745143a51,CUST00001,2026-07-12 06:34:16.379834,616.11,Utility Bill,Port Louis,0
4bb64b75-adcb-4e4f-b431-f103eb318890,CUST00014,2026-07-12 06:49:47.379834,610.26,Travel,Rose Hill,0
f42804d3-505d-4406-b985-fe89f63eed85,CUST00059,2026-07-12 06:54:04.379834,1223.39,Utility Bill,Curepipe,0
8474b701-5e26-417e-99ae-787c2c8c716e,CUST00050,2026-07-12 07:17:44.379834,922.15,Entertainment,Vacoas,0
7d6ed946-7538-401c-b6fa-94ca50594602,CUST00174,2026-07-12 07:18:49.379834,3136.61,ATM Withdrawal,Quatre Bornes,0
dda2f876-76c0-4ffc-94b8-3767a17de320,CUST00191,2026-07-12 07:23:57.379834,2624.71,Utility Bill,Curepipe,0
7286f3a9-ac54-4de7-94f6-1870b0b1957b,CUST00122,2026-07-12 07:24:46.379834,1344.61,Restaurant,Flacq,0
bb1175cf-9573-4c0c-8a92-efcd6979096f,CUST00127,2026-07-12 07:42:47.379834,1168.56,Online Retail,Mahebourg,0
3c8fc39c-9400-4e8c-ae27-ebfc1eacd8ec,CUST00032,2026-07-12 07:49:24.379834,851.04,Grocery,Quatre Bornes,0
52a59ded-5b5b-4521-9a74-cf7badec4370,CUST00045,2026-07-12 07:52:46.379834,4457.72,Utility Bill,Mahebourg,0
6df5586b-da66-4e5b-b18d-9d0805a84cc9,CUST00021,2026-07-12 08:24:59.379834,450.89,Travel,Mahebourg,0
32d53d60-347e-4a54-b0e0-5aa186b2cc86,CUST00194,2026-07-12 08:32:43.379834,1654.54,Grocery,Tamarin,0
57ba30b5-3cab-4a43-93ad-c736302b1884,CUST00107,2026-07-12 08:37:14.379834,5694.72,ATM Withdrawal,Flacq,0
6d385e6a-f84b-4f6b-bca7-a30efaba30af,CUST00142,2026-07-12 08:39:28.379834,702.06,Online Retail,Mahebourg,0
3478c0b0-1f5c-4048-a510-1b1165f1a1ae,CUST00027,2026-07-12 08:41:28.379834,1213.67,Utility Bill,Port Louis,0
aad0e13c-fefa-44b4-8016-8a7de2092662,CUST00070,2026-07-12 08:44:35.379834,1224.69,Electronics,Vacoas,0
9034d33d-9421-4ca0-aaa6-a9af719046bf,CUST00002,2026-07-12 08:48:49.379834,467.96,ATM Withdrawal,Vacoas,0
0ac29cd8-ac5e-43f2-b6ca-85c3fefd0d04,CUST00177,2026-07-12 09:00:27.379834,1136.84,ATM Withdrawal,Tamarin,0
4dbcb2a3-8a3e-4551-8388-24ca50dbd675,CUST00110,2026-07-12 09:03:23.379834,542.34,Entertainment,Quatre Bornes,0
9abd22fc-528c-4cc7-af70-d7a9f6efb0a7,CUST00168,2026-07-12 09:05:26.379834,1663.08,Online Retail,Curepipe,0
649c74a0-e0bf-4af8-8547-0e88dd35e11d,CUST00160,2026-07-12 09:18:23.379834,4341.24,Fuel Station,Vacoas,0
be028b7a-e9fa-4a2b-965c-2c642ce297ce,CUST00054,2026-07-12 09:27:25.379834,2125.66,Travel,Rose Hill,0
b3e091e6-3471-499f-a703-dacfb91c8c09,CUST00081,2026-07-12 09:39:39.379834,5766.06,Pharmacy,Rose Hill,0
0d75899f-0b99-4625-89df-508f7313455c,CUST00023,2026-07-12 10:01:38.379834,1705.32,Restaurant,Rose Hill,0
0e18afdc-def9-46cb-90e5-654946f1b3f7,CUST00197,2026-07-12 10:02:43.379834,856.78,Restaurant,Tamarin,0
460f3610-b866-442b-aad7-a0f83396b3fa,CUST00190,2026-07-12 10:04:51.379834,3603.9,Online Retail,Rose Hill,0
8535d136-5468-4a23-9c7c-98badae9e5b5,CUST00072,2026-07-12 10:06:50.379834,3493.74,Travel,Tamarin,0
ab6536db-e97b-4b46-8b69-1caa2f2bb3c6,CUST00195,2026-07-12 10:14:14.379834,1207.73,Electronics,Mahebourg,0
d5690bbd-3380-4daa-96b0-7c0ab647b6cc,CUST00130,2026-07-12 10:21:11.379834,1702.97,Entertainment,Mahebourg,0
c1579f94-2a2a-48dd-b325-8b0f3d901934,CUST00155,2026-07-12 10:25:10.379834,1962.06,Utility Bill,Beau Bassin,0
ec8e871c-2120-45e5-bbc1-cfedfc939492,CUST00135,2026-07-12 10:29:06.379834,424.41,Pharmacy,Flacq,0
3f043f7f-b676-4d8f-a0de-1fe789309e7f,CUST00017,2026-07-12 10:32:01.379834,523.28,Entertainment,Tamarin,0
7212626f-6a07-4c2f-816b-bed4a85722fd,CUST00098,2026-07-12 10:33:51.379834,201.38,Travel,Vacoas,0
e3470434-cf86-4053-9b15-6109f03bbc68,CUST00066,2026-07-12 10:37:08.379834,197.43,Utility Bill,Quatre Bornes,0
fb4916f8-2501-4581-b330-4c304cf2e152,CUST00080,2026-07-12 10:40:03.379834,467.45,Utility Bill,Mahebourg,0
41cf962f-2d01-4a99-9fd9-31913f90a492,CUST00199,2026-07-12 10:41:54.379834,983.96,Pharmacy,Port Louis,0
243a046d-e1e4-4f04-87ff-205d796f2a30,CUST00074,2026-07-12 10:59:27.379834,3471.66,Travel,Mahebourg,0
3287f487-c5c5-463a-a540-6b6f6fa9af34,CUST00054,2026-07-12 11:03:36.379834,1574.4,Restaurant,Rose Hill,0
0099765e-0733-4500-a71d-acb417a509ec,CUST00180,2026-07-12 11:09:00.379834,1672.09,Fuel Station,Mahebourg,0
e46e84ab-1604-4a57-a3cb-9f757542cabb,CUST00136,2026-07-12 11:21:43.379834,4241.83,Restaurant,Quatre Bornes,0
8fbae291-c1df-4e4a-ac85-39022eff9692,CUST00026,2026-07-12 11:29:09.379834,826.39,Entertainment,Vacoas,0
9c90af91-4694-46a5-ae57-e66756b6510e,CUST00173,2026-07-12 11:33:31.379834,1881.23,Grocery,Mahebourg,0
97f37f36-84e2-43de-b0ee-4c18bbe4aa74,CUST00101,2026-07-12 11:44:49.379834,1424.48,Travel,Mahebourg,0
84e7347a-9b72-467d-875d-f46ccf95afd3,CUST00142,2026-07-12 11:55:23.379834,1465.68,Fuel Station,Mahebourg,0
d289809c-b9b4-4898-871b-f005f4265c26,CUST00085,2026-07-12 11:56:48.379834,653.11,Pharmacy,Port Louis,0
e1bb9dfd-3125-4921-84cd-493da65aea53,CUST00079,2026-07-12 12:20:53.379834,1889.73,Pharmacy,Vacoas,0
12a84b95-f639-41cd-aaa7-b123cfd80b18,CUST00118,2026-07-12 12:27:58.379834,1677.57,Fuel Station,Flacq,0
c56ec766-8bfe-432c-8ac6-8e043803d325,CUST00183,2026-07-12 12:47:12.379834,3524.09,Entertainment,Flacq,0
266480b3-b574-4b91-b763-f740d94799e9,CUST00012,2026-07-12 12:54:03.379834,4770.34,Online Retail,Port Louis,0
48c7f58b-62be-4e65-818e-621750f22672,CUST00170,2026-07-12 12:57:25.379834,2176.45,Online Retail,Quatre Bornes,0
3d887a03-acf6-4fa0-9dc0-190e818614d4,CUST00112,2026-07-12 13:02:31.379834,1049.55,Grocery,Grand Baie,0
dad0cd35-0fae-4095-aea4-dc8f295033cb,CUST00127,2026-07-12 13:07:24.379834,477.07,Pharmacy,Mahebourg,0
a4e8645e-53d8-4221-a996-db6a630f1403,CUST00065,2026-07-12 13:07:41.379834,534.78,Travel,Beau Bassin,0
948e666c-e646-4ebd-9705-d2178916e837,CUST00103,2026-07-12 13:18:16.379834,604.61,Fuel Station,Vacoas,0
e6112036-5fa2-4cd2-b076-3c7f32f99e9f,CUST00055,2026-07-12 13:27:25.379834,2959.13,Restaurant,Curepipe,0
e189f0eb-10c5-4b65-8ae5-924bf786de10,CUST00145,2026-07-12 13:29:41.379834,1487.83,Electronics,Mahebourg,0
7a223d36-835e-4a1a-9016-372123a791bf,CUST00157,2026-07-12 13:37:23.379834,477.37,ATM Withdrawal,Port Louis,0
f1b1260d-4e30-40d3-aa0e-a4366e1b7061,CUST00142,2026-07-12 13:41:26.379834,740.3,Utility Bill,Mahebourg,0
322346dd-e247-4a87-a21c-789de8036d26,CUST00160,2026-07-12 13:44:32.379834,1327.53,Electronics,Vacoas,0
ab2a290c-3b49-427e-8308-a307d68e5da2,CUST00073,2026-07-12 13:50:47.379834,1263.8,Fuel Station,Quatre Bornes,0
e62fd32d-768a-4bf2-8049-4b35e7806a03,CUST00045,2026-07-12 14:08:18.379834,3212.26,Entertainment,Mahebourg,0
2e23c70e-f9d5-4e43-84cd-5d0a4f755864,CUST00001,2026-07-12 14:08:22.379834,1198.8,Electronics,Port Louis,0
41616df7-44fe-4391-88ea-87eb190ee5e4,CUST00082,2026-07-12 14:08:56.379834,743.08,Grocery,Beau Bassin,0
61b6ba66-be80-421b-a4db-b16647c5347b,CUST00001,2026-07-12 14:19:29.379834,1860.19,Electronics,Port Louis,0
7d48ff33-cb2f-45b3-8852-2d603f55fa25,CUST00180,2026-07-12 14:28:02.379834,2091.14,Travel,Mahebourg,0
798e109e-301c-4b7a-baf5-e96e64dbc08e,CUST00125,2026-07-12 14:41:18.379834,3276.94,Fuel Station,Mahebourg,0
e99f4178-4e5b-4bda-9f44-9275c63b48df,CUST00130,2026-07-12 14:53:10.379834,2850.52,Pharmacy,Mahebourg,0
1fe4033d-e726-4cf3-ad17-e6274a738c6d,CUST00046,2026-07-12 14:57:59.379834,1998.07,ATM Withdrawal,Curepipe,0
9dbf6227-4ae9-474f-97bf-1f49254425af,CUST00046,2026-07-12 15:00:15.379834,2021.0,Electronics,Curepipe,0
9dc9fcd4-5407-4c00-bb45-3a2849e17f93,CUST00012,2026-07-12 15:07:07.379834,3478.31,Restaurant,Port Louis,0
64419953-d170-4976-9f31-ebd2662b9834,CUST00023,2026-07-12 15:16:16.379834,1506.24,Electronics,Rose Hill,0
c2ecdd5b-88a8-47c0-9bd5-0270488e3da3,CUST00131,2026-07-12 15:16:53.379834,722.79,Travel,Vacoas,0
f2fecd72-7187-4f6f-b65f-2123b98c306f,CUST00000,2026-07-12 15:28:46.379834,1720.68,Restaurant,Curepipe,0
5b24920f-1be9-499d-82d8-6d975d2ea8de,CUST00000,2026-07-12 15:44:24.379834,1564.76,Fuel Station,Curepipe,0
91e8d2f1-b206-47a0-8362-1daa5b00b676,CUST00187,2026-07-12 15:58:41.379834,1089.75,Restaurant,Grand Baie,0
03d0caa8-74b1-461f-8421-e41d7bec5e89,CUST00119,2026-07-12 16:01:33.379834,415.72,Restaurant,Tamarin,0
909b9274-81fe-4c02-96d8-bc0ca2218502,CUST00025,2026-07-12 16:16:45.379834,1825.93,Grocery,Tamarin,0
7e35fbe5-3b3b-4d04-a370-153f4d7327f4,CUST00018,2026-07-12 16:20:07.379834,1501.94,Electronics,Port Louis,0
3c011be6-3c5a-468e-936d-3128127d0299,CUST00030,2026-07-12 16:25:23.379834,1465.03,Grocery,Beau Bassin,0
7712c252-f633-4f7b-86e5-7831bfe469c5,CUST00134,2026-07-12 16:25:43.379834,167.01,Electronics,Vacoas,0
a3a99c1c-4040-4d93-a270-b5622b13543b,CUST00124,2026-07-12 16:38:51.379834,2618.7,ATM Withdrawal,Grand Baie,0
d48a56df-cef8-4529-9fca-3b24547e58f5,CUST00060,2026-07-12 16:43:58.379834,255.67,Online Retail,Rose Hill,0
39e69829-50da-45de-b4c7-fd9aea119da5,CUST00182,2026-07-12 16:51:07.379834,2396.96,Fuel Station,Vacoas,0
95947314-0932-491c-8977-5b5130824f45,CUST00141,2026-07-12 16:51:28.379834,209.24,Entertainment,Quatre Bornes,1
34c743f0-e9fb-4a02-9d2f-964b4df976a6,CUST00123,2026-07-12 17:07:30.379834,309.57,Online Retail,Tamarin,0
b43035e2-fc05-40c0-9396-f2175c4b2427,CUST00082,2026-07-12 17:08:50.379834,605.91,ATM Withdrawal,Beau Bassin,0
5cfa1699-fdd8-449d-9036-1272d2be4412,CUST00143,2026-07-12 17:25:39.379834,624.17,Grocery,Curepipe,0
7bbbbbe0-9684-4f3e-a069-67c3318a873b,CUST00115,2026-07-12 17:34:31.379834,983.21,Utility Bill,Curepipe,0
0d9db513-ee26-4fc0-af35-b555c4da8113,CUST00097,2026-07-12 17:35:12.379834,1666.55,ATM Withdrawal,Quatre Bornes,0
f6013fc7-1138-42c6-905c-04190a73ac13,CUST00073,2026-07-12 17:51:53.379834,2925.01,Travel,Quatre Bornes,0
e1c51c34-33af-49e6-a8dd-96cbadec4aac,CUST00073,2026-07-12 18:03:51.379834,1799.57,Restaurant,Quatre Bornes,0
b81ae9c6-9df1-42b0-91cb-a0031e212012,CUST00070,2026-07-12 18:09:37.379834,6017.78,Fuel Station,Vacoas,1
fd9f03f1-b03f-4e29-a10d-3a9aa6ef9aa5,CUST00054,2026-07-12 18:11:18.379834,1498.97,Pharmacy,Rose Hill,0
7f2faed5-529d-4c03-9fce-1a9ef83093e8,CUST00103,2026-07-12 18:22:03.379834,546.08,Grocery,Vacoas,0
e11aba99-15d0-427f-9d4c-64841475c609,CUST00080,2026-07-12 18:27:04.379834,525.04,Electronics,Mahebourg,0
bb8bea94-290f-4a8d-bc18-458ede11d03d,CUST00081,2026-07-12 18:35:15.379834,4211.49,Travel,Rose Hill,0
5d273379-c48e-4ae6-81ec-01821468b12d,CUST00101,2026-07-12 18:45:31.379834,2002.05,Entertainment,Mahebourg,0
969fb2fc-915e-41e5-ae20-c1a1ab07ac24,CUST00032,2026-07-12 19:00:38.379834,505.31,Electronics,Quatre Bornes,0
9041e12e-392a-4cec-a2fc-f020e5435e38,CUST00152,2026-07-12 19:12:40.379834,1842.78,Pharmacy,Mahebourg,0
9912b2e8-b897-43f3-8d2e-5bd4001e8459,CUST00062,2026-07-12 19:20:06.379834,713.11,Grocery,Flacq,0
cc4decba-eece-42fa-b93a-dce4219065df,CUST00041,2026-07-12 19:48:28.379834,3995.42,ATM Withdrawal,Tamarin,0
d8d81d2f-11de-4725-8753-8d0b7d36fcf3,CUST00082,2026-07-12 19:58:11.379834,469.86,Online Retail,Beau Bassin,0
642cb512-4fdc-4a0e-af0e-bfb1d9208fcc,CUST00122,2026-07-12 20:35:34.379834,1891.11,ATM Withdrawal,Flacq,0
d83b63f9-0fe5-4257-9f77-98acd67d8954,CUST00062,2026-07-12 20:51:16.379834,1748.58,ATM Withdrawal,Flacq,0
49ac379e-6047-4cec-843d-08c683a7fd71,CUST00176,2026-07-12 21:03:05.379834,832.18,Travel,Mahebourg,0
b1b50852-0b5a-4162-9886-a8b9822cc23f,CUST00039,2026-07-12 21:17:18.379834,1670.93,Utility Bill,Beau Bassin,0
77555bea-c065-4070-acab-e7abfb87ae86,CUST00160,2026-07-12 21:18:32.379834,3167.04,Electronics,Vacoas,0
8550865b-e1af-4e19-b8ad-cfb746175aba,CUST00195,2026-07-12 21:30:16.379834,2363.69,Pharmacy,Mahebourg,1
15531aef-b1ba-444a-9fb4-25ab1f22ce49,CUST00016,2026-07-12 21:37:12.379834,905.97,Travel,Mahebourg,0
23f84bcb-aeae-45e5-8a29-fb4ec9729f29,CUST00074,2026-07-12 21:43:45.379834,4521.79,Electronics,Mahebourg,0
d4f86003-0a86-49ca-8c8c-297338f3da9d,CUST00014,2026-07-12 21:46:03.379834,1459.22,Travel,Rose Hill,0
c1571660-03f7-448e-be42-782912ff6f87,CUST00086,2026-07-12 22:12:02.379834,294.47,Entertainment,Beau Bassin,0
6a0a73d9-64ba-4619-8da6-93d5272e5aed,CUST00108,2026-07-12 22:13:23.379834,3229.66,Travel,Beau Bassin,0
ee54a489-2979-4ab8-9f49-a5a5c1a0a5d3,CUST00089,2026-07-12 22:23:35.379834,2097.9,Pharmacy,Curepipe,0
621eedb9-7ab5-4f81-9200-db695d4331dd,CUST00197,2026-07-12 22:31:45.379834,845.81,Entertainment,Tamarin,0
a059a2d3-3bf8-4404-893a-0d3cc2669526,CUST00059,2026-07-12 22:36:23.379834,1358.98,Travel,Curepipe,0
119a1605-7028-4d4d-a590-a82481d8364c,CUST00149,2026-07-12 22:45:14.379834,461.5,Entertainment,Beau Bassin,0
157784f6-543d-4d47-9d73-07c8d9d83d9d,CUST00069,2026-07-12 22:46:10.379834,7548.57,Utility Bill,Rose Hill,0
3ae6d1cf-abab-4498-b8f7-914011a14852,CUST00162,2026-07-12 22:46:54.379834,150.75,Travel,Port Louis,0
3a314eb3-be9e-4752-a23a-ba2f35ea903b,CUST00171,2026-07-12 22:50:53.379834,1075.01,Travel,Quatre Bornes,0
f6dd8ba3-6953-4326-a1db-1003161426ea,CUST00098,2026-07-12 22:53:22.379834,362.11,Fuel Station,Vacoas,0
e350d680-7289-4f72-9e83-253c66dc4eb7,CUST00188,2026-07-12 22:56:59.379834,331.71,Restaurant,Curepipe,0
0a609df6-e3dd-494f-8548-362a4bb0449a,CUST00078,2026-07-12 23:10:04.379834,266.27,Fuel Station,Flacq,0
c9282f1a-184f-45dc-a8f5-990f64419cb3,CUST00120,2026-07-12 23:13:45.379834,1006.82,ATM Withdrawal,Curepipe,0
2893b834-fd27-4a0b-aa3a-ac2c05f31b0a,CUST00017,2026-07-12 23:21:26.379834,1153.7,Grocery,Tamarin,0
990e9801-8880-492a-aa06-cea5719c17fe,CUST00050,2026-07-12 23:29:20.379834,733.83,Pharmacy,Vacoas,0
298490c8-af83-4cc3-88b4-80031fbe7f2b,CUST00049,2026-07-12 23:30:34.379834,576.0,Online Retail,Mahebourg,0
e3f3023c-a932-41ca-b732-618365844fc8,CUST00007,2026-07-12 23:38:54.379834,2166.9,Electronics,Mahebourg,0
9a5bcb84-abc5-4d90-b286-c37d5970ef8f,CUST00073,2026-07-12 23:44:31.379834,1116.88,Online Retail,Quatre Bornes,0
3c88b6de-8c4e-406d-8a27-81b8c7310cad,CUST00092,2026-07-12 23:55:00.379834,976.57,Online Retail,Beau Bassin,0
64fad28a-7d71-4d61-97cb-edc64d051489,CUST00185,2026-07-13 01:25:44.379834,1448.14,Entertainment,Grand Baie,0
b659c1d9-b793-4ee3-8f4f-189672614759,CUST00111,2026-07-13 01:31:21.379834,1312.63,Fuel Station,Mahebourg,0
c8695403-578c-4b8f-9e70-148db49c8ec2,CUST00140,2026-07-13 01:33:41.379834,828.97,Travel,Mahebourg,0
8aed453e-ded8-4e27-a9ce-73aadef23526,CUST00177,2026-07-13 01:48:37.379834,1239.31,Utility Bill,Tamarin,0
5258bca4-b7d2-449f-adc9-22018dab144a,CUST00146,2026-07-13 01:52:54.379834,1764.89,Grocery,Tamarin,0
3c43a707-9a2e-414c-b734-ab6213c9f85b,CUST00173,2026-07-13 02:14:57.379834,2672.82,ATM Withdrawal,Mahebourg,0
d9317700-e4fd-4a99-8d26-9d706b015bb1,CUST00054,2026-07-13 02:38:38.379834,2018.42,Travel,Rose Hill,0
8117df0d-f553-489f-8c49-ebcb962d92be,CUST00145,2026-07-13 02:44:07.379834,1485.55,Utility Bill,Mahebourg,0
e3efa60f-aad1-4494-8b53-b3adb1ba8817,CUST00199,2026-07-13 02:46:31.379834,659.8,Electronics,Port Louis,0
a0f9e44a-1ad5-40e5-a002-e4bf93c7f5df,CUST00127,2026-07-13 02:51:28.379834,1519.75,Travel,Mahebourg,0
e1dcb782-1888-4c2b-afc4-f3a668bc69dc,CUST00149,2026-07-13 02:52:06.379834,381.25,Entertainment,Beau Bassin,0
195a7c35-30b9-49fa-8d30-5637d002ad56,CUST00168,2026-07-13 03:10:05.379834,1378.73,Fuel Station,Curepipe,0
16286b5f-3199-4708-b92b-a38e87eb59fa,CUST00021,2026-07-13 03:17:05.379834,629.19,Pharmacy,Mahebourg,0
b471c07a-f93b-462c-be0e-38e6f9946fcb,CUST00034,2026-07-13 03:33:56.379834,3843.65,ATM Withdrawal,Beau Bassin,0
b7c404c6-622f-4b94-afc1-4cb4ee3895c1,CUST00083,2026-07-13 03:41:00.379834,1398.06,Restaurant,Port Louis,0
fd56ec94-e407-44fe-822f-a6f2f668e4dd,CUST00088,2026-07-13 03:47:11.379834,1013.77,Entertainment,Vacoas,0
3983fc74-1320-4a57-8687-84f1c5ca496b,CUST00170,2026-07-13 03:55:44.379834,1676.99,Grocery,Quatre Bornes,0
55fa4b47-9727-4ca6-96dc-bb7e6a41a80c,CUST00158,2026-07-13 04:05:50.379834,3450.22,Grocery,Curepipe,0
60a51fa7-8e26-405f-8c6e-5cf05059f658,CUST00096,2026-07-13 04:07:18.379834,3902.61,ATM Withdrawal,Grand Baie,0
0c7de11d-4dac-43a4-9676-9fd3fe02c582,CUST00137,2026-07-13 04:12:44.379834,7041.5,Entertainment,Grand Baie,1
5a4c6b7e-d980-4958-a4c7-3e31153e65fa,CUST00116,2026-07-13 04:26:42.379834,802.36,ATM Withdrawal,Quatre Bornes,0
ea9a247d-d57c-4e1e-91c9-2fd4202f8c85,CUST00111,2026-07-13 04:30:02.379834,2753.5,Restaurant,Mahebourg,0
eda3ce22-9b4a-419d-9dfb-320171ede3dc,CUST00167,2026-07-13 04:31:17.379834,463.73,Electronics,Grand Baie,0
82104170-2841-4271-8244-73243fb94cdd,CUST00142,2026-07-13 04:35:27.379834,1888.33,Online Retail,Mahebourg,0
ce15b718-a43e-45c5-aa35-a4b80ac520b7,CUST00065,2026-07-13 04:44:54.379834,952.54,Travel,Beau Bassin,0
75adeae5-50a1-44a0-a111-b2f283222a4c,CUST00027,2026-07-13 04:46:41.379834,1342.77,Restaurant,Port Louis,0
e4b0d23e-b5ce-4cd0-b3ad-3ce4826a4a6e,CUST00196,2026-07-13 04:52:20.379834,2039.93,ATM Withdrawal,Rose Hill,0
3dcfb9a7-c99b-46bf-84bc-1a695567738f,CUST00009,2026-07-13 04:54:12.379834,229.22,Electronics,Tamarin,0
29b5485f-c446-4777-9a27-779189e53fb7,CUST00153,2026-07-13 04:55:35.379834,4648.18,Pharmacy,Port Louis,0
32961c09-9eb9-4f50-9457-8097bc4ec470,CUST00169,2026-07-13 04:56:24.379834,1213.46,Fuel Station,Mahebourg,0
458fa1df-abb8-4986-93a8-572f0959feee,CUST00150,2026-07-13 05:00:33.379834,2497.76,Grocery,Quatre Bornes,0
72845362-3b56-433f-8085-e6bb283f54ab,CUST00156,2026-07-13 05:00:33.379834,2288.05,Restaurant,Grand Baie,0
698872db-63d6-4147-a966-e87a8dc0017f,CUST00187,2026-07-13 05:08:05.379834,955.73,Online Retail,Grand Baie,0
aa11f704-38b9-454b-9572-5c27d3047f62,CUST00028,2026-07-13 05:24:32.379834,941.44,Restaurant,Quatre Bornes,0
efec3cbd-2d28-4e08-b6b7-bac06efde94b,CUST00029,2026-07-13 05:35:09.379834,2783.47,Electronics,Flacq,0
5b6ac3a2-cc38-4ded-82a6-2df638926ab4,CUST00132,2026-07-13 05:52:09.379834,728.0,Online Retail,Beau Bassin,0
d0357646-7bbf-4110-ae61-e3832da66f0f,CUST00002,2026-07-13 05:53:32.379834,1500.83,Electronics,Vacoas,0
b69585a4-88c1-400f-84d1-e68953e65d26,CUST00017,2026-07-13 05:53:47.379834,755.56,Travel,Tamarin,0
aa890b62-5c7c-4e26-a0e0-92038b84101f,CUST00084,2026-07-13 05:56:56.379834,3545.61,Utility Bill,Rose Hill,0
f0bc7483-13c0-41d3-9ded-0d47779903de,CUST00054,2026-07-13 06:07:29.379834,1487.3,Entertainment,Rose Hill,0
6b4bc1e5-07c8-4adf-ab11-29b364d8cf11,CUST00021,2026-07-13 06:20:07.379834,441.35,Electronics,Mahebourg,0
2b77bc96-a439-4aa8-b742-50d8d6c903bc,CUST00180,2026-07-13 06:22:06.379834,1885.99,Electronics,Mahebourg,0
cbd1b8b6-dc34-4043-bc2a-ed8184fb9472,CUST00130,2026-07-13 06:23:42.379834,2502.94,Entertainment,Mahebourg,0
45d84c00-4e32-4274-a3d9-78b2a7aaab85,CUST00067,2026-07-13 06:27:02.379834,929.36,Travel,Beau Bassin,0
824bce05-d0f9-4954-a05c-970e8646eae0,CUST00020,2026-07-13 06:28:07.379834,2114.72,Grocery,Rose Hill,0
eaf41764-ada0-4fd2-91c8-dc006bfff1bf,CUST00190,2026-07-13 06:41:48.379834,4136.72,Grocery,Rose Hill,0
63748272-0c6b-46f7-97b6-6f0d38d49122,CUST00048,2026-07-13 06:42:11.379834,759.54,Pharmacy,Curepipe,0
2263f47c-5659-4a69-8bb7-945db66d7d45,CUST00152,2026-07-13 06:43:28.379834,2864.75,Restaurant,Mahebourg,0
d9318c6f-f090-49e3-8944-059a7690ab1b,CUST00039,2026-07-13 06:49:05.379834,1146.46,Entertainment,Beau Bassin,0
01f17584-4fb0-4308-8dc9-6dc34cf1c6b5,CUST00025,2026-07-13 06:59:27.379834,1304.49,Travel,Tamarin,0
1c1c42b4-dfb5-49ce-8a57-54cbb864e8f5,CUST00065,2026-07-13 07:01:08.379834,806.93,Pharmacy,Beau Bassin,0
8fabcf7c-d485-4895-918c-14f73f734bf2,CUST00123,2026-07-13 07:01:23.379834,468.09,Fuel Station,Tamarin,0
02503d54-8052-43b2-a2e1-f4296e5bebbf,CUST00043,2026-07-13 07:06:10.379834,813.23,ATM Withdrawal,Port Louis,0
2844c445-764f-4901-8d2e-a2138e71b574,CUST00110,2026-07-13 07:29:01.379834,465.62,Entertainment,Quatre Bornes,0
19a81945-22ba-49e0-a1c2-e9cbe7998d15,CUST00166,2026-07-13 07:36:49.379834,3981.85,Fuel Station,Curepipe,0
a963a86c-ac78-4ff7-b5b0-40ad84dcb4fd,CUST00114,2026-07-13 07:45:29.379834,1113.29,Entertainment,Port Louis,0
29a18a28-df4c-4295-9c69-ce46ecc2d83b,CUST00033,2026-07-13 07:48:48.379834,1568.91,Entertainment,Rose Hill,0
71510992-4377-4144-9ddd-9fcfca71a87d,CUST00076,2026-07-13 07:50:31.379834,375.77,Entertainment,Quatre Bornes,0
a5dee0e5-65ca-4462-acb1-8f025a94ca71,CUST00060,2026-07-13 08:06:37.379834,598.13,Online Retail,Rose Hill,0
f6c85ca9-2b3f-45ea-adbb-a9fa3d3f7328,CUST00172,2026-07-13 08:20:57.379834,643.01,Online Retail,Grand Baie,0
78443741-0e4d-48e9-899f-f251ff8c2543,CUST00013,2026-07-13 08:42:50.379834,790.82,Grocery,Curepipe,0
424482d5-4a18-4b2d-a968-abb16be03902,CUST00186,2026-07-13 09:01:11.379834,2543.42,Electronics,Mahebourg,0
144d6647-0fb8-4868-9e1e-ea42600ce75e,CUST00033,2026-07-13 09:06:21.379834,1966.72,Entertainment,Rose Hill,0
ef6acf1b-2e72-442e-baf3-a477d95de675,CUST00047,2026-07-13 09:08:38.379834,1704.96,ATM Withdrawal,Flacq,0
21684135-435c-434c-afeb-ec1612919419,CUST00179,2026-07-13 09:17:38.379834,1283.57,Entertainment,Rose Hill,0
ce1b34ab-95d0-4409-9049-d3dc35337877,CUST00034,2026-07-13 09:18:26.379834,3399.79,Entertainment,Beau Bassin,0
d5f0e6b6-c375-488b-b020-158c09ea0af5,CUST00189,2026-07-13 09:19:03.379834,4581.92,ATM Withdrawal,Rose Hill,0
4ae98ae2-dd37-4d80-a33b-104e3d3f02b3,CUST00051,2026-07-13 09:21:23.379834,620.25,Restaurant,Tamarin,0
260616e9-a483-46ca-8e29-3a57598195dd,CUST00038,2026-07-13 09:38:10.379834,921.28,Travel,Curepipe,0
efd26de4-7fb5-4ef5-a390-29f22296e660,CUST00081,2026-07-13 09:51:25.379834,4250.87,Online Retail,Rose Hill,0
401f09a4-6193-48eb-985f-79b5de1320bf,CUST00119,2026-07-13 09:54:29.379834,465.67,Pharmacy,Tamarin,0
d6487715-a161-4506-8ce6-c0b1c2cec882,CUST00188,2026-07-13 09:55:31.379834,805.71,Entertainment,Curepipe,0
c4a00c30-1180-4b7d-bd1b-466d7f64e268,CUST00113,2026-07-13 09:58:41.379834,1797.46,Grocery,Curepipe,0
a93e8569-303f-4189-af0a-3069549a8268,CUST00005,2026-07-13 10:00:31.379834,1718.25,Grocery,Quatre Bornes,0
d3ac9bcc-e047-4306-a820-936b781a7e4e,CUST00128,2026-07-13 10:01:00.379834,1100.19,Fuel Station,Port Louis,0
87a2c309-48e1-4fc9-b18b-5c01ecf39420,CUST00067,2026-07-13 10:07:27.379834,1333.94,Pharmacy,Beau Bassin,0
c0934212-cb79-4479-af4c-d1baef19c48e,CUST00020,2026-07-13 10:09:55.379834,2483.79,Restaurant,Rose Hill,0
ef222d19-bafc-4b32-b048-ec4f7cdccf27,CUST00124,2026-07-13 10:11:10.379834,2245.39,Restaurant,Grand Baie,0
2023ed99-7738-4c57-bd1d-07a9a2c0d9ec,CUST00083,2026-07-13 10:17:19.379834,714.69,Utility Bill,Port Louis,0
82fd3fdc-6c58-4242-b638-befdbb8afad0,CUST00010,2026-07-13 10:17:31.379834,304.5,Utility Bill,Flacq,0
2265f939-0c38-49c2-ad6e-2a27eccc7b11,CUST00096,2026-07-13 10:27:39.379834,4508.8,Travel,Grand Baie,0
b6098df0-620b-4913-b40f-51ecdceea16e,CUST00171,2026-07-13 10:35:56.379834,316.86,Fuel Station,Quatre Bornes,0
51526b12-31b0-4c63-86b5-137919cde292,CUST00149,2026-07-13 10:49:10.379834,451.2,Entertainment,Beau Bassin,0
414a3de4-2ee8-4cba-85a4-64d400e111ff,CUST00199,2026-07-13 10:54:43.379834,617.35,Online Retail,Port Louis,0
01003957-e08a-46bc-bc83-70ee861bd9f9,CUST00125,2026-07-13 11:00:52.379834,3281.71,Utility Bill,Mahebourg,0
3192e059-f7e6-4ba5-af86-69c80d5df3cc,CUST00065,2026-07-13 11:08:50.379834,3384.4,Electronics,Kyiv,1
32579590-6b1f-40bf-a095-521636f10f2e,CUST00034,2026-07-13 11:21:49.379834,3786.37,Travel,Beau Bassin,0
81218b5a-ac01-424b-b261-d3cb01b49a12,CUST00091,2026-07-13 12:07:09.379834,1690.43,Travel,Tamarin,0
16175b8f-5dbe-428f-9459-82049a329bff,CUST00084,2026-07-13 12:16:03.379834,2835.89,Online Retail,Rose Hill,0
c0ec541c-015b-4794-8c96-8fd9da3ba053,CUST00145,2026-07-13 12:28:52.379834,1993.44,Restaurant,Mahebourg,0
4f11df53-0861-4f68-bd02-637aaef59ddf,CUST00175,2026-07-13 12:30:02.379834,1790.15,Online Retail,Vacoas,0
f3199175-04db-4827-9a4d-55dcab384e4f,CUST00038,2026-07-13 12:48:21.379834,1034.28,ATM Withdrawal,Curepipe,0
69caecdd-dd86-4f7b-97ea-58527a34b21d,CUST00179,2026-07-13 13:05:59.379834,226.7,Electronics,Rose Hill,0
03a26c0b-ffbb-4b9a-bc41-66ce8873aa99,CUST00143,2026-07-13 13:36:24.379834,430.79,Online Retail,Curepipe,0
57922495-0fcd-4eb9-9d05-2311924b6748,CUST00008,2026-07-13 13:50:49.379834,274.46,ATM Withdrawal,Curepipe,0
b84abc97-2c57-4135-bd54-31b6a4a683ac,CUST00160,2026-07-13 13:54:48.379834,4382.58,ATM Withdrawal,Vacoas,0
64e0126d-ce3e-49f6-9f39-7b72ec74ab1a,CUST00107,2026-07-13 13:59:19.379834,4018.46,Grocery,Flacq,0
5065d2b6-4633-4de1-9268-f9f10756694e,CUST00042,2026-07-13 14:04:09.379834,2257.54,Grocery,Vacoas,0
561534e7-efbd-475d-aabf-e56a38086eec,CUST00112,2026-07-13 14:10:22.379834,968.79,Utility Bill,Grand Baie,0
f2a56b0a-eb0b-4376-8bf9-ba165dd19a90,CUST00188,2026-07-13 14:11:00.379834,915.03,Travel,Curepipe,0
2b6d4d44-8952-454b-a534-92032ebd9ff5,CUST00145,2026-07-13 14:11:58.379834,2616.04,Utility Bill,Mahebourg,0
0560990b-6efb-42a8-8e00-99564caec26b,CUST00055,2026-07-13 14:17:00.379834,1717.86,ATM Withdrawal,Curepipe,0
6e674dd1-7e45-4ef3-a3a1-acb5d8ba6325,CUST00079,2026-07-13 14:39:27.379834,1434.44,Entertainment,Vacoas,0
59160d27-108e-4f1e-a37f-4f660040b270,CUST00023,2026-07-13 14:51:38.379834,1827.93,Fuel Station,Rose Hill,0
ab2dfa30-f047-4b26-8d9e-93774db4e2a9,CUST00067,2026-07-13 14:52:51.379834,1495.81,Restaurant,Beau Bassin,0
61aefb5b-f762-4529-8058-6ddeec8c7ec6,CUST00071,2026-07-13 14:57:31.379834,1877.3,Travel,Curepipe,0
09d12447-07ff-4132-af38-17ba661809f2,CUST00007,2026-07-13 15:01:08.379834,2400.34,Utility Bill,Mahebourg,0
8718b4c2-4dd0-4f31-8bbb-c30811b5d00c,CUST00060,2026-07-13 15:02:06.379834,371.04,Pharmacy,Rose Hill,0
8d70d99b-fdcd-4a05-8f4e-09eb73c0c2e2,CUST00107,2026-07-13 15:20:59.379834,4419.21,Utility Bill,Flacq,0
35a99c08-aa92-4ffb-95a6-55c810a9240a,CUST00123,2026-07-13 15:22:06.379834,624.68,ATM Withdrawal,Tamarin,0
45363258-d5c6-4a34-8793-ea7fedf7ea36,CUST00185,2026-07-13 15:22:32.379834,999.94,ATM Withdrawal,Grand Baie,0
a8070b4e-f49d-4d61-998b-e559f98f2776,CUST00149,2026-07-13 15:38:26.379834,390.64,Travel,Beau Bassin,0
be04158c-51c2-4452-a4cc-42c51c6446a1,CUST00159,2026-07-13 15:42:53.379834,486.4,Pharmacy,Beau Bassin,0
94ed4abd-5299-4dab-9bed-9861cd73a837,CUST00131,2026-07-13 15:48:26.379834,521.81,Utility Bill,Vacoas,0
dc4fd4b5-dbdd-4e2b-b29c-5d7ee5573586,CUST00144,2026-07-13 16:31:18.379834,1427.01,Utility Bill,Vacoas,0
a56cd8be-289e-4eb9-8212-3d940291c3ee,CUST00153,2026-07-13 16:37:11.379834,2959.77,Utility Bill,Port Louis,0
7ccd05e2-f9d0-4824-8395-ea8fd3b4e2d0,CUST00179,2026-07-13 16:40:37.379834,1458.49,Travel,Rose Hill,0
864cd5c4-7aca-4556-a2a8-b849e76ad9b5,CUST00133,2026-07-13 16:49:54.379834,4834.92,Travel,Curepipe,0
78b31bed-97c3-4c19-b889-3b062609c279,CUST00038,2026-07-13 17:00:53.379834,794.96,Utility Bill,Curepipe,0
e3ce3d6a-ee3d-40b3-8505-f0a2acee9243,CUST00145,2026-07-13 17:08:27.379834,1972.87,Electronics,Mahebourg,0
4e7fc768-0cc2-414e-a924-c23ae5dbac39,CUST00148,2026-07-13 17:20:29.379834,355.89,Electronics,Quatre Bornes,0
ab92dde0-153a-4eab-bde4-2dfe3bd6fb81,CUST00135,2026-07-13 17:35:11.379834,1071.87,Entertainment,Flacq,0
8706cb73-efc7-472a-ba4c-335063d7b624,CUST00136,2026-07-13 18:02:06.379834,2939.25,Utility Bill,Quatre Bornes,0
a06b9d18-18b0-4d81-a1fe-c4b86d31bc9c,CUST00146,2026-07-13 18:06:34.379834,3282.18,Utility Bill,Tamarin,0
a88dbd52-0a4d-4471-86b2-af0ef90bc8bf,CUST00047,2026-07-13 18:24:15.379834,927.29,Utility Bill,Flacq,0
e6416eda-d4bf-4868-8b8f-c50aad9edca5,CUST00010,2026-07-13 18:49:34.379834,477.5,Pharmacy,Flacq,0
68f52659-9a46-497d-830b-12f599d9eafa,CUST00064,2026-07-13 18:58:41.379834,1916.82,Entertainment,Grand Baie,0
a65e22f0-8d24-490d-95f9-9ced64582a45,CUST00111,2026-07-13 19:03:18.379834,1247.3,Utility Bill,Mahebourg,0
3389b873-7b01-485a-9542-c8074cbca4a4,CUST00073,2026-07-13 19:04:03.379834,956.62,ATM Withdrawal,Quatre Bornes,0
8e636c9d-85b9-4a55-9ff8-2cc2d6d44c1e,CUST00063,2026-07-13 19:05:32.379834,1406.43,Grocery,Vacoas,0
88ed3bbf-e35b-4470-b9d8-89812750715d,CUST00103,2026-07-13 19:08:31.379834,1074.07,Online Retail,Vacoas,0
311e58af-c362-4358-8775-f6ddf55d0fdd,CUST00046,2026-07-13 19:10:15.379834,1353.93,ATM Withdrawal,Curepipe,0
ed55ba41-20bb-45bc-a699-8bc526051601,CUST00126,2026-07-13 19:21:54.379834,1851.86,Fuel Station,Vacoas,0
d25d5d77-7c91-4646-98a5-c0ba1c159774,CUST00158,2026-07-13 19:34:40.379834,1627.25,ATM Withdrawal,Curepipe,0
8a801ab3-6a24-479d-b3c0-f3ce60e0c288,CUST00108,2026-07-13 19:36:23.379834,1548.82,ATM Withdrawal,Beau Bassin,0
e887b2a8-af60-4f9a-92dd-eeaea7451a94,CUST00187,2026-07-13 19:46:04.379834,1197.13,Entertainment,Grand Baie,0
f4c26253-ea9e-4803-aab4-a8b8951b9b82,CUST00199,2026-07-13 19:47:04.379834,999.65,Fuel Station,Port Louis,0
465bfd79-183c-4662-b353-01c97890e566,CUST00111,2026-07-13 19:54:49.379834,1418.32,Electronics,Mahebourg,0
5a6833b5-f87d-4333-93df-b1b02e8e3795,CUST00095,2026-07-13 20:06:24.379834,367.78,Utility Bill,Flacq,0
eac9cc7d-4034-4414-89a8-62bce39c3241,CUST00121,2026-07-13 20:07:51.379834,3707.02,Online Retail,Jakarta,1
1e028d6f-3d25-4883-9e58-332e15d70a42,CUST00031,2026-07-13 20:10:31.379834,1430.71,Utility Bill,Vacoas,0
d63e9082-e5c4-42b2-bf2b-629de3bbc607,CUST00057,2026-07-13 20:10:46.379834,1040.0,Grocery,Rose Hill,0
e983cf8b-8048-4a4e-8e9f-ee1c788aaad8,CUST00198,2026-07-13 20:29:11.379834,2000.89,ATM Withdrawal,Rose Hill,0
573afdf4-c668-4115-ad7a-05239e7ee33c,CUST00116,2026-07-13 20:30:26.379834,186.46,Utility Bill,Quatre Bornes,0
7dbec9f4-22aa-48fc-a04b-a4b79eda9163,CUST00054,2026-07-13 20:42:50.379834,815.1,Utility Bill,Rose Hill,0
953ce4e5-12c6-4b4e-8ea3-419f7f2bbf6c,CUST00041,2026-07-13 20:45:30.379834,2067.38,Pharmacy,Tamarin,0
e9f0dd1d-7843-4586-80bb-e93c34de5f79,CUST00193,2026-07-13 20:45:50.379834,758.94,Electronics,Port Louis,0
01d4883b-4cfb-41d9-885b-3df3c8fba940,CUST00037,2026-07-13 20:54:04.379834,856.79,ATM Withdrawal,Flacq,0
09d68005-60fa-4c7b-b82b-fb084fae1108,CUST00079,2026-07-13 21:04:33.379834,1091.07,Restaurant,Vacoas,0
e12d5af9-bf53-4666-a54c-bb8dd024ebc4,CUST00150,2026-07-13 21:04:35.379834,3043.89,Fuel Station,Quatre Bornes,0
ea00d534-7c5b-4088-90dc-31628ed0376a,CUST00195,2026-07-13 21:11:20.379834,1025.35,Electronics,Mahebourg,0
5a563233-2420-4b40-856d-175bf199c92a,CUST00075,2026-07-13 21:18:41.379834,335.7,Online Retail,Rose Hill,0
bfc05717-c581-4757-97f2-dfee52fca1e9,CUST00090,2026-07-13 21:25:37.379834,1342.24,Grocery,Rose Hill,0
36fd8167-3f22-48ff-86ac-aae2421971f9,CUST00130,2026-07-13 21:32:17.379834,1729.4,Travel,Mahebourg,0
4c9077f4-f7ff-4b2d-b3d3-bb77c4c148f8,CUST00001,2026-07-13 21:47:59.379834,1258.2,ATM Withdrawal,Port Louis,0
558b4264-7c35-4f0f-8a91-dbfd6b005dc9,CUST00193,2026-07-13 22:12:28.379834,708.64,Pharmacy,Port Louis,0
73bdfe71-02a2-4fff-95c0-412ab9dbf16b,CUST00187,2026-07-13 22:17:17.379834,1308.69,Fuel Station,Grand Baie,0
598a40ab-50d0-4255-b710-397daf5b8cef,CUST00160,2026-07-13 22:30:47.379834,733.1,Travel,Vacoas,0
4205f5ec-9ea0-4ab7-a90d-e7ce62889382,CUST00020,2026-07-13 22:33:31.379834,1991.61,Travel,Rose Hill,0
91edb7ac-9b36-41ac-9529-76ce383b8859,CUST00027,2026-07-13 22:36:47.379834,1253.09,Pharmacy,Port Louis,0
f950a2cd-ba4f-4f5b-b5c7-1e1e5231f6b3,CUST00001,2026-07-13 22:39:35.379834,1147.6,Travel,Port Louis,0
1a3f8c90-1307-47ab-94f8-dee3ae7ee9e8,CUST00135,2026-07-13 22:43:17.379834,1218.26,Online Retail,Flacq,0
e4e7f439-f1a5-481e-a631-b10c371425c4,CUST00089,2026-07-13 22:47:10.379834,2321.08,Grocery,Curepipe,0
5227ee89-8747-468c-ba05-b8b89db84ea0,CUST00043,2026-07-13 22:49:47.379834,886.48,Pharmacy,Port Louis,0
ae6cf2c6-a97a-4ec2-a882-c5a625c6a305,CUST00057,2026-07-13 22:52:29.379834,488.57,Travel,Rose Hill,0
0a421238-77ea-40d1-9e09-2e22bcf28a3c,CUST00044,2026-07-13 22:52:43.379834,809.25,ATM Withdrawal,Grand Baie,0
ba5128a5-ca7e-4fb0-85e4-5a6e0ba74b96,CUST00113,2026-07-13 23:01:04.379834,2102.32,Pharmacy,Curepipe,0
269af3a2-b8f7-4a10-b632-7a5a87907e1a,CUST00122,2026-07-13 23:04:40.379834,1708.36,ATM Withdrawal,Flacq,0
8059286b-5991-410a-a735-5c4edf0fec2d,CUST00089,2026-07-13 23:06:23.379834,20594.16,Online Retail,Curepipe,1
bd88904e-e34e-4c54-b39c-9df616bf4ff1,CUST00139,2026-07-13 23:26:15.379834,913.44,Online Retail,Vacoas,0
12971c5a-359b-417d-a4c5-6c1fe601495b,CUST00112,2026-07-13 23:36:44.379834,1173.41,Entertainment,Bogota,1
ad72c664-a42b-4ad9-9ae9-e25a5cc2fa78,CUST00031,2026-07-13 23:38:21.379834,1110.56,Restaurant,Vacoas,0
23c43545-52ec-44f6-9eb1-751521b1d576,CUST00091,2026-07-13 23:39:48.379834,996.22,Grocery,Tamarin,0
68051cde-a49c-4683-be1c-c9beb67deca1,CUST00094,2026-07-13 23:53:20.379834,1639.08,Online Retail,Grand Baie,0
96f6b8ed-d5ba-4660-960d-d40248f391e5,CUST00049,2026-07-13 23:55:18.379834,2229.75,Entertainment,Mahebourg,0
35f9a675-07ad-42d2-90d4-d43d9f97c3c4,CUST00026,2026-07-14 00:03:14.379834,1015.98,Pharmacy,Vacoas,0
bf47900f-9032-4f93-8143-c740750722e7,CUST00176,2026-07-14 00:12:56.379834,870.47,Online Retail,Mahebourg,0
952a3421-93fc-4757-9cde-168823360bab,CUST00115,2026-07-14 00:17:31.379834,1235.88,Utility Bill,Curepipe,0
13906de3-3110-4fe8-8e2e-34a9714fd42a,CUST00025,2026-07-14 00:22:53.379834,1584.32,Online Retail,Tamarin,0
f2899836-6236-4687-9d8b-be19762c7287,CUST00034,2026-07-14 01:16:23.379834,2931.61,Travel,Beau Bassin,0
0c829810-22ab-49de-a1d9-4c7ef71f4304,CUST00107,2026-07-14 01:21:30.379834,3644.18,Pharmacy,Flacq,0
7185cc15-cb2b-47eb-9fae-3f3435d4f6f0,CUST00107,2026-07-14 01:24:30.379834,3644.18,Pharmacy,Flacq,1
9659d243-c610-48e1-a0f1-1f2449d12976,CUST00107,2026-07-14 01:26:30.379834,3644.18,Pharmacy,Flacq,1
83180e79-ac52-42e0-ba04-4be3ddc683a3,CUST00168,2026-07-14 01:27:58.379834,1579.76,Entertainment,Curepipe,0
72ab8da0-9640-40bc-bbf4-673d4e8ddaa3,CUST00134,2026-07-14 01:29:03.379834,168.24,Travel,Vacoas,0
b9743229-499b-45ba-b563-9619a4f4b73a,CUST00107,2026-07-14 01:29:30.379834,3644.18,Pharmacy,Flacq,1
b634d9f7-b58c-43f3-b314-80056a541d3a,CUST00077,2026-07-14 01:35:23.379834,929.72,Travel,Grand Baie,0
f864661e-b7b7-49a7-a1d3-0fc45ad49878,CUST00132,2026-07-14 01:40:15.379834,1090.9,ATM Withdrawal,Beau Bassin,0
0f9f19cc-74b2-44bc-9b9f-d8cb36bdce7d,CUST00199,2026-07-14 01:43:41.379834,980.44,Travel,Port Louis,0
3b3cac2b-de32-4e4c-a0fd-536fdc29a6d4,CUST00107,2026-07-14 01:49:30.379834,3644.18,Pharmacy,Flacq,1
efab4eb8-f839-462f-ab8c-7ad47194d2fb,CUST00120,2026-07-14 01:52:36.379834,806.44,Utility Bill,Curepipe,0
8d9dc824-bd19-43d7-b108-f354ebdbce3f,CUST00010,2026-07-14 02:19:25.379834,861.53,ATM Withdrawal,Flacq,0
f448e9a9-8d91-4c7e-aabc-96086db1f6b8,CUST00087,2026-07-14 02:34:32.379834,1409.52,Entertainment,Flacq,0
f6bd5ac3-2e6e-4f72-a9de-a5ca4e0c5451,CUST00052,2026-07-14 02:49:22.379834,1727.97,Fuel Station,Beau Bassin,0
cdb93317-0979-4ddb-b56b-896145163f91,CUST00109,2026-07-14 03:03:23.379834,672.08,Utility Bill,Rose Hill,0
35657fa9-ceda-4a88-b3ea-2efd39957db0,CUST00133,2026-07-14 03:17:31.379834,4636.46,Restaurant,Curepipe,0
364b575f-c46a-4dbe-a33b-712d519f3321,CUST00182,2026-07-14 03:22:21.379834,2583.8,Utility Bill,Vacoas,0
a6da90d6-0fe1-4b31-95c0-fbee52b35f03,CUST00015,2026-07-14 03:30:52.379834,2118.42,Pharmacy,Rose Hill,0
1c87d36c-f82c-4484-9a31-821a8be5af86,CUST00160,2026-07-14 03:33:39.379834,3228.8,Electronics,Vacoas,0
aa1aa8a6-8659-4042-b20a-9914b5bc84ac,CUST00181,2026-07-14 03:46:38.379834,561.43,Online Retail,Rose Hill,0
5475bd62-99ec-48ca-b72b-ceab9513745d,CUST00186,2026-07-14 04:35:28.379834,827.1,Fuel Station,Mahebourg,0
19026644-701f-414e-8f55-b58bb85626cc,CUST00076,2026-07-14 04:36:10.379834,496.55,Grocery,Quatre Bornes,0
4fde859a-d583-425e-aa15-6d83f8cc6f3a,CUST00012,2026-07-14 04:37:40.379834,3239.04,Entertainment,Port Louis,0
d7ebeb32-26d9-4aa7-9a72-a9e2cea400a0,CUST00137,2026-07-14 04:42:47.379834,619.64,Utility Bill,Grand Baie,0
21011635-e91c-4d31-8cc2-5d3b4aa7b4f3,CUST00188,2026-07-14 04:56:40.379834,691.53,ATM Withdrawal,Curepipe,0
6a396ac8-f9b6-4c5f-a080-d9d06073e60b,CUST00025,2026-07-14 05:37:53.379834,1504.44,Entertainment,Tamarin,0
628e6baa-b318-4022-85dc-86cb5cdb6b45,CUST00149,2026-07-14 05:43:19.379834,388.25,ATM Withdrawal,Beau Bassin,0
ff4abc11-262b-4478-93aa-9edaa68ff9e7,CUST00067,2026-07-14 05:45:41.379834,1117.5,Utility Bill,Beau Bassin,0
f240b259-7f3e-4e64-9cb0-c13367e5d30f,CUST00143,2026-07-14 05:55:25.379834,884.1,Fuel Station,Curepipe,0
ae3d8cd3-6039-4e63-ac3c-d89b539cb999,CUST00063,2026-07-14 06:00:03.379834,1991.05,Pharmacy,Vacoas,0
58a6db3f-65b8-4fb3-9709-1f73ede931c7,CUST00058,2026-07-14 06:12:39.379834,1280.97,Electronics,Vacoas,0
9af28b99-7ac4-4669-aade-7f6f914339eb,CUST00060,2026-07-14 06:17:44.379834,500.62,Fuel Station,Rose Hill,0
9f3f31f3-b589-43b2-8908-e63eb6eb78e2,CUST00161,2026-07-14 06:18:47.379834,369.48,Entertainment,Rose Hill,0
737fa336-ade7-426d-8c18-4e09b385bcd8,CUST00156,2026-07-14 06:37:38.379834,431.07,Electronics,Grand Baie,0
2c592f60-8837-4428-a76b-5216dbc9051f,CUST00095,2026-07-14 06:52:55.379834,1118.07,ATM Withdrawal,Flacq,0
cb3e2e51-68ef-46d6-9c0f-24a6c0b95c5f,CUST00039,2026-07-14 06:53:08.379834,1429.21,Restaurant,Beau Bassin,0
6ecf05e7-4390-4b35-93bd-6a70e1b17d7d,CUST00153,2026-07-14 06:55:01.379834,4307.93,Entertainment,Port Louis,0
cf2a5f08-ee27-4c5c-8dcc-5439b3ebc3ad,CUST00067,2026-07-14 06:58:29.379834,670.5,Pharmacy,Beau Bassin,0
e26f8b69-e8d3-4125-a4c5-afa9dfee34af,CUST00040,2026-07-14 07:08:25.379834,1617.38,Utility Bill,Beau Bassin,0
a44125f4-0b08-46ef-b401-f6d9274bedc0,CUST00028,2026-07-14 07:11:27.379834,1146.81,Online Retail,Quatre Bornes,0
be68d0e7-1cdd-4b12-925b-8bf0f1e24c90,CUST00078,2026-07-14 07:20:50.379834,340.52,ATM Withdrawal,Flacq,0
f3cf11ff-a441-4c2d-b637-fdbaef50f1fe,CUST00132,2026-07-14 07:25:18.379834,903.99,Restaurant,Beau Bassin,0
aff6bd2a-66f7-4b82-8986-af6bf6a03edf,CUST00150,2026-07-14 07:35:26.379834,2194.7,Utility Bill,Quatre Bornes,0
4c6d0ef8-125a-47c6-82ac-08003e2d3d3e,CUST00185,2026-07-14 07:49:08.379834,1824.82,Online Retail,Grand Baie,0
23582d44-3808-470f-95e5-886ccbbc7534,CUST00119,2026-07-14 07:52:24.379834,676.43,Entertainment,Tamarin,0
e1e5f98c-9482-4a03-b5ec-12987560dac4,CUST00026,2026-07-14 07:58:31.379834,933.7,Restaurant,Vacoas,0
0c186028-0e40-4797-be2c-aa7901292f2b,CUST00070,2026-07-14 08:02:02.379834,1226.41,Grocery,Vacoas,0
a5730016-485d-4df7-a52b-8eca59113a8a,CUST00131,2026-07-14 08:08:28.379834,625.13,Travel,Vacoas,0
c55db089-ade4-4121-b4b4-f15841cd7a97,CUST00112,2026-07-14 08:14:48.379834,1062.85,Grocery,Grand Baie,0
4ea0fa0c-0665-4dc1-bb09-b4d5731128ee,CUST00132,2026-07-14 08:25:28.379834,1115.05,Grocery,Beau Bassin,0
c06469fe-99d4-438f-96b3-42ad3ddc47b4,CUST00128,2026-07-14 08:35:45.379834,2339.84,Electronics,Port Louis,0
e17cd5bf-558e-4524-b4d7-cc696f2c6cd4,CUST00104,2026-07-14 08:46:00.379834,307.38,Online Retail,Tamarin,0
bff53a48-00de-440c-bde7-f119b391d38e,CUST00019,2026-07-14 08:47:12.379834,694.19,Electronics,Mahebourg,0
8328821c-84c6-43a9-8e45-a5ac6785a1e8,CUST00154,2026-07-14 09:00:52.379834,771.65,ATM Withdrawal,Tamarin,0
3ec59ff6-d018-4b5a-b6da-e7d192714fbb,CUST00135,2026-07-14 09:06:41.379834,870.11,Grocery,Flacq,0
dee68c94-3345-4812-ae95-34408622e744,CUST00056,2026-07-14 09:16:31.379834,836.32,Utility Bill,Port Louis,0
15ca14bc-f3e0-4f2e-ac57-8a565435e756,CUST00084,2026-07-14 09:24:29.379834,3162.16,Restaurant,Rose Hill,0
8d1ff158-300a-4024-b476-732c15a2acdd,CUST00181,2026-07-14 09:33:24.379834,818.58,Travel,Rose Hill,0
d3af0e8c-7795-4495-85ce-a53f609c6b52,CUST00117,2026-07-14 09:41:41.379834,284.62,Restaurant,Quatre Bornes,0
fc604fa4-8667-4b20-addf-ec197af2cb33,CUST00160,2026-07-14 09:47:00.379834,3347.16,Pharmacy,Vacoas,0
4463dd65-1554-4e04-80e4-a200d4655859,CUST00065,2026-07-14 09:50:16.379834,2008.07,Online Retail,Beau Bassin,0
9db89dd5-c042-4628-9506-8086349f4820,CUST00057,2026-07-14 09:53:39.379834,479.61,ATM Withdrawal,Rose Hill,0
076f8565-2983-4fd9-b42c-c0f1dc357126,CUST00097,2026-07-14 10:01:01.379834,2025.05,Restaurant,Quatre Bornes,0
13441969-794c-4790-ad4a-982654de6228,CUST00025,2026-07-14 10:42:38.379834,655.6,ATM Withdrawal,Tamarin,0
8e5a30cb-2f98-4292-a9bc-11df56f17689,CUST00140,2026-07-14 10:48:39.379834,855.23,ATM Withdrawal,Mahebourg,0
7269976a-ce31-43e9-bf76-3b5c0104a926,CUST00094,2026-07-14 10:49:32.379834,1367.51,Fuel Station,Grand Baie,0
1d698b22-2f0e-43e6-a402-5aaa84deda11,CUST00119,2026-07-14 10:51:31.379834,454.66,ATM Withdrawal,Tamarin,0
7b696c82-ac9b-4879-aef6-14292a3be057,CUST00148,2026-07-14 10:56:09.379834,519.97,Entertainment,Quatre Bornes,0
d2352003-e2b2-4ade-9b90-f8b54ebcd601,CUST00183,2026-07-14 10:59:50.379834,2874.63,Fuel Station,Flacq,0
69a05070-2c7d-48be-81ac-cbd430fb7219,CUST00087,2026-07-14 11:03:23.379834,1645.08,ATM Withdrawal,Flacq,0
c385fa87-ac5a-4fb2-8437-30b6847a8b29,CUST00093,2026-07-14 11:16:55.379834,1325.49,Grocery,Rose Hill,0
7eafcc85-5295-4b95-887e-dd2eed0c294a,CUST00001,2026-07-14 11:40:52.379834,1538.83,ATM Withdrawal,Port Louis,0
6f6a3af5-6fae-4136-a350-96c2c5b88868,CUST00173,2026-07-14 11:44:18.379834,3788.98,Travel,Mahebourg,0
5c13f355-a22a-45b5-b405-14104e2d005b,CUST00012,2026-07-14 11:57:25.379834,4395.64,Restaurant,Port Louis,0
d30e8637-30bb-43b4-b3d2-a64232879513,CUST00133,2026-07-14 12:08:13.379834,7705.93,Travel,Curepipe,0
df6b21da-f610-4dcc-9861-c582033d58e2,CUST00182,2026-07-14 12:20:43.379834,2580.29,Entertainment,Vacoas,0
905f7d42-acf9-4b30-9b1f-618e9341be31,CUST00066,2026-07-14 12:21:11.379834,96.04,ATM Withdrawal,Quatre Bornes,0
a9c685e7-8a85-43d4-9964-3a370310076b,CUST00061,2026-07-14 12:25:09.379834,839.88,Fuel Station,Curepipe,0
edaeea8e-1964-4f27-9ebb-493a2f722755,CUST00008,2026-07-14 12:30:58.379834,1661.82,Entertainment,Curepipe,0
eed2e9c7-adb6-4d3b-b191-dcbb04c054be,CUST00057,2026-07-14 12:41:04.379834,613.64,Online Retail,Rose Hill,0
f7a2cea5-71cd-4854-96b7-013ba6826d2b,CUST00103,2026-07-14 13:04:48.379834,505.24,Online Retail,Vacoas,0
5d28d43f-c49d-4a2e-a65c-8e80e107fcf2,CUST00142,2026-07-14 13:05:17.379834,1399.95,Electronics,Mahebourg,0
6ea339ac-ebb3-4dda-bdb0-821bc5a43203,CUST00086,2026-07-14 13:18:28.379834,275.47,Travel,Beau Bassin,0
e9c6a80c-c689-418a-883b-e8c170eabe94,CUST00014,2026-07-14 13:18:38.379834,754.82,Pharmacy,Rose Hill,0
6105316b-9019-4992-a693-07c2b0407651,CUST00165,2026-07-14 13:18:57.379834,865.35,Electronics,Curepipe,0
56be2989-a780-49f7-90e9-cc4c63780ee3,CUST00120,2026-07-14 13:28:43.379834,768.5,Online Retail,Curepipe,0
6b3f6524-5227-43ba-9016-f90db2c5a120,CUST00147,2026-07-14 13:49:56.379834,1142.61,Pharmacy,Rose Hill,0
c8ad4286-16fb-44f0-92aa-356ab0ccb2bf,CUST00023,2026-07-14 13:53:41.379834,409.32,Restaurant,Rose Hill,0
fd1d5b24-4e69-4957-a188-b56fecaeae4d,CUST00141,2026-07-14 13:56:23.379834,125.73,Grocery,Quatre Bornes,0
c548857c-a91b-405f-939f-e1473f824b24,CUST00198,2026-07-14 13:58:38.379834,1726.42,Restaurant,Rose Hill,0
3d94d086-a00c-4c35-91cd-ce914164ab61,CUST00058,2026-07-14 14:09:13.379834,2439.91,Entertainment,Vacoas,0
a2a86619-eeca-4134-8b8b-9c2ac2184c33,CUST00035,2026-07-14 14:12:43.379834,2536.84,Entertainment,Curepipe,0
297e3bc0-5863-45db-9e84-abbba68a3ab9,CUST00031,2026-07-14 14:34:53.379834,1304.07,Pharmacy,Vacoas,0
ef58125e-7d72-48eb-82eb-82e6c212ba6c,CUST00002,2026-07-14 14:40:13.379834,1216.54,Travel,Vacoas,0
b7264bc7-1a82-437d-b9e2-9b3a7292ad24,CUST00107,2026-07-14 14:50:09.379834,3004.24,Grocery,Flacq,0
88695596-37c3-4dc8-9e7f-a4f6aba3cb0f,CUST00175,2026-07-14 15:05:28.379834,1363.85,Electronics,Vacoas,0
04a9eb91-7e57-4b47-86d3-1819ef59df65,CUST00175,2026-07-14 15:08:36.379834,2317.11,Electronics,Vacoas,0
97adbc6b-024e-4609-8489-55b2c7a9a72b,CUST00145,2026-07-14 15:16:29.379834,1445.77,ATM Withdrawal,Mahebourg,0
f9092565-f396-44f3-812d-94ce4c91dd9a,CUST00174,2026-07-14 15:44:12.379834,2616.58,Entertainment,Quatre Bornes,0
bb6f90d7-8abf-4281-8471-4cf93301411a,CUST00008,2026-07-14 15:47:36.379834,1671.41,Electronics,Curepipe,0
5aeb5696-1dd2-4012-8cb7-a4e1c03292cf,CUST00141,2026-07-14 15:48:03.379834,149.99,Electronics,Quatre Bornes,0
11475a4f-6342-453d-ac14-bc6bfdd0a907,CUST00182,2026-07-14 15:48:36.379834,2835.01,Electronics,Vacoas,0
309680e2-8c60-467d-8b4b-c3b7f5d44e9c,CUST00086,2026-07-14 15:53:08.379834,260.75,Utility Bill,Beau Bassin,0
19b24987-9d8f-4e3a-8043-f4ebbe92f824,CUST00171,2026-07-14 16:12:25.379834,909.07,Fuel Station,Quatre Bornes,0
aa46b972-a174-4344-b436-56cd475972e0,CUST00191,2026-07-14 16:25:32.379834,2037.63,Utility Bill,Curepipe,0
1d5eccf5-e48d-4c74-b850-cd2a7b6ce252,CUST00178,2026-07-14 16:29:42.379834,1251.33,Utility Bill,Flacq,0
cb929caf-a16e-4bd4-b52e-13b46ce27e5b,CUST00084,2026-07-14 16:31:50.379834,1765.58,Pharmacy,Rose Hill,0
7d987848-83f0-4dc8-b1f8-5495e465ce78,CUST00189,2026-07-14 16:32:46.379834,6397.58,Online Retail,Rose Hill,0
53a450ee-fe29-40b3-8fd3-0f86ab3abc4d,CUST00028,2026-07-14 16:46:44.379834,688.86,Fuel Station,Quatre Bornes,0
941b6b29-684b-451c-a808-6225be73e415,CUST00067,2026-07-14 16:50:36.379834,1374.97,Grocery,Beau Bassin,0
cfe050c6-c79e-4d5f-b8cb-780719f358d6,CUST00055,2026-07-14 16:51:54.379834,3399.96,Electronics,Curepipe,0
84f76c4c-e5ec-4100-8520-6ba77b5603d4,CUST00035,2026-07-14 16:59:01.379834,3616.05,Utility Bill,Curepipe,0
e66cdac8-1225-4dc9-b261-f9fafa60d709,CUST00105,2026-07-14 16:59:44.379834,1170.7,Online Retail,Flacq,0
03ac6253-463c-4872-b4e0-04ce1b9010fa,CUST00166,2026-07-14 17:02:17.379834,3735.99,Utility Bill,Curepipe,0
b4610490-4f16-4755-a9fc-a3f62b65922e,CUST00127,2026-07-14 17:14:39.379834,1749.18,Fuel Station,Mahebourg,0
0a39b49b-bf8a-455c-86e6-86c8a8ff0e68,CUST00160,2026-07-14 17:16:03.379834,4582.4,ATM Withdrawal,Vacoas,0
04e0d76c-7821-4dd6-bbb9-2d9d8d43ee5c,CUST00018,2026-07-14 17:19:28.379834,1834.26,Travel,Port Louis,0
5fe1d16a-bfc6-4a04-8d47-637ce22da5d3,CUST00165,2026-07-14 17:21:50.379834,1378.1,ATM Withdrawal,Curepipe,0
721d4709-d780-49f6-944e-78b94641d754,CUST00086,2026-07-14 17:30:24.379834,271.29,Utility Bill,Beau Bassin,0
57562e69-b0cb-438e-8202-528af6c5b699,CUST00043,2026-07-14 17:31:08.379834,635.22,ATM Withdrawal,Port Louis,0
cae55641-61ea-4fce-95bd-8409e3ecf77a,CUST00175,2026-07-14 17:31:26.379834,1654.9,Entertainment,Vacoas,0
5ae9d2df-4109-4219-9141-ef171751a37e,CUST00167,2026-07-14 17:41:53.379834,524.07,Utility Bill,Grand Baie,0
38ab63c2-ec40-4b62-a015-d42be76d55a5,CUST00150,2026-07-14 17:44:46.379834,1191.84,Online Retail,Quatre Bornes,0
691fb729-375c-4b7e-9249-c5e4b247b61e,CUST00075,2026-07-14 17:48:07.379834,277.47,Pharmacy,Rose Hill,0
74ac6c77-1032-4116-bb52-a280878fc3c3,CUST00052,2026-07-14 17:49:39.379834,3420.01,Electronics,Beau Bassin,0
398fa0b1-eb9c-48dc-bd83-17c6c2896946,CUST00108,2026-07-14 17:53:17.379834,2410.46,Restaurant,Beau Bassin,0
3107d38a-23fe-45ec-b0b2-2b19bf92252f,CUST00007,2026-07-14 18:13:14.379834,2416.95,Fuel Station,Mahebourg,0
ff3bc6d5-2415-4d51-b571-1a7598a3c51a,CUST00168,2026-07-14 18:34:02.379834,1019.1,Restaurant,Curepipe,0
d5bb1d3d-91d2-4701-828f-cfe528ea7192,CUST00191,2026-07-14 18:35:48.379834,3744.81,Grocery,Curepipe,0
71063eb0-b15f-4482-9d88-9ea77b0c45db,CUST00006,2026-07-14 18:53:22.379834,881.45,Pharmacy,Curepipe,0
382b0272-f2a5-40d4-9778-7f4853b643b4,CUST00119,2026-07-14 18:57:26.379834,445.47,Online Retail,Tamarin,0
e169f34e-548e-459f-bb90-0a591aba5135,CUST00160,2026-07-14 19:16:18.379834,3785.23,Restaurant,Vacoas,0
e1d87dc6-9368-4753-b3df-ae19364c7cf0,CUST00000,2026-07-14 19:21:29.379834,2129.2,Utility Bill,Curepipe,0
40c798b5-83e6-4d9b-9720-de942b8c0e8e,CUST00000,2026-07-14 19:25:14.379834,1370.72,Electronics,Curepipe,0
965d70f9-b306-461e-9196-bbd9311fae28,CUST00068,2026-07-14 19:30:40.379834,1804.69,Online Retail,Beau Bassin,0
99548fa7-d6d2-44af-9585-f78a2c2ca3a3,CUST00050,2026-07-14 19:35:31.379834,706.66,Fuel Station,Vacoas,0
a9bfedcf-5b76-4893-a21a-51378d7a3d64,CUST00032,2026-07-14 19:41:04.379834,816.07,Pharmacy,Quatre Bornes,0
595d9a83-e928-4a42-8314-95b779952f93,CUST00021,2026-07-14 19:59:21.379834,342.79,Grocery,Mahebourg,0
0b5e2ef1-c64c-4d0a-8cb1-9d551cf4b6c1,CUST00180,2026-07-14 20:30:26.379834,2281.98,Entertainment,Mahebourg,0
8250f8cd-ab70-4fc0-aedf-26af56cfafad,CUST00106,2026-07-14 20:30:59.379834,1291.35,Online Retail,Tamarin,0
39a96a34-9be1-426b-8a78-5ea8a835a42a,CUST00137,2026-07-14 20:37:04.379834,906.44,Utility Bill,Grand Baie,0
2d069ad3-de57-4f33-835e-5493be0481d9,CUST00133,2026-07-14 20:44:18.379834,7316.28,ATM Withdrawal,Curepipe,0
79d3c756-92b6-46e7-af61-ca3da51d829d,CUST00131,2026-07-14 20:52:18.379834,505.36,Restaurant,Vacoas,0
54827ca9-e3c7-45d4-b205-1ef7e2cca46c,CUST00160,2026-07-14 20:55:14.379834,2515.69,Electronics,Vacoas,0
92df1662-3057-4594-ba93-5179eaad67bf,CUST00034,2026-07-14 20:55:44.379834,2023.15,Online Retail,Beau Bassin,0
c05db030-ccde-42d7-b9a4-df23ac185cd0,CUST00035,2026-07-14 21:20:57.379834,1918.4,Grocery,Curepipe,0
41fec2b3-464c-4196-a688-ded61e6d8db4,CUST00047,2026-07-14 21:32:54.379834,1007.18,Electronics,Flacq,0
a138147e-b240-461e-a484-8588e067a494,CUST00049,2026-07-14 21:48:52.379834,1158.4,Electronics,Mahebourg,0
4e5f2cf0-c91a-45f9-a1ef-cba58b3d83a4,CUST00092,2026-07-14 21:54:57.379834,598.53,Electronics,Beau Bassin,0
f8dad99f-de32-4cf9-b8dc-bb4175b994b8,CUST00086,2026-07-14 22:05:55.379834,196.89,Entertainment,Beau Bassin,0
9c78f604-15f0-4cf6-84f6-32aeaa7da78c,CUST00130,2026-07-14 22:08:18.379834,2355.54,Grocery,Mahebourg,0
344d926e-5cce-4f6a-8b6f-ebe98b73c9d3,CUST00071,2026-07-14 22:41:24.379834,1678.39,Electronics,Curepipe,0
41b7ca88-1f3f-4693-8168-2dc6ed080428,CUST00097,2026-07-14 22:49:28.379834,1816.95,Online Retail,Quatre Bornes,0
1c7292e1-fc0b-4844-94b8-3cf18866d270,CUST00119,2026-07-14 22:55:47.379834,628.61,ATM Withdrawal,Tamarin,0
33999fd5-3108-41a6-9dd9-798f5708981b,CUST00107,2026-07-14 23:08:52.379834,4887.26,Online Retail,Flacq,0
7ee34be6-4790-4050-a802-a3193a08656f,CUST00182,2026-07-14 23:23:05.379834,3327.72,Entertainment,Vacoas,0
90c138fe-3d3f-4604-9a48-c10c89ce14a4,CUST00079,2026-07-14 23:28:14.379834,716.73,Online Retail,Vacoas,0
086e603b-8c47-40f1-b9a9-4b5b73869481,CUST00059,2026-07-14 23:41:39.379834,1953.0,Entertainment,Curepipe,0
83fc7bfa-76d5-4e03-bd21-7aed22b8c908,CUST00118,2026-07-14 23:47:42.379834,1417.32,Fuel Station,Flacq,0
ec0301df-e9b8-42bc-b0b1-2dee741537dc,CUST00170,2026-07-15 00:03:32.379834,1314.71,ATM Withdrawal,Quatre Bornes,0
4b56f626-55d1-49d8-9942-8bd39742d9e8,CUST00167,2026-07-15 00:14:32.379834,168.14,ATM Withdrawal,Grand Baie,0
b6fbd38f-ccf5-4156-8945-ea94f998c7d5,CUST00105,2026-07-15 00:15:24.379834,1541.6,Restaurant,Flacq,0
d34cc6d0-33d1-4d3f-b4ad-013b67bc2f1e,CUST00101,2026-07-15 00:19:00.379834,2392.38,Online Retail,Mahebourg,0
30a214c0-c9ce-48fa-93eb-fca28953ab9b,CUST00060,2026-07-15 00:32:20.379834,487.12,Pharmacy,Rose Hill,0
77f708cc-7543-498e-8cf3-4235bc5e57da,CUST00082,2026-07-15 00:37:06.379834,503.12,ATM Withdrawal,Beau Bassin,0
246a4428-aded-43ee-8ac2-0cc65fa73369,CUST00128,2026-07-15 00:44:49.379834,2625.62,Electronics,Port Louis,0
3e8ee106-1c03-45e4-a30a-5978a2472544,CUST00027,2026-07-15 00:45:02.379834,797.7,Travel,Port Louis,0
53011f7a-e25f-4393-9171-85ed06d73390,CUST00067,2026-07-15 00:46:00.379834,1612.44,Entertainment,Beau Bassin,0
af410c07-2099-4b4c-af3a-eee97b83d5da,CUST00066,2026-07-15 01:16:15.379834,164.62,Fuel Station,Quatre Bornes,0
1a43ffbf-f737-449d-9834-7a7d4dab240d,CUST00034,2026-07-15 01:18:58.379834,2746.98,Grocery,Beau Bassin,0
944a0a5f-d1e1-4901-916c-3a2ae2382d93,CUST00109,2026-07-15 01:20:04.379834,610.69,Pharmacy,Rose Hill,0
7ae51780-8f8d-41fc-b98a-60fc13b217dd,CUST00109,2026-07-15 01:27:43.379834,797.38,Restaurant,Rose Hill,0
bfed9f28-be0b-478a-a639-100a45be43e6,CUST00097,2026-07-15 01:33:37.379834,1650.18,Fuel Station,Quatre Bornes,0
01b5026c-e241-4147-9ae9-fbed1053bb4e,CUST00055,2026-07-15 01:37:18.379834,2301.55,Electronics,Curepipe,0
83ea2feb-b00a-4d89-88a4-2eb1c312602a,CUST00153,2026-07-15 01:39:27.379834,4483.55,Electronics,Port Louis,0
4fa4bc21-45a5-4727-8192-5579cab4dacd,CUST00100,2026-07-15 01:59:13.379834,1995.82,Pharmacy,Rose Hill,0
28d068c7-2aef-4120-be55-c9ea3e50735a,CUST00008,2026-07-15 02:01:55.379834,1680.68,Restaurant,Curepipe,0
8545ccc2-8ce9-4195-9335-8df767b67a62,CUST00064,2026-07-15 02:05:19.379834,3122.45,Pharmacy,Grand Baie,0
973bc7db-6e69-4b30-bd15-ea8861cfd0f6,CUST00179,2026-07-15 02:10:01.379834,1185.7,ATM Withdrawal,Rose Hill,0
1ef5828d-97ff-4383-bfba-9a087bdd672f,CUST00160,2026-07-15 02:10:03.379834,3367.67,Entertainment,Vacoas,0
ad5dc978-dad1-4095-96ff-1536b58c4502,CUST00001,2026-07-15 02:20:31.379834,1518.17,Electronics,Port Louis,0
ecdced7d-e884-488b-a0f6-0af1329bd1d8,CUST00090,2026-07-15 02:37:04.379834,1425.82,Restaurant,Rose Hill,0
33d14138-9f90-4f91-95ad-269c3d533485,CUST00021,2026-07-15 02:45:33.379834,207.3,Travel,Mahebourg,0
dfb9a0f9-b83f-4b00-b230-7597ad1cb6b1,CUST00135,2026-07-15 03:06:53.379834,1074.82,Electronics,Flacq,0
671e506f-bf30-4b52-801e-c41040902a02,CUST00127,2026-07-15 03:22:44.379834,1634.54,Entertainment,Mahebourg,0
aa7f152f-45dd-46c6-b8d8-fb4edc496758,CUST00051,2026-07-15 03:31:09.379834,1279.59,Restaurant,Tamarin,0
6bd6329c-073a-4d8d-948d-8c2e9dbc1d97,CUST00029,2026-07-15 03:32:57.379834,2808.93,Online Retail,Flacq,0
bf272bdd-b36e-4f21-a7ec-6ef57da100b7,CUST00136,2026-07-15 03:55:22.379834,2090.12,Electronics,Quatre Bornes,0
87f471a5-e009-48d2-8908-1f2ea4f079ce,CUST00012,2026-07-15 03:58:49.379834,4867.33,Restaurant,Port Louis,0
709c82a4-f33e-41f5-8a84-0f61a2eb8ce7,CUST00095,2026-07-15 03:59:11.379834,1093.73,Fuel Station,Flacq,0
a003df34-8628-403d-8a21-bc1ea71e1221,CUST00147,2026-07-15 04:02:20.379834,957.63,Restaurant,Rose Hill,0
67b6c96b-7a34-4872-a2a6-66632ae5865d,CUST00172,2026-07-15 04:05:20.379834,738.06,Grocery,Grand Baie,0
b048ef81-1bec-4e64-975a-ed1f1a749859,CUST00034,2026-07-15 04:44:08.379834,2875.95,Utility Bill,Beau Bassin,0
fac41ecc-ce6c-47b4-90c5-2560d985da06,CUST00128,2026-07-15 04:44:27.379834,2829.25,ATM Withdrawal,Port Louis,0
9c00f49e-f466-4694-ac1c-441b6b173ba0,CUST00047,2026-07-15 04:57:45.379834,920.42,Fuel Station,Flacq,0
80f69c21-1ffa-4a5c-9653-748c3339fbdc,CUST00158,2026-07-15 05:32:14.379834,3044.78,Restaurant,Curepipe,0
79f19026-2a31-4601-ae27-9a97d0cebaae,CUST00116,2026-07-15 05:43:07.379834,523.62,Pharmacy,Quatre Bornes,0
7a149eea-d38b-4d34-9e96-eabc954bb340,CUST00028,2026-07-15 06:20:18.379834,1382.99,Travel,Quatre Bornes,0
59987ba8-bd7b-4661-a27d-b3f6b6dace1f,CUST00061,2026-07-15 06:24:28.379834,813.53,Utility Bill,Curepipe,0
343ef06c-f722-4fec-bc55-1aedc1d1c479,CUST00153,2026-07-15 06:29:07.379834,3593.13,Online Retail,Port Louis,0
59963356-7ab4-428e-9187-5098ef1a2d49,CUST00054,2026-07-15 06:32:01.379834,741.05,Online Retail,Rose Hill,0
92cb6eae-146f-47c2-8cc3-0117d9a8753c,CUST00172,2026-07-15 06:45:43.379834,1264.2,Utility Bill,Grand Baie,0
8c6d0f9e-840d-4447-9bfb-3f716f34b18d,CUST00110,2026-07-15 06:50:39.379834,570.59,Fuel Station,Quatre Bornes,0
4d869891-a627-433b-86ed-920aa19698fa,CUST00004,2026-07-15 07:09:35.379834,3413.04,Electronics,Rose Hill,0
e095b8d0-db82-4c93-b50a-12baa7c29756,CUST00126,2026-07-15 07:17:10.379834,2110.11,Pharmacy,Vacoas,0
cd082376-7e67-47bb-bfac-625fb6cdcc99,CUST00025,2026-07-15 07:22:01.379834,1414.48,Pharmacy,Tamarin,0
55700569-b344-4e50-a8de-becc062d1322,CUST00193,2026-07-15 07:30:41.379834,490.97,Grocery,Port Louis,0
670fdcb3-973f-4140-a0d7-d0e54aff4ec5,CUST00027,2026-07-15 07:34:18.379834,1148.12,Pharmacy,Port Louis,0
eab9f5ef-c5fc-4912-852b-87a3015a874d,CUST00152,2026-07-15 07:38:13.379834,3891.85,Travel,Mahebourg,0
568e90e5-46e2-41af-b45a-69da1e8556cf,CUST00016,2026-07-15 07:38:31.379834,735.12,Fuel Station,Mahebourg,0
994343a8-7071-4848-945e-77b1a3a116f2,CUST00055,2026-07-15 07:39:44.379834,1404.27,ATM Withdrawal,Curepipe,0
4a36c8b9-72a8-4910-aa5a-7e12ec858149,CUST00194,2026-07-15 08:13:20.379834,1754.7,Online Retail,Tamarin,0
db34d4ea-cde1-4c25-9740-548f1c9b6989,CUST00090,2026-07-15 08:17:53.379834,1868.55,ATM Withdrawal,Rose Hill,0
e9470372-1070-4a9d-b140-d964097845fa,CUST00166,2026-07-15 08:24:52.379834,4328.93,Restaurant,Curepipe,0
fd39281d-563d-4f50-842c-b361a2e4c871,CUST00091,2026-07-15 08:25:51.379834,2245.63,Electronics,Tamarin,0
adfe69ec-dbde-4381-8eb7-ac149bae41cd,CUST00141,2026-07-15 08:56:31.379834,185.69,Grocery,Quatre Bornes,0
5b9e21ad-f2ee-4ddf-a159-f6d9aa1dfb25,CUST00190,2026-07-15 09:03:02.379834,29125.97,Pharmacy,Rose Hill,1
671e2111-a6a2-436c-94ed-11d8a19fb294,CUST00083,2026-07-15 09:04:05.379834,661.57,Grocery,Port Louis,0
584fb3f2-2fd8-467e-9c02-7f0ab584df9e,CUST00045,2026-07-15 09:07:27.379834,2682.96,Utility Bill,Mahebourg,0
373cfecf-3549-4a05-8d88-18b1b5179226,CUST00019,2026-07-15 09:08:12.379834,585.84,Restaurant,Mahebourg,0
6dfed937-87bc-4509-a4ed-903cb1ea5d69,CUST00106,2026-07-15 09:10:52.379834,1286.98,ATM Withdrawal,Tamarin,0
17b45a9b-468e-41c6-8167-3222fe1f5c64,CUST00130,2026-07-15 09:14:38.379834,1166.12,Travel,Mahebourg,0
37c3363d-6c57-4aef-a257-e014d6fb7025,CUST00001,2026-07-15 09:38:20.379834,887.4,Entertainment,Port Louis,0
98158999-fb75-44ab-a75e-61fb8a19574a,CUST00171,2026-07-15 09:51:11.379834,690.08,ATM Withdrawal,Quatre Bornes,0
4b584ac7-a968-4f33-91e5-a2618919b38c,CUST00024,2026-07-15 10:34:06.379834,1292.87,Travel,Grand Baie,0
cc138aea-cdbd-4a6a-bf28-b282100f173b,CUST00001,2026-07-15 10:38:19.379834,1254.92,Grocery,Port Louis,0
5e8227a6-2b03-480f-bc83-0145bb769703,CUST00120,2026-07-15 11:02:07.379834,396.58,Travel,Curepipe,0
715bf7fc-e72b-4699-8e3f-e44c68a717b7,CUST00099,2026-07-15 11:03:13.379834,2377.82,Utility Bill,Quatre Bornes,0
f748d7bd-9e2c-4008-a346-e67a8712a156,CUST00069,2026-07-15 11:03:21.379834,6948.62,Online Retail,Rose Hill,0
76ab07f0-080d-48cd-9a15-3107bace4ff1,CUST00167,2026-07-15 11:40:43.379834,271.75,Electronics,Grand Baie,0
6d6d56f8-2e19-48ba-9f5f-71abf5ea7e8c,CUST00150,2026-07-15 11:40:49.379834,3153.77,Travel,Quatre Bornes,0
485098c2-91ff-4284-9ecc-e808f50829d7,CUST00125,2026-07-15 11:51:49.379834,2540.76,Online Retail,Mahebourg,0
6cd70cd4-90cc-4af2-9bee-b5424f37cea5,CUST00185,2026-07-15 12:12:25.379834,2175.45,Electronics,Grand Baie,0
e50935da-b89b-4613-827d-d9156960d52f,CUST00069,2026-07-15 12:23:14.379834,4942.05,Utility Bill,Rose Hill,0
f3b280d7-51b1-4b35-89f5-31bf17804665,CUST00022,2026-07-15 12:25:47.379834,408.66,ATM Withdrawal,Flacq,0
3f9b6416-5590-4ee1-b6a7-acb12cc8b55d,CUST00121,2026-07-15 12:49:30.379834,2206.79,Travel,Flacq,0
9a77da51-babc-479d-902a-3ffabce006a3,CUST00180,2026-07-15 12:50:02.379834,1756.42,Fuel Station,Mahebourg,0
400d34af-6c24-48b3-b624-8066ebe92fc4,CUST00025,2026-07-15 12:51:51.379834,4514.94,Electronics,Bogota,1
58afa0af-6108-44f3-8266-ba9559835f3a,CUST00131,2026-07-15 13:08:50.379834,842.9,Electronics,Vacoas,0
583484df-3fb2-4a23-ae28-f837dde7d185,CUST00005,2026-07-15 13:18:05.379834,942.51,Travel,Quatre Bornes,0
3a30ad38-bd86-4ca3-9b05-6d13b11d48a8,CUST00065,2026-07-15 13:29:48.379834,937.68,Entertainment,Beau Bassin,0
5916ebef-d046-445d-885c-71f13bf86ff5,CUST00090,2026-07-15 13:39:02.379834,1182.19,Electronics,Rose Hill,0
9eb2a580-8371-49f5-88db-bcabaccbed1d,CUST00033,2026-07-15 13:39:48.379834,2103.59,Grocery,Rose Hill,0
d347b5c8-b9ba-417a-b48c-438fd85522e6,CUST00073,2026-07-15 14:19:19.379834,2286.5,Grocery,Quatre Bornes,0
5c821e1c-dad8-48a8-9a4b-40345fbe403c,CUST00001,2026-07-15 14:23:51.379834,1690.5,Pharmacy,Port Louis,0
078841a0-fb2d-42da-8b76-2bd0c293661f,CUST00004,2026-07-15 14:28:29.379834,4241.36,Entertainment,Rose Hill,0
6f834928-d0c8-49ba-b44f-d761e26d00f5,CUST00183,2026-07-15 14:31:32.379834,2792.99,Utility Bill,Flacq,0
25c8b30c-8945-407b-87c3-2b1a79ed2e0a,CUST00030,2026-07-15 14:35:47.379834,2076.67,Online Retail,Beau Bassin,0
eb28efed-ee14-4a21-828a-6e5cd85b122c,CUST00136,2026-07-15 14:45:33.379834,2039.26,Fuel Station,Quatre Bornes,0
0a66ee76-eea9-4ae2-a5c0-bf8555948be0,CUST00105,2026-07-15 14:56:17.379834,2960.85,Pharmacy,Flacq,0
751ce06c-1a25-4581-b968-6fd16dd481de,CUST00034,2026-07-15 15:11:53.379834,2949.34,Online Retail,Beau Bassin,0
db307388-0625-4276-a13f-804c11517ff4,CUST00043,2026-07-15 15:21:57.379834,634.78,Online Retail,Port Louis,0
f5b36c89-59d6-4e58-82de-b5cf8431749f,CUST00010,2026-07-15 15:59:51.379834,517.35,Grocery,Flacq,0
013e6a90-feec-4c06-8329-91674993db97,CUST00044,2026-07-15 16:05:12.379834,1164.88,Restaurant,Grand Baie,0
6dda3a06-544d-43d0-8aee-470d3bb50b5f,CUST00066,2026-07-15 16:08:26.379834,195.29,Pharmacy,Quatre Bornes,0
ca65cd46-57ac-4a4b-aca9-0b47ce8ed937,CUST00080,2026-07-15 16:11:21.379834,699.57,Fuel Station,Mahebourg,0
94684be7-9fdd-45cf-bf2e-a4c71a161721,CUST00066,2026-07-15 16:14:23.379834,264.78,Pharmacy,Quatre Bornes,0
1e693968-7202-4fd4-8815-86c340cf41f5,CUST00047,2026-07-15 16:17:03.379834,877.24,Grocery,Flacq,0
409e4609-fef4-4b5e-bdf3-269291618099,CUST00080,2026-07-15 16:23:02.379834,458.66,Online Retail,Mahebourg,0
864e9003-d532-46e0-8384-876f0eaa35d6,CUST00192,2026-07-15 16:29:02.379834,1062.44,Travel,Beau Bassin,0
642ce897-6dcf-46df-a76e-40b251b56601,CUST00006,2026-07-15 16:34:19.379834,279.49,Fuel Station,Curepipe,0
e9677076-2d5c-4784-9a9f-8018c33c1dda,CUST00115,2026-07-15 16:36:27.379834,1107.3,Travel,Curepipe,0
74f1b0ee-544c-48cd-88ab-d9cdcd499efc,CUST00138,2026-07-15 16:51:16.379834,1533.96,Online Retail,Port Louis,0
72268c7a-c13a-4995-befb-ea4832415eec,CUST00162,2026-07-15 16:58:05.379834,312.76,ATM Withdrawal,Port Louis,0
a90782ff-b068-40ad-b7e2-95c9e768a925,CUST00167,2026-07-15 17:20:26.379834,429.99,Restaurant,Grand Baie,0
7985384d-cd70-47f6-b1fc-2061d156880b,CUST00140,2026-07-15 17:22:20.379834,801.23,Restaurant,Mahebourg,0
c915c4a4-9f38-4cb5-9d31-e1bf0f27c73b,CUST00002,2026-07-15 17:24:45.379834,974.61,Pharmacy,Vacoas,0
f3f1389a-1fab-4b7c-a7d2-b3acdd5c56b6,CUST00031,2026-07-15 17:29:02.379834,1043.16,Pharmacy,Vacoas,0
11fd954b-7ebd-4e7a-8224-83a00a2d26c0,CUST00104,2026-07-15 17:57:52.379834,1490.86,Online Retail,Tamarin,0
0aaf0584-cd8a-46e7-aaf3-b93ac04791d1,CUST00119,2026-07-15 18:10:54.379834,553.66,Utility Bill,Tamarin,0
c01f61dd-aacd-46c1-909f-40709b2036cb,CUST00058,2026-07-15 18:12:03.379834,1572.81,Online Retail,Vacoas,0
6f071178-6b6f-4586-bc78-3aa5f4699d63,CUST00170,2026-07-15 18:24:46.379834,2466.44,Pharmacy,Quatre Bornes,0
ba60ab1d-1416-49ce-a8fa-3752b7547c2a,CUST00123,2026-07-15 18:26:29.379834,507.52,Online Retail,Tamarin,0
af5ea73d-61d6-4e23-9718-4a84158023c7,CUST00162,2026-07-15 18:26:57.379834,803.07,ATM Withdrawal,Port Louis,0
650d94cd-8a28-460f-9ae6-131aa5ed8daa,CUST00011,2026-07-15 19:17:41.379834,1648.19,Restaurant,Port Louis,0
e00508d1-b7a2-4068-8d04-e37b94057066,CUST00066,2026-07-15 19:39:37.379834,78.28,Electronics,Quatre Bornes,0
a38a53d4-6b0a-4fa7-8fbe-88d4622d3960,CUST00176,2026-07-15 19:48:44.379834,808.4,ATM Withdrawal,Mahebourg,0
1156b395-c181-4c4f-9e49-f3243be0fd6f,CUST00111,2026-07-15 19:49:01.379834,1927.14,Entertainment,Mahebourg,0
3b1ebfe1-26f5-4932-a649-46275baded30,CUST00019,2026-07-15 19:58:46.379834,507.16,Online Retail,Mahebourg,0
e085aabb-1372-4731-8bd4-ad3f18d8e89b,CUST00179,2026-07-15 20:01:01.379834,1796.03,Electronics,Rose Hill,0
4d52ae24-5e3b-4247-bbe0-790ff20afa8b,CUST00037,2026-07-15 20:14:15.379834,414.79,Utility Bill,Flacq,0
024839f4-791b-45b9-8b17-12c9d78c8b87,CUST00097,2026-07-15 20:24:11.379834,2446.92,Restaurant,Quatre Bornes,0
94445173-a8ae-4226-9d21-1c8e4d98c0ea,CUST00025,2026-07-15 20:25:25.379834,2813.57,ATM Withdrawal,Tamarin,0
74422fd5-1668-41ba-9afd-39dde6bece42,CUST00015,2026-07-15 20:25:36.379834,1246.95,Online Retail,Rose Hill,0
b3d8ba7c-3db9-4eea-b18e-c477307e161d,CUST00019,2026-07-15 20:38:27.379834,454.95,Restaurant,Mahebourg,0
68e61422-ee68-4a7c-a83b-a2fa313dd35b,CUST00099,2026-07-15 20:54:41.379834,1653.15,Grocery,Quatre Bornes,0
2dacb4ce-ed4b-4372-9058-5799207cd82d,CUST00063,2026-07-15 20:57:39.379834,1913.38,Fuel Station,Vacoas,0
f45f5386-cc5c-4a19-8388-3979dd4b4770,CUST00132,2026-07-15 21:04:16.379834,450.68,Online Retail,Beau Bassin,0
e7edfc57-d778-4d10-9592-9881b6b4b4f0,CUST00089,2026-07-15 21:09:50.379834,2085.19,Online Retail,Curepipe,0
1f957413-18f8-4c60-b7f7-832f6dcedeab,CUST00190,2026-07-15 21:18:39.379834,8447.06,Electronics,Manila,1
10f40a06-35ff-4f27-a6a7-1677323525d9,CUST00045,2026-07-15 21:21:29.379834,5595.25,Online Retail,Mahebourg,0
57455f12-a97b-4746-b504-7ac7fdcc528f,CUST00009,2026-07-15 21:34:33.379834,97.64,Pharmacy,Tamarin,0
64f93154-2a5a-47b7-9153-65b910838553,CUST00178,2026-07-15 21:46:39.379834,1574.16,Grocery,Flacq,0
a21759e9-5841-43fe-b860-eda143af5e96,CUST00096,2026-07-15 21:49:40.379834,1635.57,Restaurant,Grand Baie,0
8e9b8387-c299-4080-a7e5-1d2dc36924f1,CUST00187,2026-07-15 22:28:02.379834,1402.67,Utility Bill,Grand Baie,0
202502ac-821e-477e-9acf-9b17f69ff993,CUST00091,2026-07-15 22:46:33.379834,1153.38,Utility Bill,Tamarin,0
4524a1b4-f5c2-426f-9d51-956015031288,CUST00026,2026-07-15 22:55:51.379834,1692.16,Grocery,Vacoas,0
0935c539-15a2-4f01-b564-5f2a243f70d9,CUST00182,2026-07-15 23:23:14.379834,1929.2,ATM Withdrawal,Vacoas,0
e255dc46-24e9-410c-a84f-ce4e66ccc369,CUST00178,2026-07-15 23:24:36.379834,1586.42,Restaurant,Flacq,0
504a7412-550b-4249-aa9a-1f099e62760f,CUST00073,2026-07-15 23:34:31.379834,1927.16,Travel,Quatre Bornes,0
c4c8d21b-8a07-4d65-8468-d59272307041,CUST00042,2026-07-15 23:46:36.379834,1582.4,Pharmacy,Vacoas,0
edf1a3f8-6660-42e0-80fb-ff1f0551aaa2,CUST00181,2026-07-15 23:59:38.379834,1560.73,Grocery,Rose Hill,0
a1d467fc-2c0e-4359-bc74-72b866f617f4,CUST00125,2026-07-16 00:05:10.379834,3886.12,ATM Withdrawal,Mahebourg,0
25450935-d95c-4322-8960-9f1ee2a95ac5,CUST00092,2026-07-16 00:13:32.379834,835.86,Electronics,Beau Bassin,0
52648522-fa08-43c9-a48a-151e89a8c896,CUST00037,2026-07-16 00:13:38.379834,1191.59,Restaurant,Flacq,0
ff34311f-b6ce-4528-87db-274859b888f3,CUST00041,2026-07-16 00:27:39.379834,2821.73,Fuel Station,Tamarin,0
842484df-f3ce-4caa-af5e-3f5be23f5853,CUST00074,2026-07-16 00:35:55.379834,3694.45,Online Retail,Mahebourg,0
4369357d-9127-4d20-9aa7-19b44192b716,CUST00190,2026-07-16 00:39:57.379834,2521.11,Utility Bill,Rose Hill,0
9f44835a-a321-49c6-a149-801affbb86ba,CUST00181,2026-07-16 00:42:18.379834,1182.29,Pharmacy,Rose Hill,0
3ca9a58c-7c04-4041-a32f-52805e713dd7,CUST00120,2026-07-16 00:48:49.379834,792.92,Online Retail,Curepipe,0
93b031f9-4196-4e08-bf87-08b9176495a1,CUST00099,2026-07-16 00:54:40.379834,2940.87,Grocery,Quatre Bornes,0
fcc2ef56-fe52-4a33-aed8-e8dd19c87c64,CUST00024,2026-07-16 00:55:16.379834,1258.68,Travel,Grand Baie,0
6ee70314-3150-4c16-a95a-24415a2d4307,CUST00140,2026-07-16 00:59:24.379834,1117.75,Online Retail,Mahebourg,0
8abef640-084c-480b-ba2a-9d01b8fa0eab,CUST00164,2026-07-16 01:02:18.379834,1216.82,Entertainment,Tamarin,0
26ca1033-0fdc-4269-a233-1d0333506c08,CUST00059,2026-07-16 01:03:10.379834,1713.91,Grocery,Curepipe,0
78e5cda5-bff5-4825-a58f-9336a3870e99,CUST00070,2026-07-16 01:14:36.379834,1276.93,Entertainment,Vacoas,0
b3a961b7-e1b1-49f1-8615-cf7c590c977b,CUST00175,2026-07-16 01:20:33.379834,2011.27,Electronics,Vacoas,0
f8e3a256-3ed4-4563-bb8c-36fd1b8500ec,CUST00023,2026-07-16 01:34:34.379834,1900.42,Electronics,Rose Hill,0
f31eb23f-8043-44c8-a6c7-af3d0246fd77,CUST00066,2026-07-16 01:35:00.379834,175.91,Fuel Station,Quatre Bornes,0
aa0f84cc-7bcd-4c51-9c67-30dbb41a09f9,CUST00190,2026-07-16 01:35:36.379834,2568.04,Online Retail,Rose Hill,0
bc93453e-9ed5-4163-914c-e819d01113fd,CUST00027,2026-07-16 01:35:43.379834,1222.03,Travel,Port Louis,0
21e6fd10-116e-44d1-af29-5eca990363df,CUST00161,2026-07-16 01:51:26.379834,347.11,Restaurant,Rose Hill,0
6daaed05-bb8d-43f3-b4f7-42bb559a35ea,CUST00055,2026-07-16 01:54:28.379834,1514.75,Pharmacy,Curepipe,0
14cc8dfc-b88a-472b-815c-5e655a852d0e,CUST00137,2026-07-16 02:21:36.379834,1080.85,Online Retail,Grand Baie,0
7353cd54-9d66-416a-bd58-03a4366b0d26,CUST00179,2026-07-16 02:36:02.379834,1331.7,Grocery,Rose Hill,0
385b351e-c1db-4447-a0ef-5b22816493b2,CUST00152,2026-07-16 02:40:33.379834,1794.23,Grocery,Mahebourg,0
ec3dc932-84a7-4201-bd61-c23c99906620,CUST00021,2026-07-16 02:42:22.379834,480.94,Utility Bill,Mahebourg,0
bbf18460-0bc5-444e-99e9-0f1f5fd5c34d,CUST00197,2026-07-16 02:53:35.379834,450.88,Fuel Station,Tamarin,0
144edfc9-3a31-4e7b-a181-eb516ac9515c,CUST00075,2026-07-16 02:57:11.379834,479.89,Grocery,Rose Hill,0
14a62828-c284-4a6f-abd5-a435792f39aa,CUST00002,2026-07-16 02:57:48.379834,1378.59,Online Retail,Vacoas,0
250f8123-2718-4b57-ac67-b4c39b115e51,CUST00050,2026-07-16 03:08:46.379834,502.4,ATM Withdrawal,Vacoas,0
483a4e83-a811-4b97-a466-86fd2618716d,CUST00059,2026-07-16 03:09:34.379834,1177.82,Electronics,Curepipe,0
440e1f68-5550-4952-a245-6a04cde274ea,CUST00045,2026-07-16 03:16:19.379834,5859.28,Electronics,Mahebourg,0
b730427f-4a0e-44c4-8463-06cf67d90861,CUST00066,2026-07-16 03:23:08.379834,219.96,Online Retail,Quatre Bornes,0
5c6f0b04-2a4f-426d-a18a-8acf91e09fca,CUST00083,2026-07-16 03:25:19.379834,1168.5,Grocery,Port Louis,0
3d7e7cfe-57ba-4491-9f91-ac1216ea4ccf,CUST00113,2026-07-16 03:30:02.379834,876.27,Pharmacy,Curepipe,0
249cdd7f-4371-4633-90f7-5d13cb37701d,CUST00161,2026-07-16 03:34:37.379834,456.88,Utility Bill,Rose Hill,0
f853e601-ead6-43cc-a0b5-c58dfc62fa60,CUST00145,2026-07-16 03:41:48.379834,2377.84,ATM Withdrawal,Mahebourg,0
ceb8eb0c-94ab-4986-abc4-847e885e139f,CUST00037,2026-07-16 03:44:08.379834,981.54,Utility Bill,Flacq,0
95571eff-2791-4fb3-ab9a-6b212310a091,CUST00062,2026-07-16 03:46:00.379834,1426.55,Online Retail,Flacq,0
84e3fd95-34e9-4edf-80f9-376dde976895,CUST00173,2026-07-16 03:48:42.379834,2532.29,ATM Withdrawal,Mahebourg,0
05c6a05e-c7cd-4256-9ab0-bd1956289237,CUST00090,2026-07-16 03:52:00.379834,2583.32,ATM Withdrawal,Rose Hill,0
fb4245d8-5de6-40e2-a2ba-61d76eb396f0,CUST00062,2026-07-16 03:54:51.379834,1360.36,ATM Withdrawal,Flacq,0
42b84dc9-b832-4a17-b7bc-4a22a3af741a,CUST00074,2026-07-16 04:06:14.379834,5005.34,Grocery,Mahebourg,0
3061cebe-47fd-40cd-9ca1-1cd9c82b7b34,CUST00135,2026-07-16 04:10:15.379834,1188.36,Pharmacy,Flacq,0
bdd19748-2d95-40e9-bbed-8887c5a5d182,CUST00147,2026-07-16 04:19:23.379834,578.34,Entertainment,Rose Hill,0
3c34aa4c-186d-41e4-8853-1ea5867b31c7,CUST00053,2026-07-16 04:30:22.379834,2237.95,Entertainment,Tamarin,0
fe065455-6081-450a-bd06-0cb5bfd98dfe,CUST00156,2026-07-16 04:31:45.379834,2179.97,Entertainment,Grand Baie,0
a400baea-dbef-448d-b6f4-9f9990e59fd7,CUST00185,2026-07-16 04:32:08.379834,1002.97,Electronics,Grand Baie,0
8825e378-1e77-47d8-9d25-4ccb00a69d0c,CUST00007,2026-07-16 04:40:17.379834,3013.92,Pharmacy,Mahebourg,0
f71d76fd-c67f-461f-858a-c6838385f155,CUST00032,2026-07-16 04:49:54.379834,931.56,Pharmacy,Quatre Bornes,0
b2115c45-c17d-4711-9a09-5cddc813ee03,CUST00116,2026-07-16 04:57:42.379834,504.73,ATM Withdrawal,Quatre Bornes,0
efdaeebb-aad6-4b67-b4f6-5090bfa1db0a,CUST00163,2026-07-16 05:02:46.379834,2133.42,Entertainment,Rose Hill,0
301812c3-6d95-4e69-9c21-2fcd5692a104,CUST00104,2026-07-16 05:06:02.379834,1181.12,Electronics,Tamarin,0
a787abc7-f575-45b5-8961-44a618a8f63e,CUST00011,2026-07-16 05:23:47.379834,1643.93,Pharmacy,Port Louis,0
642aba82-5f6f-4483-ad51-606f4557ba84,CUST00154,2026-07-16 05:35:08.379834,687.69,Electronics,Tamarin,0
ccaf28c1-1ac0-4b70-84a0-ca2c65487353,CUST00093,2026-07-16 05:56:57.379834,1561.25,Travel,Rose Hill,0
3accaab9-dd61-42d9-a145-d9880fd02778,CUST00133,2026-07-16 06:17:40.379834,4005.78,Travel,Curepipe,0
0e40d90f-c258-44c5-b5b8-a962372d91fb,CUST00007,2026-07-16 06:18:50.379834,1648.77,Pharmacy,Mahebourg,0
49fd8ea4-5dbf-42e9-a427-04314073c686,CUST00079,2026-07-16 06:20:27.379834,1176.95,ATM Withdrawal,Vacoas,0
2cac71f4-0eae-4e6c-ba1f-6efecbddbe8b,CUST00196,2026-07-16 06:21:01.379834,1940.9,Grocery,Rose Hill,0
79efe7c6-75aa-4519-a5b6-5df61c66b6e9,CUST00159,2026-07-16 06:27:26.379834,348.37,Electronics,Beau Bassin,0
afb6aa79-7612-492a-b3d7-2d422c7c489c,CUST00145,2026-07-16 06:46:43.379834,2868.27,Fuel Station,Mahebourg,0
4348d530-dafe-4210-afa3-69539c529dc5,CUST00174,2026-07-16 06:59:51.379834,828.81,Utility Bill,Quatre Bornes,0
73fdb9ff-9f61-4317-a7be-83cda61af102,CUST00107,2026-07-16 07:12:15.379834,3281.2,Entertainment,Flacq,0
9149bc70-e631-4bc1-a9be-da8e93a786a5,CUST00163,2026-07-16 07:27:55.379834,2363.04,Fuel Station,Rose Hill,0
a72080cf-4ad6-4efb-8dd2-e93c6dea6729,CUST00073,2026-07-16 07:41:29.379834,1631.44,Utility Bill,Quatre Bornes,0
747c3b3f-5540-4119-84ca-e86566476cf0,CUST00192,2026-07-16 08:07:11.379834,1766.78,Restaurant,Beau Bassin,0
68ba70f7-2e05-4c96-900b-ff0e50610ffa,CUST00032,2026-07-16 08:09:11.379834,1108.88,Electronics,Quatre Bornes,0
cb4bb93a-a7da-4bda-903a-a0e422e7e1cb,CUST00145,2026-07-16 08:17:59.379834,1108.3,Electronics,Mahebourg,0
0b017e67-a3d4-4b92-a468-d19995c09593,CUST00081,2026-07-16 08:22:21.379834,3067.27,ATM Withdrawal,Rose Hill,0
13954c87-2de4-4f05-8d95-7564c5e1d1e1,CUST00135,2026-07-16 08:45:43.379834,981.05,Pharmacy,Flacq,0
5ac2dbdb-3abd-4d8d-bc6e-7eff989ce372,CUST00139,2026-07-16 08:59:17.379834,1507.66,Restaurant,Vacoas,0
a604153e-b16b-4c3f-9625-1be2f943baea,CUST00011,2026-07-16 09:01:55.379834,1859.74,Entertainment,Port Louis,0
c5f4b604-fcf8-4ebb-a06f-70caadf1677e,CUST00166,2026-07-16 09:11:04.379834,5064.94,Electronics,Curepipe,0
08e84e93-5b25-4f02-815a-433e582c7bf3,CUST00148,2026-07-16 09:11:39.379834,737.99,ATM Withdrawal,Quatre Bornes,0
02d914cb-4b77-462e-874f-d194c6e68d6e,CUST00107,2026-07-16 09:14:07.379834,4749.33,ATM Withdrawal,Flacq,0
f307a0e2-8adc-4431-b1ce-9ad9d81c6b6f,CUST00075,2026-07-16 09:16:50.379834,291.99,Pharmacy,Rose Hill,0
c2fe93ad-ecb7-48b4-957d-6972e0f42c09,CUST00002,2026-07-16 09:57:04.379834,1549.92,Restaurant,Vacoas,0
c0dc16e0-181c-4161-ad28-58b9eeb275d4,CUST00053,2026-07-16 09:59:10.379834,2675.94,Entertainment,Tamarin,0
9576ca76-5b55-4928-aea9-7b748670095c,CUST00100,2026-07-16 10:08:08.379834,3118.53,Grocery,Rose Hill,0
0ebe3c3f-d113-4b47-b42b-8d0a5edb1b35,CUST00116,2026-07-16 10:33:12.379834,619.75,ATM Withdrawal,Quatre Bornes,0
a11c39dd-ea77-4019-9fa8-ed336766c94a,CUST00019,2026-07-16 11:00:07.379834,532.28,Pharmacy,Mahebourg,0
a03dbac4-ee5d-49f8-9ee8-3366c4ae1c3b,CUST00144,2026-07-16 11:00:57.379834,1088.92,Pharmacy,Vacoas,0
378a1fc8-83bc-4064-9320-e7a133ad4e9e,CUST00182,2026-07-16 11:08:38.379834,644.8,Pharmacy,Vacoas,0
8e8a6996-cb6b-4b93-b838-b779ecfbb794,CUST00138,2026-07-16 11:12:29.379834,1884.98,Travel,Port Louis,0
eb133ef5-28e1-408d-8df1-780217fe90cd,CUST00102,2026-07-16 11:15:55.379834,1171.24,Electronics,Mahebourg,0
1dcef6d0-0228-4258-8e18-bcb546224d5d,CUST00079,2026-07-16 11:28:23.379834,1900.12,Online Retail,Vacoas,0
867d033d-67d9-4991-b79e-ed81d01034c7,CUST00183,2026-07-16 11:28:31.379834,2918.3,Entertainment,Flacq,0
16858347-e770-403e-85de-2769a792d61d,CUST00028,2026-07-16 11:35:29.379834,768.06,Entertainment,Quatre Bornes,0
c16322e5-8db5-4d69-8f84-8c169a2c8634,CUST00131,2026-07-16 11:56:48.379834,1097.41,Electronics,Vacoas,0
4d2e20ab-2610-4ea1-ac7b-cabe442e1135,CUST00027,2026-07-16 11:59:14.379834,1207.1,Grocery,Port Louis,0
06032965-dec3-4aa9-9d05-822f04fc2edd,CUST00072,2026-07-16 12:05:44.379834,2829.45,Entertainment,Tamarin,0
a98c7570-75e3-4013-845b-82021ff35ad4,CUST00000,2026-07-16 12:11:37.379834,2289.41,Utility Bill,Curepipe,0
77f588da-83c8-41bb-83fc-8624041ebdf0,CUST00042,2026-07-16 12:16:39.379834,1524.65,Travel,Vacoas,0
46057ef4-53b7-47c8-b114-19ceacbff3fa,CUST00191,2026-07-16 12:27:03.379834,2350.72,Electronics,Curepipe,0
8e40719f-79d6-488a-88ac-4289901e00c3,CUST00081,2026-07-16 12:27:33.379834,1792.92,Online Retail,Rose Hill,0
b09498f2-4773-4dc8-8162-8c1297766ff4,CUST00187,2026-07-16 12:37:47.379834,1924.5,Electronics,Grand Baie,0
cddbd6ab-165e-43ee-93b3-7b4f12232250,CUST00037,2026-07-16 12:44:38.379834,1194.41,Grocery,Flacq,0
902ef06c-71df-48ad-a68f-0e339e5c9ce4,CUST00060,2026-07-16 12:50:52.379834,521.66,Fuel Station,Rose Hill,0
f244b8d5-2ede-45f3-b210-5f1254f0870a,CUST00168,2026-07-16 12:55:07.379834,874.03,Grocery,Curepipe,0
1ad77892-3ff4-46b0-bc4a-798397b581c7,CUST00100,2026-07-16 13:01:19.379834,1866.84,Grocery,Rose Hill,0
305705b2-59e2-4669-b8dd-56ecd751cbed,CUST00004,2026-07-16 13:17:05.379834,4368.4,Pharmacy,Rose Hill,0
35884a2c-ff81-4916-8631-0079c449a1e3,CUST00069,2026-07-16 13:19:43.379834,5022.79,Electronics,Rose Hill,0
789ae4cd-99dc-4845-a362-a0a033abb219,CUST00012,2026-07-16 13:37:28.379834,2638.64,Entertainment,Port Louis,0
dd46b5ee-2743-47cb-a7a3-9c590f0be74a,CUST00095,2026-07-16 13:40:33.379834,622.42,ATM Withdrawal,Flacq,0
302bbf83-0afb-4e6d-920c-3080ee9cc1c9,CUST00054,2026-07-16 13:41:06.379834,1394.44,Entertainment,Rose Hill,0
0595c61b-b8d1-4d7f-a34e-c2c7d4ed3391,CUST00014,2026-07-16 14:21:18.379834,561.98,Pharmacy,Rose Hill,0
b3a410a8-079f-4f74-8b5f-31ed5855f9a6,CUST00151,2026-07-16 14:32:48.379834,5560.35,Grocery,Mahebourg,0
96d120ad-e308-4e14-a7fc-805241ffb0e5,CUST00025,2026-07-16 14:40:01.379834,1497.84,Fuel Station,Tamarin,0
ea036b45-0e79-444c-8e37-1961cdcab027,CUST00171,2026-07-16 14:44:11.379834,484.54,Pharmacy,Quatre Bornes,0
97c24e80-db43-40b4-b739-491b5de07899,CUST00114,2026-07-16 14:46:19.379834,926.49,Electronics,Port Louis,0
90e0664e-f9d7-481d-a04c-adcd9185484b,CUST00089,2026-07-16 15:01:18.379834,2041.92,Utility Bill,Curepipe,0
1d4552b8-56bf-4e56-b4fe-0fef9ba7d65a,CUST00090,2026-07-16 15:04:48.379834,1947.32,Electronics,Rose Hill,0
7237181d-4a9a-4202-a958-e8332b4bed7d,CUST00072,2026-07-16 15:31:09.379834,2644.48,Pharmacy,Tamarin,0
a192d69b-9134-40e7-bc72-23b13abc123e,CUST00198,2026-07-16 15:44:11.379834,1542.1,Electronics,Rose Hill,0
b4b817d4-6163-440d-9e00-4504ccbaf6ef,CUST00179,2026-07-16 15:49:26.379834,245.5,Electronics,Rose Hill,0
3615534c-ae2e-4114-80fb-3f7b6775be8f,CUST00117,2026-07-16 15:57:07.379834,398.72,Travel,Quatre Bornes,0
74ffa77c-22b1-4f3f-9e16-df5484a14d22,CUST00143,2026-07-16 16:17:06.379834,586.62,Restaurant,Curepipe,0
139242f0-afba-4b36-8195-a44b2ec8a333,CUST00089,2026-07-16 16:19:24.379834,2439.07,Online Retail,Curepipe,0
caee351c-0936-4f5e-9770-dd75c50ca883,CUST00197,2026-07-16 16:21:55.379834,1379.47,Travel,Tamarin,1
25e93fa6-d2f1-4d2b-869a-21db75ff436a,CUST00050,2026-07-16 16:27:10.379834,784.68,Travel,Vacoas,0
7726ad8b-4ffd-412d-b0c5-7c6089ced39a,CUST00142,2026-07-16 16:50:43.379834,1169.94,Restaurant,Mahebourg,0
353db514-309f-4634-949b-ba2c6bf9e1f6,CUST00168,2026-07-16 16:58:51.379834,1342.26,Travel,Curepipe,0
74c292a1-6811-4b55-88b5-2cde80bbddee,CUST00168,2026-07-16 17:00:37.379834,1654.75,Travel,Curepipe,0
e7f5ca3e-7fbe-46b5-877f-1f6e0a1b9405,CUST00023,2026-07-16 17:09:43.379834,1800.02,Utility Bill,Rose Hill,0
66b9720d-71fd-44c2-bd24-7ad06f9eec07,CUST00023,2026-07-16 17:13:43.379834,1800.02,Utility Bill,Rose Hill,1
ba0fcc5b-74ed-41d9-95cb-3733b2d8bc39,CUST00023,2026-07-16 17:14:43.379834,1800.02,Utility Bill,Rose Hill,1
f9bfc6d4-321c-499c-ad11-8f2403e72938,CUST00023,2026-07-16 17:15:43.379834,1800.02,Utility Bill,Rose Hill,1
5973a096-530f-446f-9d2c-36a750462af0,CUST00023,2026-07-16 17:21:43.379834,1800.02,Utility Bill,Rose Hill,1
1fd05837-e53b-42c3-ad4d-76cd4cbff29f,CUST00092,2026-07-16 17:22:43.379834,1157.34,Electronics,Beau Bassin,0
bf9dbdc3-723f-4fd6-862a-f67f5ae0eb65,CUST00098,2026-07-16 17:24:20.379834,318.78,Grocery,Vacoas,0
97d91e5a-5863-411c-bfb9-b6269ba70f3e,CUST00102,2026-07-16 17:39:44.379834,1168.04,ATM Withdrawal,Mahebourg,0
975760ec-7ae5-4e9b-bf5d-5ae8860cf03a,CUST00161,2026-07-16 17:45:15.379834,318.45,Grocery,Rose Hill,0
0f0bd6d5-f110-4405-b8bf-3c63989269e9,CUST00158,2026-07-16 17:46:16.379834,3513.73,ATM Withdrawal,Curepipe,0
be86e0df-5caf-4a84-8a41-0d0349275469,CUST00122,2026-07-16 17:50:10.379834,1130.72,Grocery,Flacq,0
5343b33d-a7f9-4ddf-909a-4cb7b2a764bf,CUST00084,2026-07-16 17:50:16.379834,2336.59,Pharmacy,Rose Hill,0
cf1f28ed-0bad-4190-b9ef-476898f63bb8,CUST00158,2026-07-16 17:52:16.379834,3513.73,ATM Withdrawal,Curepipe,1
39b06c08-0cbd-4abb-ae1b-c9d158c21075,CUST00158,2026-07-16 17:52:16.379834,3513.73,ATM Withdrawal,Curepipe,1
ed8190a3-9234-4e0b-b202-b23c747ace39,CUST00157,2026-07-16 17:57:16.379834,502.03,Online Retail,Port Louis,0
89439ff9-0b63-4dd8-ad90-0728a69f8e9e,CUST00178,2026-07-16 17:57:28.379834,1472.17,Pharmacy,Flacq,0
ee2f37a3-73a0-4ea4-a235-a7afcdd4ff7c,CUST00165,2026-07-16 17:57:32.379834,847.35,Restaurant,Curepipe,0
37d1f099-3fac-487b-b3ff-daa248b6eb87,CUST00158,2026-07-16 18:04:16.379834,3513.73,ATM Withdrawal,Curepipe,1
cb176218-2601-496f-93e0-7f7c71f3bf7c,CUST00156,2026-07-16 18:10:02.379834,951.82,Restaurant,Grand Baie,0
a3af3110-b549-4a10-bef3-d736c2e6de44,CUST00039,2026-07-16 18:17:26.379834,1088.41,ATM Withdrawal,Beau Bassin,0
5c79715d-3453-428d-97a8-b6d5524a8508,CUST00103,2026-07-16 18:19:49.379834,839.64,ATM Withdrawal,Vacoas,0
ddc46cef-9041-4feb-b9ad-65f60a6bdc7f,CUST00085,2026-07-16 18:21:09.379834,140.95,Fuel Station,Port Louis,0
3b09e3ef-43a1-4cea-9960-4f98d770c237,CUST00077,2026-07-16 18:37:34.379834,1247.75,Pharmacy,Grand Baie,0
1db0508b-b6e0-4bf3-93c0-03fc8bd97f8f,CUST00053,2026-07-16 18:39:46.379834,2227.34,Grocery,Tamarin,0
797d81a4-21c2-45dc-84c7-1745fb126228,CUST00002,2026-07-16 18:43:12.379834,1694.92,Restaurant,Vacoas,0
034afd3b-4c04-41ae-b776-04f9d3007b18,CUST00106,2026-07-16 18:43:21.379834,1174.21,Fuel Station,Tamarin,0
a874237a-714e-40c7-b19b-5dea76ac0117,CUST00129,2026-07-16 18:53:32.379834,2637.07,Online Retail,Curepipe,0
723ee8bc-5e60-4a98-ac1d-25637e1520f3,CUST00025,2026-07-16 18:54:24.379834,2234.28,ATM Withdrawal,Tamarin,0
5ccd5a76-75c7-4b73-a19c-ab850a67a0cc,CUST00119,2026-07-16 19:01:07.379834,605.62,Grocery,Tamarin,0
ab45a6a8-5a65-4daf-bba9-038a00bc522d,CUST00121,2026-07-16 19:04:38.379834,1636.52,Travel,Flacq,0
3578cae7-99b6-4107-a50b-b391f5f19c0f,CUST00114,2026-07-16 19:07:05.379834,1270.7,Restaurant,Port Louis,0
5e9b1178-f477-4313-88f7-fbe341af00e8,CUST00153,2026-07-16 19:18:15.379834,3398.19,ATM Withdrawal,Port Louis,0
68c0eeac-7590-45f3-afc6-d8826d628552,CUST00174,2026-07-16 19:31:06.379834,2066.74,Fuel Station,Quatre Bornes,0
73ea54b7-f36f-499f-9c2e-57604ad043a1,CUST00056,2026-07-16 19:31:34.379834,689.83,Restaurant,Port Louis,0
6c25ec5c-04d9-49c5-a7f3-1aa39b7c92db,CUST00136,2026-07-16 19:49:50.379834,2736.54,Fuel Station,Quatre Bornes,0
41359fb4-9a07-4066-b99e-fd9a35813466,CUST00029,2026-07-16 19:58:02.379834,2831.73,Fuel Station,Flacq,0
2ff4ba1b-a5d3-4b65-b5ea-b615fa6f631b,CUST00134,2026-07-16 20:00:21.379834,181.11,Pharmacy,Vacoas,0
73925ca6-7ad5-423e-98a6-062e5e33b033,CUST00042,2026-07-16 20:07:59.379834,1465.7,Travel,Vacoas,0
5710755d-39fc-4995-8b63-cf5b37628fa4,CUST00150,2026-07-16 20:09:24.379834,2294.32,Online Retail,Quatre Bornes,0
cc864058-47d9-4b97-b5a9-601b4d2164f7,CUST00079,2026-07-16 20:20:14.379834,1577.25,Electronics,Vacoas,0
bd941995-11e6-454b-80d9-9636cc9e1dca,CUST00001,2026-07-16 20:25:47.379834,890.29,ATM Withdrawal,Port Louis,0
d4bad0d9-2751-4b9e-8c14-284086d03368,CUST00097,2026-07-16 20:31:49.379834,2023.11,Electronics,Quatre Bornes,0
6ef409df-c06e-43ee-8bed-ed672b349e4e,CUST00082,2026-07-16 20:33:09.379834,365.31,Fuel Station,Beau Bassin,0
0ff9c130-795e-4441-8a5c-e28d5b2acb14,CUST00180,2026-07-16 20:41:04.379834,1963.94,Electronics,Mahebourg,0
047483e2-0288-4b28-97ea-37a8fca2d3c3,CUST00067,2026-07-16 20:42:29.379834,1553.98,Entertainment,Beau Bassin,0
37550696-854d-4fcd-ae1d-d1f74e876630,CUST00196,2026-07-16 20:48:14.379834,1508.14,Fuel Station,Rose Hill,0
f4d4bb2d-8414-4dab-b440-277b322fb44e,CUST00102,2026-07-16 20:59:41.379834,998.55,Fuel Station,Mahebourg,0
f3f64b53-b4a7-4485-9d6f-af991906df07,CUST00094,2026-07-16 21:02:56.379834,50.0,Entertainment,Grand Baie,0
6fbc4125-bf84-4d0b-84a1-873f4b24e621,CUST00019,2026-07-16 21:19:26.379834,686.65,ATM Withdrawal,Mahebourg,0
f286091d-6459-4524-b507-7ca0e1895e23,CUST00167,2026-07-16 21:25:04.379834,248.28,Online Retail,Grand Baie,0
9991e583-5636-4e7d-b705-33c5d1af25b1,CUST00162,2026-07-16 21:28:50.379834,449.44,Fuel Station,Port Louis,0
ef0504b7-57e7-47a9-b491-099d0c59482c,CUST00163,2026-07-16 21:29:22.379834,2009.29,Travel,Rose Hill,0
b2a2f45a-48f9-4e91-b233-61675ecf8799,CUST00047,2026-07-16 21:32:10.379834,1069.57,Entertainment,Flacq,0
eb6d45f3-44e8-46e4-8595-6b4f25d7f74c,CUST00029,2026-07-16 21:38:01.379834,2397.15,Restaurant,Flacq,0
ff915226-8adb-47f2-805a-a179461f598e,CUST00036,2026-07-16 21:44:42.379834,1827.66,Electronics,Manila,1
bfdb492b-263f-4c85-b154-bb325b0633d9,CUST00101,2026-07-16 21:48:15.379834,1325.57,Entertainment,Mahebourg,0
089cb853-e28c-4a17-8bb1-f61f4a4c1b13,CUST00076,2026-07-16 21:53:20.379834,159.91,Utility Bill,Quatre Bornes,0
e5d92cf4-43db-4f79-b36c-63cfdd104dbd,CUST00068,2026-07-16 21:56:10.379834,1525.76,Restaurant,Beau Bassin,0
502913d3-31d4-46e0-b82d-3b4a654b7528,CUST00104,2026-07-16 22:03:30.379834,460.18,Utility Bill,Tamarin,0
9817a5c7-ff76-4f49-8682-4591aa70123d,CUST00154,2026-07-16 22:15:07.379834,385.43,Electronics,Tamarin,0
d789101e-a1c4-4f88-895a-f9514fe5092b,CUST00165,2026-07-16 22:21:22.379834,1270.24,Entertainment,Curepipe,0
419ec798-e9aa-4786-9b29-66f2573d50ee,CUST00071,2026-07-16 22:27:36.379834,1581.71,Pharmacy,Curepipe,0
6740c19d-2afc-4fcb-81f7-c1b5c7dff39e,CUST00073,2026-07-16 22:29:37.379834,1502.03,Grocery,Quatre Bornes,0
e6c14cf6-3ffd-42fb-9a0a-26d79cdc7df5,CUST00102,2026-07-16 22:30:26.379834,1379.73,Travel,Mahebourg,0
a4503754-fcd7-42b0-9d2d-7c9acc094d8d,CUST00161,2026-07-16 22:38:07.379834,368.83,Entertainment,Rose Hill,0
d2cc0230-8ae8-4d03-81f5-2182ccc63e1e,CUST00029,2026-07-16 22:43:22.379834,3102.92,Utility Bill,Flacq,0
e90d9257-9838-4d8f-aae7-7537155e6e18,CUST00099,2026-07-16 23:07:19.379834,2576.5,Entertainment,Quatre Bornes,0
59473f57-676e-4561-a040-ee83fc8f860f,CUST00175,2026-07-16 23:09:30.379834,2036.09,Utility Bill,Vacoas,0
4136ccc5-ba72-4331-a9ba-714388e9ac73,CUST00094,2026-07-16 23:39:20.379834,2267.79,Utility Bill,Grand Baie,0
e3e8727d-18c1-410f-ae49-ffeb94012b5c,CUST00128,2026-07-16 23:40:51.379834,3461.54,ATM Withdrawal,Port Louis,1
f2153687-48e6-4ee8-9683-714f4be7d91d,CUST00054,2026-07-16 23:56:07.379834,1448.0,Entertainment,Rose Hill,0
7c7e992b-f9a7-409c-96d2-cad8331b6fa4,CUST00143,2026-07-17 00:01:54.379834,617.28,Utility Bill,Curepipe,0
06c368c5-6352-4f13-ad2e-3d992fdbe189,CUST00048,2026-07-17 00:09:52.379834,9731.97,Electronics,Curepipe,1
0bf18073-b3a6-45ec-8abd-aa0eaa8224e5,CUST00090,2026-07-17 00:10:14.379834,2388.34,ATM Withdrawal,Rose Hill,0
3552865b-de4d-4135-a03b-3d43df99b89d,CUST00041,2026-07-17 00:13:06.379834,3328.1,Pharmacy,Tamarin,0
c5d60542-aa57-4283-9986-0e7f3efee944,CUST00022,2026-07-17 00:29:20.379834,480.74,Utility Bill,Flacq,0
02400156-d4cb-409d-892e-62262222bece,CUST00180,2026-07-17 00:30:10.379834,1605.66,Electronics,Mahebourg,0
3eea4dc8-3e8c-4a01-a69c-f68bb1e81d69,CUST00092,2026-07-17 00:31:19.379834,1130.26,Electronics,Beau Bassin,0
fa88606a-3ac8-44d4-965e-b939be542d70,CUST00028,2026-07-17 00:33:41.379834,867.58,Grocery,Quatre Bornes,0
89138094-9436-4a56-8f58-233b3c4a2125,CUST00097,2026-07-17 00:34:49.379834,1482.58,Utility Bill,Quatre Bornes,0
33a777a1-4a48-49e0-8e8c-9c1a8fa81737,CUST00194,2026-07-17 01:05:29.379834,4203.12,Entertainment,Tamarin,0
ca41170d-96c6-43f6-8d47-bf25eb9f0934,CUST00183,2026-07-17 01:24:05.379834,1701.21,ATM Withdrawal,Flacq,0
ca1d5686-b337-4d98-bcf6-df9a216f272c,CUST00161,2026-07-17 01:28:03.379834,166.57,Utility Bill,Rose Hill,0
29cdd53f-1b86-47a8-a6c4-40d4efe79b7e,CUST00103,2026-07-17 01:37:46.379834,1041.46,Utility Bill,Vacoas,0
76187858-6e02-4eb9-aa6f-1e97c7155f75,CUST00185,2026-07-17 01:45:28.379834,1690.92,Restaurant,Grand Baie,0
fe70ba87-09e7-49be-bcf4-cd5be4f430df,CUST00118,2026-07-17 01:46:07.379834,3007.91,Utility Bill,Flacq,0
2eba20d8-e240-4e50-ab26-ed6c175aef34,CUST00124,2026-07-17 01:50:33.379834,4584.11,Electronics,Grand Baie,0
7c8d327f-20ab-4e28-9654-d5657903e2b4,CUST00195,2026-07-17 01:56:12.379834,1203.16,Utility Bill,Mahebourg,0
3f799a0b-16a2-45c7-bf57-8547b19895ae,CUST00162,2026-07-17 01:58:46.379834,319.22,Restaurant,Port Louis,0
e02f871a-3470-4d7f-bb60-7abb4c611198,CUST00118,2026-07-17 02:11:54.379834,1697.08,Travel,Flacq,0
69df2584-9777-4ea8-b8b3-eb66c5f2ddd2,CUST00155,2026-07-17 02:16:56.379834,1466.26,Travel,Beau Bassin,0
e86d2ab4-d8f6-4f50-9e21-053d3d52db26,CUST00180,2026-07-17 02:25:33.379834,3302.93,Electronics,Mahebourg,0
94dd886d-4ef2-4bd7-a33f-b7da0d3c45c2,CUST00182,2026-07-17 02:27:54.379834,2068.41,Grocery,Vacoas,0
5169fd3a-6076-4c1e-9ce3-cf96d45b13ad,CUST00056,2026-07-17 02:36:38.379834,603.92,Restaurant,Port Louis,0
1f0060ef-6755-446e-b010-5de068d15c68,CUST00028,2026-07-17 02:47:13.379834,973.67,Fuel Station,Quatre Bornes,0
11e137d0-76db-40b6-8b08-dcca7e002947,CUST00096,2026-07-17 02:51:01.379834,4306.66,Online Retail,Grand Baie,0
d5a9cae1-3d51-484f-83e2-06c59fc8cdf7,CUST00092,2026-07-17 03:06:15.379834,1176.6,Utility Bill,Beau Bassin,0
7a556032-819c-43a5-9893-215f3db03b52,CUST00048,2026-07-17 03:11:32.379834,1271.13,ATM Withdrawal,Curepipe,0
fddfb67b-b7cf-4014-98ee-caaf04e86368,CUST00126,2026-07-17 03:11:54.379834,2988.23,Utility Bill,Vacoas,0
02fcc5b9-8ebb-49c6-b2a7-02844f5db04c,CUST00054,2026-07-17 03:20:50.379834,1305.77,Entertainment,Rose Hill,0
d52cc85a-6ae6-4bbf-840f-76e42aa4e7fc,CUST00037,2026-07-17 03:22:42.379834,1167.14,Electronics,Flacq,0
18aad503-9079-4676-9d79-7be69df79568,CUST00059,2026-07-17 03:24:41.379834,1253.59,ATM Withdrawal,Curepipe,0
3dd21e35-7ba9-49f6-b7bf-70ba813820db,CUST00105,2026-07-17 03:26:30.379834,1535.31,Utility Bill,Flacq,0
70c89770-4d1a-4a80-b1dd-7f88ec2ef81c,CUST00136,2026-07-17 03:27:13.379834,3318.19,ATM Withdrawal,Quatre Bornes,0
b4382f25-a1cc-4139-8703-c8ef2f11452c,CUST00160,2026-07-17 03:35:44.379834,2522.83,Grocery,Vacoas,0
7f445c6c-d615-41f3-9f3f-470f06dd83a5,CUST00061,2026-07-17 03:36:06.379834,942.97,ATM Withdrawal,Curepipe,0
0bf4f41a-292d-4af1-9442-174d4be6ac12,CUST00068,2026-07-17 03:49:10.379834,1081.03,Online Retail,Beau Bassin,0
1f2e720c-8248-432e-aeec-b553cc19458d,CUST00197,2026-07-17 04:06:03.379834,1137.27,Online Retail,Tamarin,0
8aa1431f-005d-4a93-b30a-8cbfddf2dd9e,CUST00119,2026-07-17 04:12:20.379834,721.96,Electronics,Bogota,1
15fbc858-8148-4b9f-af2c-dc67da461d11,CUST00073,2026-07-17 04:31:12.379834,1925.77,Grocery,Quatre Bornes,0
910c425b-07f2-4033-8286-8ccc7c49671a,CUST00170,2026-07-17 04:31:14.379834,2433.36,Pharmacy,Quatre Bornes,0
5fbabab9-a453-45aa-ac94-94a26df8b45d,CUST00196,2026-07-17 04:39:19.379834,1785.85,Grocery,Rose Hill,0
d2655809-8ce7-424d-943d-8f869c85c470,CUST00159,2026-07-17 04:40:06.379834,422.61,Utility Bill,Beau Bassin,0
8d29d26c-7809-40eb-871e-cb09c25c9f46,CUST00069,2026-07-17 04:49:32.379834,4136.17,Entertainment,Rose Hill,0
c995a7da-0316-4078-936c-84ea876e492a,CUST00074,2026-07-17 04:55:41.379834,4797.01,Restaurant,Mahebourg,0
9c2a3a76-67f1-430d-bdae-c8b1a64655cb,CUST00008,2026-07-17 04:56:16.379834,1519.6,ATM Withdrawal,Curepipe,0
bd8cda4c-5fbd-430c-a0f8-e2bc758b1947,CUST00098,2026-07-17 05:00:24.379834,778.76,Entertainment,Vacoas,0
af9d3a62-3e48-4258-9b90-1c21da8cb061,CUST00078,2026-07-17 05:01:08.379834,353.79,ATM Withdrawal,Flacq,0
9f4a4c52-113f-44ee-bac5-a062f4f9c20a,CUST00069,2026-07-17 05:12:02.379834,5628.02,Utility Bill,Rose Hill,0
8fa42bf0-10c4-43c0-8037-cb37bd21aabd,CUST00197,2026-07-17 05:13:09.379834,515.53,Fuel Station,Tamarin,0
2fcb9375-710e-43ae-b868-024c01148944,CUST00130,2026-07-17 05:13:45.379834,3846.34,Restaurant,Mahebourg,0
19092cae-7760-4d6a-919b-6b46272c8811,CUST00033,2026-07-17 05:16:15.379834,1625.01,Restaurant,Rose Hill,0
1cb57dd4-c671-4d8f-be43-6b3c8dccd287,CUST00078,2026-07-17 05:17:39.379834,205.96,Restaurant,Flacq,0
eccc1cf2-911d-4c76-83e3-b23f805b342a,CUST00191,2026-07-17 05:20:04.379834,2866.73,Electronics,Curepipe,0
105eb679-393c-4fb9-af4d-c206ff7d795b,CUST00147,2026-07-17 05:26:51.379834,555.91,Fuel Station,Rose Hill,0
a8f82cf5-d714-40b7-ae94-31185de5b13d,CUST00084,2026-07-17 05:37:18.379834,2797.4,Grocery,Rose Hill,0
dcdce580-e866-46bc-a0a5-00abfc9396cf,CUST00169,2026-07-17 05:49:25.379834,4969.16,Travel,Manila,1
ffc10054-acc5-4791-8c4b-f5590e6aa31e,CUST00020,2026-07-17 05:49:49.379834,2618.92,ATM Withdrawal,Rose Hill,0
81949c31-6279-48a2-9192-16a4503a9de8,CUST00132,2026-07-17 05:53:40.379834,417.33,Pharmacy,Beau Bassin,0
fee95b89-5c60-4feb-ac86-f4192d1b79f0,CUST00118,2026-07-17 05:57:06.379834,1716.73,Grocery,Flacq,0
d61647c9-4d15-41ec-a3c0-211149a91bf6,CUST00163,2026-07-17 06:04:49.379834,1679.93,ATM Withdrawal,Rose Hill,0
e61ce2a9-3ba5-4764-8b10-4a742d342813,CUST00069,2026-07-17 06:12:15.379834,5019.11,Electronics,Rose Hill,0
c803e9a2-4c49-476b-85ad-a4c6124d82cf,CUST00149,2026-07-17 06:19:30.379834,448.92,Travel,Beau Bassin,0
fd547ed5-291c-491f-b941-2510cac20b3c,CUST00195,2026-07-17 06:21:11.379834,1470.14,Pharmacy,Mahebourg,0
d9efef00-e4ce-4abc-b5dc-2e2e9ac67179,CUST00043,2026-07-17 06:22:17.379834,1232.48,Restaurant,Bogota,1
e64468ff-9622-4d32-864c-302a0ccd81b1,CUST00151,2026-07-17 06:27:19.379834,5444.0,Utility Bill,Mahebourg,0
35e887ac-5fff-42a3-8fe7-490920e5776c,CUST00093,2026-07-17 06:31:12.379834,1300.36,Pharmacy,Rose Hill,0
1520b1df-9f8e-447e-ab91-27601e1015e3,CUST00040,2026-07-17 06:47:53.379834,1986.21,ATM Withdrawal,Beau Bassin,0
8e808d23-2aa5-474a-820b-371cc4d822f6,CUST00188,2026-07-17 06:54:43.379834,659.86,Travel,Curepipe,0
0e3492d2-463b-4068-94a0-76427388366f,CUST00163,2026-07-17 06:58:49.379834,2057.47,Travel,Rose Hill,0
4b44967b-16c8-4b13-bbd1-e25c0f8d07a5,CUST00161,2026-07-17 07:06:41.379834,333.21,Utility Bill,Rose Hill,0
1d0d1c7a-f76a-4e50-8174-16e4fed985f0,CUST00122,2026-07-17 07:11:25.379834,747.82,ATM Withdrawal,Flacq,0
af4c7c66-2df6-48eb-b03f-83532782d50d,CUST00141,2026-07-17 07:13:33.379834,163.51,Travel,Quatre Bornes,0
158c1506-6c3f-4d1e-b651-c82ac1a199e4,CUST00128,2026-07-17 07:15:03.379834,2265.56,Utility Bill,Port Louis,0
b4507f7c-52eb-4756-8264-d3074d3733be,CUST00040,2026-07-17 07:20:52.379834,2360.09,Travel,Beau Bassin,0
0d6f2758-e4a4-43c2-bbf0-3f74517b6542,CUST00114,2026-07-17 07:25:06.379834,2619.38,Restaurant,Jakarta,1
77a4e6c2-9ac9-4f7e-ac22-d4177a98f4f9,CUST00160,2026-07-17 07:58:17.379834,4076.4,ATM Withdrawal,Vacoas,0
0ae8779a-376a-4ecf-a351-cf9b1a8a8855,CUST00141,2026-07-17 08:07:17.379834,91.04,Restaurant,Quatre Bornes,0
5c7b327f-a0fa-439b-89f4-dcfa18d6ae78,CUST00113,2026-07-17 08:25:01.379834,2436.89,Travel,Curepipe,0
6a668f59-6da4-45f5-a64a-a03415b135d8,CUST00024,2026-07-17 08:36:54.379834,1790.02,Electronics,Grand Baie,0
af2628e2-b5d3-4c87-9eaf-cbbcd09cb396,CUST00110,2026-07-17 08:37:30.379834,399.28,Online Retail,Quatre Bornes,0
40e70b2b-d3a5-4c89-9a91-ef295f52b43f,CUST00084,2026-07-17 08:56:31.379834,3137.59,Electronics,Rose Hill,0
021935f0-da35-4be6-8a26-568f2fcbe9d2,CUST00113,2026-07-17 09:09:17.379834,1337.65,Pharmacy,Curepipe,0
da0516e3-9df1-456f-9d42-219524486b72,CUST00182,2026-07-17 09:15:14.379834,3206.33,Fuel Station,Vacoas,0
b262b9a0-f7f5-41b5-b7a1-bbb82b3cacad,CUST00162,2026-07-17 09:53:55.379834,726.16,Pharmacy,Port Louis,0
2a530b28-053b-456b-af6e-eec325800563,CUST00015,2026-07-17 10:26:59.379834,484.82,Travel,Rose Hill,0
c1efc45b-1a02-46ea-b2f6-0d9e04b0db1b,CUST00048,2026-07-17 10:29:07.379834,1239.76,Fuel Station,Curepipe,0
dfc64e12-a80b-4660-bbcf-4e218673ece4,CUST00192,2026-07-17 11:06:59.379834,1027.78,Travel,Beau Bassin,0
3a8c0288-1f13-4645-85a9-e66e1448f975,CUST00174,2026-07-17 11:12:48.379834,3127.72,Pharmacy,Quatre Bornes,0
27e225ee-df23-4b88-a936-48a5cb4210b8,CUST00178,2026-07-17 11:34:00.379834,1154.09,Fuel Station,Flacq,0
00a08795-b335-4edf-8786-8dbc959c0d07,CUST00045,2026-07-17 11:37:38.379834,4182.26,Grocery,Mahebourg,0
212d8e5d-19d9-49af-8415-dc37f8d6fb0f,CUST00127,2026-07-17 11:44:14.379834,2548.44,Restaurant,Mahebourg,0
4d1c2289-745f-4045-97f6-9346d45b2eb5,CUST00041,2026-07-17 11:46:34.379834,2059.49,Travel,Tamarin,0
bf6ae6e4-8ea2-4c22-9da5-02c8d3de4655,CUST00018,2026-07-17 11:58:22.379834,1648.61,Electronics,Port Louis,0
fa0e5414-f8b4-4937-ba53-58a9f1ae119c,CUST00160,2026-07-17 12:04:38.379834,3865.92,Utility Bill,Vacoas,0
5083deaa-171a-4629-a055-2e44e1c3c968,CUST00074,2026-07-17 12:23:12.379834,3233.38,Online Retail,Mahebourg,0
5aeee490-439c-4b60-be8b-112990dbbbf9,CUST00078,2026-07-17 12:25:34.379834,311.77,Pharmacy,Flacq,0
ac944545-fd0f-4a2c-936b-e71ba249bd2b,CUST00105,2026-07-17 12:49:42.379834,1817.65,Electronics,Flacq,0
901c37d9-6959-40f7-9464-ef26a9a90a73,CUST00165,2026-07-17 12:54:12.379834,1266.58,Restaurant,Curepipe,0
111f9377-da17-4426-9578-03073e91d69a,CUST00152,2026-07-17 12:58:06.379834,2038.92,Utility Bill,Mahebourg,0
74e6098c-de2b-482e-99d6-b8d21e7bea85,CUST00114,2026-07-17 13:05:10.379834,1919.47,ATM Withdrawal,Port Louis,0
c569a975-300b-48db-8fc3-2917dfa6cfe7,CUST00059,2026-07-17 13:13:46.379834,2118.08,Online Retail,Curepipe,0
2f267450-b72b-4410-b01f-1e25b5a17936,CUST00014,2026-07-17 13:23:18.379834,579.87,Entertainment,Rose Hill,0
7a831011-2993-4726-b9e3-b41e80e2e0af,CUST00009,2026-07-17 13:23:35.379834,154.7,ATM Withdrawal,Tamarin,0
38061538-2aa9-4cfe-9129-0b12996386f0,CUST00013,2026-07-17 13:29:27.379834,1381.74,Travel,Curepipe,0
78c34d42-577e-4695-b5b1-bc46cab380e4,CUST00011,2026-07-17 13:31:50.379834,1681.01,Electronics,Port Louis,0
0cd55df6-cce6-44bd-8797-32827e614586,CUST00130,2026-07-17 13:45:33.379834,2533.4,Utility Bill,Mahebourg,0
6ee725cd-39c5-4138-8db5-720190ca38d5,CUST00020,2026-07-17 13:54:00.379834,3537.68,Online Retail,Rose Hill,0
a48b2946-f4b4-4979-9b8a-417801a28f59,CUST00190,2026-07-17 13:56:14.379834,4273.71,Travel,Rose Hill,0
90f89bf7-dbfa-4faf-bd68-8dee0f75c4b4,CUST00162,2026-07-17 13:58:20.379834,547.77,Online Retail,Port Louis,0
ddd13cd3-9a40-4c7b-b12d-0b69e6ee512e,CUST00071,2026-07-17 14:07:45.379834,1992.95,Online Retail,Curepipe,0
dc747efe-518f-4c91-af96-29c7b7596529,CUST00003,2026-07-17 14:12:14.379834,894.07,Restaurant,Rose Hill,0
d0b1def6-539e-4388-b7e1-5a728fb34b0f,CUST00092,2026-07-17 14:15:39.379834,703.29,Entertainment,Beau Bassin,0
6b475e50-b481-4164-859d-b6e2eb25c749,CUST00169,2026-07-17 14:26:27.379834,3071.36,ATM Withdrawal,Mahebourg,0
9ef26092-2dda-4950-a688-2a2ee4bf1cd1,CUST00084,2026-07-17 14:40:44.379834,4103.53,Entertainment,Rose Hill,0
c724de44-f8c6-4716-bca4-d6f582bd9d75,CUST00060,2026-07-17 14:57:31.379834,454.03,Entertainment,Rose Hill,0
00e93a18-a574-4610-94bd-11ac948e0c81,CUST00062,2026-07-17 14:59:47.379834,2412.56,Online Retail,Lagos,1
8171cb69-9e09-4522-bcb0-062f8f2fe889,CUST00012,2026-07-17 15:16:28.379834,3594.21,Entertainment,Port Louis,0
284f42ac-966f-4014-a1ef-97f8ba910bfa,CUST00037,2026-07-17 15:25:41.379834,832.04,Grocery,Flacq,0
9e75317a-06d8-4395-8b8d-6c66f022fc06,CUST00013,2026-07-17 15:38:31.379834,829.65,Restaurant,Curepipe,0
efd24a2f-1504-45ee-a5e1-3043b833f079,CUST00164,2026-07-17 15:41:23.379834,568.87,Restaurant,Tamarin,0
7d41d2ea-92e1-4c70-b3f2-1a9170e6e439,CUST00083,2026-07-17 15:49:42.379834,1102.52,Restaurant,Port Louis,0
ba197248-b735-490c-b366-8e314582d5d8,CUST00046,2026-07-17 16:04:17.379834,3357.65,Utility Bill,Bogota,1
830c442d-232d-4610-9683-20386bddf4eb,CUST00191,2026-07-17 16:28:41.379834,927.42,Restaurant,Curepipe,0
a0736ee4-1c91-44d0-86ee-120df1132a67,CUST00062,2026-07-17 16:33:19.379834,755.34,Travel,Flacq,0
3e603e32-e77d-4752-8188-10261cec67e1,CUST00137,2026-07-17 16:43:31.379834,1021.53,Restaurant,Grand Baie,0
044cedf2-99c3-4cd5-a796-cc26986da57f,CUST00115,2026-07-17 16:46:02.379834,1265.34,Travel,Curepipe,0
d0adec7d-8cc2-4f68-8106-ff33b535aeba,CUST00086,2026-07-17 16:47:00.379834,167.91,Fuel Station,Beau Bassin,0
3cba2b95-0bc2-4bb2-8eda-dbd8bf04b9f0,CUST00104,2026-07-17 16:47:24.379834,1645.52,Entertainment,Tamarin,0
1f1364d3-02ba-4666-8952-2bc2a1fd3fd2,CUST00025,2026-07-17 16:50:55.379834,1121.5,Utility Bill,Tamarin,0
644172d2-5614-4a25-b563-f4f8c882e171,CUST00015,2026-07-17 16:51:15.379834,1100.41,Grocery,Rose Hill,0
05d6b34e-779b-4980-98ef-fd9212ee45a6,CUST00033,2026-07-17 16:52:31.379834,2207.34,Online Retail,Rose Hill,0
bd84faee-8a60-40ca-84d2-53fe1e836a61,CUST00142,2026-07-17 16:58:20.379834,1944.3,Pharmacy,Mahebourg,0
b4123d39-42c7-4f98-9b69-7f5fd4bb7e10,CUST00176,2026-07-17 17:44:21.379834,309.44,Restaurant,Mahebourg,0
71482e34-c68c-473c-a0aa-0f151d9f196b,CUST00019,2026-07-17 17:48:14.379834,2450.65,Entertainment,Mahebourg,1
3e3412c5-d121-4590-a1c1-e24d93b071ae,CUST00189,2026-07-17 17:57:24.379834,5707.57,Utility Bill,Rose Hill,0
f3c3336a-73f4-4132-9c40-5e207d87d671,CUST00034,2026-07-17 18:05:33.379834,2847.25,Entertainment,Beau Bassin,0
823c5afa-eda5-4179-9c07-65dea16f755a,CUST00167,2026-07-17 18:09:51.379834,321.42,Pharmacy,Grand Baie,0
fc48193c-c8c3-498d-bb47-3f88980d87f4,CUST00151,2026-07-17 18:16:00.379834,6379.38,Utility Bill,Mahebourg,0
ae0965b6-0070-4b91-95b8-3f60a02d8ade,CUST00018,2026-07-17 18:26:31.379834,1053.97,Travel,Port Louis,0
2fbb8b79-681d-4bd5-bd9e-ce93512f2136,CUST00012,2026-07-17 18:33:45.379834,2136.84,Fuel Station,Port Louis,0
f112a25a-49e0-4089-b237-a57b1c56c99c,CUST00120,2026-07-17 18:44:18.379834,414.9,Grocery,Curepipe,0
0b8e378c-c532-48ee-b629-f7e86ef4a94c,CUST00004,2026-07-17 18:52:51.379834,2316.59,Utility Bill,Rose Hill,0
702b733c-9b22-4f09-9c1c-89b2bbe8d4c3,CUST00105,2026-07-17 18:58:50.379834,1462.54,Online Retail,Flacq,0
02cf35d1-af23-4952-a1ec-d6969a6c88ea,CUST00137,2026-07-17 19:00:52.379834,873.22,ATM Withdrawal,Grand Baie,0
1fc8dea6-e7c0-4055-bf26-54e3b6e26228,CUST00105,2026-07-17 19:13:51.379834,1331.09,Online Retail,Flacq,0
14566448-e4d6-44f5-b109-40f2e4d687f8,CUST00063,2026-07-17 19:18:31.379834,1840.47,ATM Withdrawal,Vacoas,0
9267ad83-870d-416c-b707-3aff9fe17f6a,CUST00173,2026-07-17 19:21:58.379834,1740.56,Grocery,Mahebourg,0
315dc513-d46b-4f7a-89d7-85d5d5fc4e2f,CUST00043,2026-07-17 19:32:27.379834,1008.92,Entertainment,Port Louis,0
b40e15c3-3f26-4431-8cdc-fdbe6b28b5f0,CUST00145,2026-07-17 19:35:53.379834,13923.36,Travel,Mahebourg,1
25a0a0a1-5dd4-46f0-a6fe-e520cebbcf8d,CUST00163,2026-07-17 19:36:20.379834,2772.15,Entertainment,Rose Hill,0
d82a20f5-e0c6-4b77-8006-89002f66c6f8,CUST00108,2026-07-17 19:45:52.379834,3003.98,Online Retail,Beau Bassin,0
5ea256a7-49d3-4ff4-ac88-172bbb8c3b1e,CUST00035,2026-07-17 19:54:45.379834,4058.34,Grocery,Curepipe,0
46e81848-76a8-4593-afde-92e360d4b67d,CUST00109,2026-07-17 19:56:46.379834,783.2,Grocery,Rose Hill,0
283c6410-ef08-4b92-9d39-916255387ce8,CUST00163,2026-07-17 20:02:25.379834,722.99,Utility Bill,Rose Hill,0
85797632-39fe-40f1-b4c4-9474e6c51e94,CUST00018,2026-07-17 20:10:33.379834,1296.11,Fuel Station,Port Louis,0
8144052a-73d4-45da-b680-2704e7ed4e83,CUST00184,2026-07-17 20:20:22.379834,4102.64,Online Retail,Beau Bassin,0
ee934684-5b2c-4913-84a0-47a6f21cd83e,CUST00022,2026-07-17 20:41:02.379834,354.35,Pharmacy,Flacq,0
0b545ade-f9de-49e1-8783-e834651779dd,CUST00127,2026-07-17 20:47:50.379834,2373.05,Online Retail,Mahebourg,0
9b5b506c-dcd0-45a0-828b-79ce82978978,CUST00056,2026-07-17 20:49:48.379834,663.83,Travel,Port Louis,0
f5ed94d0-f079-4340-a785-8e6e45349a2e,CUST00020,2026-07-17 20:55:41.379834,2662.39,Pharmacy,Rose Hill,0
fd77e253-ce7a-404a-990b-794d69d40aaa,CUST00002,2026-07-17 21:08:08.379834,456.78,Fuel Station,Vacoas,0
70bf69f8-1de7-45b5-8761-a66aa74b98fd,CUST00103,2026-07-17 21:09:01.379834,1654.98,Restaurant,Kyiv,1
6234dfa6-e48d-4457-bdbc-3abbfb4a111d,CUST00094,2026-07-17 21:09:42.379834,2027.68,Fuel Station,Grand Baie,0
7a220201-2734-4fbb-9144-134c118c52cd,CUST00164,2026-07-17 21:11:05.379834,1354.63,Grocery,Tamarin,0
4fc80e8f-889a-47d8-aace-1aef85a66cd0,CUST00017,2026-07-17 21:18:50.379834,1410.93,Utility Bill,Tamarin,0
bf8b8aaf-65c1-47c0-a8e8-7ac5cb6e8d3d,CUST00076,2026-07-17 21:26:31.379834,522.65,Restaurant,Quatre Bornes,0
8beea94e-ddd4-4b97-adb2-726b1da16b0a,CUST00157,2026-07-17 21:26:37.379834,355.07,Electronics,Port Louis,0
3df54f76-b52a-4b5b-84aa-bdd35d55c9f9,CUST00056,2026-07-17 21:29:49.379834,441.9,Electronics,Port Louis,0
0c16b4d5-e6ef-4f0d-b81a-5300970d0012,CUST00088,2026-07-17 21:38:50.379834,1043.19,Grocery,Vacoas,0
4692f4a1-6d60-4843-b2d7-83ab185f0e3c,CUST00186,2026-07-17 21:40:11.379834,904.04,Grocery,Mahebourg,0
7aa501d3-915a-422b-8f22-bec763a10139,CUST00152,2026-07-17 21:44:31.379834,3216.48,Entertainment,Mahebourg,0
43e9de9c-26a0-4170-af38-f51a678daaa4,CUST00046,2026-07-17 22:02:37.379834,2533.22,Pharmacy,Curepipe,0
e48cf0f4-a743-40b2-9ed4-b981780d6524,CUST00076,2026-07-17 22:07:38.379834,239.47,Electronics,Quatre Bornes,0
18bd5952-bf0f-4c87-895a-fa42f1c474e1,CUST00138,2026-07-17 22:12:38.379834,2737.13,Fuel Station,Port Louis,0
bfb9bf29-854c-4568-988e-be94d156e6e5,CUST00125,2026-07-17 22:20:28.379834,1560.05,Entertainment,Mahebourg,0
ff1ed591-e669-46f0-81e1-ea947905cfe7,CUST00037,2026-07-17 22:23:54.379834,1138.26,Fuel Station,Flacq,0
3330b4c6-f8bb-449b-ae56-0fe2ee0a6cab,CUST00102,2026-07-17 22:35:20.379834,868.59,Fuel Station,Mahebourg,0
f6419b09-5535-469c-9949-883c0828eabf,CUST00140,2026-07-17 22:52:50.379834,606.14,Restaurant,Mahebourg,0
1f39ff99-ef00-4da0-811a-596da0140d14,CUST00124,2026-07-17 22:53:31.379834,3525.34,Online Retail,Grand Baie,0
bc502261-fb74-4417-b40c-1c476bcf2146,CUST00185,2026-07-17 23:00:30.379834,1914.43,Utility Bill,Grand Baie,0
c3aaa181-e255-4df5-a03b-6fc3e6cd7498,CUST00133,2026-07-17 23:00:51.379834,3588.84,ATM Withdrawal,Curepipe,0
f65dcdf1-5aa3-4f61-b99b-5b333e7eb6a6,CUST00132,2026-07-17 23:33:51.379834,1375.62,Restaurant,Beau Bassin,0
562eae59-bf11-480c-ad1e-5a52afa7252f,CUST00093,2026-07-17 23:43:46.379834,1573.18,Online Retail,Rose Hill,0
12b8bab5-6fe2-4421-b3e7-77f6245680ff,CUST00144,2026-07-17 23:47:53.379834,1326.12,Electronics,Vacoas,0
d51cc3a8-b64c-4d14-81ff-18dc68d0937f,CUST00061,2026-07-17 23:48:49.379834,732.35,Utility Bill,Curepipe,0
2283fecb-483a-45c3-b741-af976948de74,CUST00018,2026-07-18 00:07:02.379834,1683.9,Online Retail,Port Louis,0
a6876c79-dbec-423b-a4e2-07b6321ef27f,CUST00026,2026-07-18 00:10:13.379834,1067.83,Entertainment,Vacoas,0
d8387f3a-19a5-4541-8d63-2c7906d66902,CUST00050,2026-07-18 00:17:34.379834,672.47,Fuel Station,Vacoas,0
aa057554-f7bb-4ccd-bd0e-eda0f141ae9f,CUST00008,2026-07-18 00:41:05.379834,2208.19,Pharmacy,Curepipe,0
ea5683bc-a215-423d-8bdf-9566e6478b20,CUST00111,2026-07-18 00:41:13.379834,1829.13,Travel,Mahebourg,0
7a1f5a63-a45f-49b1-a389-4634c54635d6,CUST00120,2026-07-18 01:07:43.379834,1771.14,ATM Withdrawal,Lagos,1
10f07a0e-759c-4a64-8a8d-040ff9becde6,CUST00051,2026-07-18 01:20:02.379834,1063.31,Utility Bill,Tamarin,0
a8a061d5-fdc3-4688-bda1-ca774d2e95ec,CUST00136,2026-07-18 01:25:25.379834,2450.45,Restaurant,Quatre Bornes,0
7c501795-4304-46c5-a971-8dde78101587,CUST00138,2026-07-18 01:35:01.379834,2237.32,Pharmacy,Port Louis,0
26c49e30-5166-417c-b915-9c3587e268d0,CUST00072,2026-07-18 01:35:11.379834,2750.5,Pharmacy,Tamarin,0
9e5b1cd3-60c4-469b-838c-a25e9ada4c48,CUST00033,2026-07-18 01:44:14.379834,1344.52,Utility Bill,Rose Hill,0
dead126c-13a9-4b82-b44a-ffc0b056dcc2,CUST00080,2026-07-18 01:46:33.379834,545.33,Grocery,Mahebourg,0
fdee6fb6-3e4a-47ba-b01a-1b0da2525557,CUST00091,2026-07-18 01:49:50.379834,2475.23,Fuel Station,Tamarin,0
66d8cec3-458a-4ed1-8d3f-84e47bee2e9a,CUST00186,2026-07-18 01:53:01.379834,1929.04,Travel,Mahebourg,0
9c71eaf3-caac-459b-8893-ccec71c2a78b,CUST00067,2026-07-18 01:57:55.379834,990.02,ATM Withdrawal,Beau Bassin,0
6a1ac973-38ac-4f38-8997-d4c74a48d010,CUST00097,2026-07-18 01:59:51.379834,925.55,Pharmacy,Quatre Bornes,0
d162d82b-7ba6-499c-b8fb-0f3e386999a5,CUST00076,2026-07-18 02:01:49.379834,473.53,Electronics,Quatre Bornes,0
697d29c9-d980-43b4-911c-0a100d00fd47,CUST00134,2026-07-18 02:08:13.379834,168.97,Electronics,Vacoas,0
41692c37-2c4f-4faf-8469-32b04f9534f4,CUST00048,2026-07-18 02:15:55.379834,1509.0,Entertainment,Curepipe,0
543c7e73-a6e2-4e69-8a51-12f42beda643,CUST00178,2026-07-18 02:52:25.379834,1448.89,Pharmacy,Flacq,0
d5404eb2-94f3-48e1-82af-82cb5e0af959,CUST00023,2026-07-18 03:09:15.379834,1794.04,Entertainment,Rose Hill,0
6325ef83-b107-466d-84b1-463a4600ccad,CUST00008,2026-07-18 03:09:59.379834,1750.26,Restaurant,Curepipe,0
9c1144b7-9bd0-44ad-88e0-72fee4eeace2,CUST00136,2026-07-18 03:25:17.379834,2511.15,Fuel Station,Quatre Bornes,0
6ef29fd9-0acd-4a3e-9919-434051f0ac49,CUST00194,2026-07-18 03:33:08.379834,3929.98,Utility Bill,Tamarin,0
ff3aec71-04dd-435e-92e4-6d85fc69996d,CUST00169,2026-07-18 03:44:25.379834,2019.34,Online Retail,Mahebourg,0
b74f04f6-f8e1-4e6d-a51c-6ad91dc37d00,CUST00091,2026-07-18 03:51:05.379834,1607.37,Online Retail,Tamarin,0
bcf73449-0d7f-4f15-a917-0c073ec2140a,CUST00040,2026-07-18 04:16:04.379834,1631.38,Entertainment,Beau Bassin,0
9f470d20-8a23-4e09-a186-34e10d318e39,CUST00080,2026-07-18 04:22:51.379834,436.8,Pharmacy,Mahebourg,0
bfcf508b-24c5-4177-a64e-cdf5a73d10c7,CUST00095,2026-07-18 04:51:03.379834,613.65,Utility Bill,Flacq,0
e2136198-29a3-4022-94e4-9e02ab3982fd,CUST00046,2026-07-18 05:04:01.379834,1430.25,ATM Withdrawal,Curepipe,0
f0765d3e-a618-4eb9-b765-4c9c066aa673,CUST00106,2026-07-18 05:29:59.379834,737.12,ATM Withdrawal,Tamarin,0
d7b37aa5-a3a9-432e-a7dd-bb580968ae78,CUST00015,2026-07-18 05:40:09.379834,1006.41,Entertainment,Rose Hill,0
8cacc63e-d531-4107-b831-82480bee50e9,CUST00180,2026-07-18 05:42:46.379834,8332.03,Fuel Station,Mahebourg,1
3ebd785a-2952-4f8a-8e96-ce29a84cdfca,CUST00057,2026-07-18 05:50:04.379834,1462.95,Utility Bill,Rose Hill,0
06990273-d00c-4a87-85f6-a1e56f4f1b69,CUST00128,2026-07-18 06:05:20.379834,1235.81,Restaurant,Port Louis,0
1081b04c-7253-4afa-a5c9-eeb3f77d3fee,CUST00130,2026-07-18 06:12:45.379834,2217.71,ATM Withdrawal,Mahebourg,0
d53f8ccd-2f89-4bab-a07b-c82dc1c257db,CUST00095,2026-07-18 06:14:12.379834,798.01,Travel,Flacq,0
a4ddc7d7-0e25-48b0-b8fb-22a69e59e25d,CUST00147,2026-07-18 06:14:30.379834,600.53,ATM Withdrawal,Rose Hill,0
e6b02ef8-af38-4979-98a0-6449c1c4a52a,CUST00163,2026-07-18 06:18:32.379834,2298.89,Fuel Station,Rose Hill,0
57d5ec88-68de-47c7-87da-e5f9129f35f8,CUST00029,2026-07-18 06:25:03.379834,3273.29,ATM Withdrawal,Flacq,0
3424787a-99c3-4c31-a2a3-75d6c93ee5d4,CUST00161,2026-07-18 06:43:47.379834,349.18,Grocery,Rose Hill,0
56d7b8db-acd1-4f3a-a3ed-9c9a5b311760,CUST00034,2026-07-18 06:55:21.379834,2612.23,Grocery,Beau Bassin,0
95a8359b-e340-492a-be8e-a841e720f713,CUST00043,2026-07-18 06:56:25.379834,533.6,Restaurant,Port Louis,0
c213fe44-bf2f-4c61-ab3e-fbd4bcd29003,CUST00079,2026-07-18 07:02:30.379834,1249.72,Entertainment,Vacoas,0
7c386031-687d-454a-a5d3-74da1b47d02a,CUST00030,2026-07-18 07:12:33.379834,1354.36,ATM Withdrawal,Beau Bassin,0
da0f5148-f9d5-4829-938c-edb8af804714,CUST00181,2026-07-18 07:22:13.379834,1468.83,Pharmacy,Rose Hill,0
07e772eb-b4d5-4f3f-aa38-f54c6aa12b22,CUST00056,2026-07-18 07:24:37.379834,813.03,Entertainment,Port Louis,0
7c25ed66-4488-401f-811b-e4968edfb84f,CUST00022,2026-07-18 08:05:17.379834,516.99,ATM Withdrawal,Flacq,0
80a2938d-edeb-481b-8ec1-a70ee2d91fa1,CUST00010,2026-07-18 08:08:15.379834,525.56,Pharmacy,Flacq,0
cd9faf2b-d549-4403-b29c-5794d523a6b1,CUST00111,2026-07-18 08:23:11.379834,1654.74,Grocery,Mahebourg,0
8a57c34a-ae0c-4bbd-be06-20a0fad04f63,CUST00130,2026-07-18 08:32:56.379834,1384.95,Travel,Mahebourg,0
520f4c4b-54ea-4a40-a26f-37a0ce986170,CUST00090,2026-07-18 08:55:09.379834,1827.45,Travel,Rose Hill,0
a4b08b05-c9b2-4d78-923b-b5606b5f31bb,CUST00062,2026-07-18 09:04:14.379834,960.94,Online Retail,Flacq,0
1c7e385a-8c08-473a-a71d-f1199b9ef5cc,CUST00147,2026-07-18 09:06:26.379834,842.27,Travel,Rose Hill,0
03e4dbf0-c7a0-44db-aa01-8dec616ed4a6,CUST00112,2026-07-18 09:18:15.379834,912.13,Electronics,Grand Baie,0
bd4efe4a-2dfc-4f5c-89f9-3b321ef23033,CUST00166,2026-07-18 09:32:14.379834,4062.39,Restaurant,Curepipe,0
881609f9-2005-4c1b-a9cc-a9462a29280e,CUST00091,2026-07-18 09:47:25.379834,2009.31,Fuel Station,Tamarin,0
b7ba2624-bb4b-471e-9399-2ce89bc01f05,CUST00134,2026-07-18 09:53:18.379834,233.51,Electronics,Vacoas,0
096ccc58-a7f4-43e5-af50-dcffb9bd833a,CUST00073,2026-07-18 10:30:55.379834,2594.75,Online Retail,Quatre Bornes,0
3aa173af-6dbc-4290-9594-fb83d321a2e0,CUST00023,2026-07-18 10:58:59.379834,2022.35,Travel,Rose Hill,0
1f9ed3d9-4681-483d-b7a9-497af154394a,CUST00136,2026-07-18 11:04:00.379834,2344.99,Grocery,Quatre Bornes,0
919a1655-6cbf-4716-ba96-fe1549103465,CUST00135,2026-07-18 11:08:01.379834,556.35,Online Retail,Flacq,0
1a10ea74-99f5-4990-9143-7a29c692c787,CUST00002,2026-07-18 11:16:36.379834,1591.38,Utility Bill,Vacoas,0
aa35a915-5a43-4184-9251-851adae2838d,CUST00153,2026-07-18 11:17:52.379834,1893.37,Grocery,Port Louis,0
159a2a07-9514-49ef-9ade-4878a04f0220,CUST00142,2026-07-18 11:23:25.379834,1440.0,Restaurant,Mahebourg,0
62f55ae0-73cc-4f27-b2c6-be5af2f63f35,CUST00149,2026-07-18 11:42:06.379834,512.91,Travel,Beau Bassin,0
2d762db1-5096-477c-8c8b-93f3bd81aa04,CUST00054,2026-07-18 11:42:37.379834,1487.89,Travel,Rose Hill,0
70dc2d20-6d09-4df1-9f18-9d2b40f6cb51,CUST00146,2026-07-18 11:46:07.379834,4225.67,Entertainment,Tamarin,0
1b7590c2-51de-4aa6-90ee-efaae0e1f94d,CUST00195,2026-07-18 11:54:20.379834,459.1,Travel,Mahebourg,0
79a4a717-3a00-481a-9b8e-5ccfeba26fb9,CUST00100,2026-07-18 12:04:55.379834,2175.6,Online Retail,Rose Hill,0
ca805219-56a5-40a3-9a43-4b3a51afa008,CUST00010,2026-07-18 12:08:10.379834,541.63,Pharmacy,Flacq,0
08d911eb-0265-4464-871c-3f5bb4b50a7a,CUST00197,2026-07-18 12:16:38.379834,498.89,ATM Withdrawal,Tamarin,0
3494477f-60d2-4d66-8579-4f09aeea4a04,CUST00088,2026-07-18 12:25:35.379834,1376.83,Online Retail,Vacoas,0
8459d524-9fc5-4452-af90-61747a85a2b2,CUST00197,2026-07-18 12:41:07.379834,599.8,Restaurant,Tamarin,0
a537eb3b-da3f-4620-bcf2-5ad07e83a7ea,CUST00052,2026-07-18 12:45:09.379834,2482.99,Grocery,Beau Bassin,0
8a915b57-7a01-479f-8c35-f358433f1b0b,CUST00097,2026-07-18 12:53:12.379834,1171.6,Travel,Quatre Bornes,0
ff15dc3e-8519-4ed3-b770-4aab1eef376f,CUST00145,2026-07-18 13:00:49.379834,1814.33,Utility Bill,Mahebourg,0
faa9acc5-85d2-417a-819d-23d552ebfa21,CUST00025,2026-07-18 13:04:43.379834,1589.96,Utility Bill,Tamarin,0
f254b58b-307d-436c-a54d-d7a93f001756,CUST00074,2026-07-18 13:09:00.379834,3908.38,Pharmacy,Mahebourg,0
01bad524-158b-4c59-83fa-8303ce69f368,CUST00193,2026-07-18 13:36:14.379834,296.56,Entertainment,Port Louis,0
04fd4796-677a-4a1b-a6c4-8bff842b1a2a,CUST00188,2026-07-18 13:36:48.379834,397.02,Grocery,Curepipe,0
b4400299-f3b5-42e8-9cce-6c688253acae,CUST00035,2026-07-18 13:38:12.379834,3113.03,ATM Withdrawal,Curepipe,0
164768d5-1357-404b-b2e7-6cbffb609883,CUST00174,2026-07-18 13:39:09.379834,2202.38,Utility Bill,Quatre Bornes,0
2ff20632-6d86-4598-aeb9-b422380a1f83,CUST00098,2026-07-18 13:41:11.379834,727.51,Pharmacy,Vacoas,0
43f8068a-f203-4d81-846a-b853c84ba913,CUST00184,2026-07-18 13:42:49.379834,4131.84,ATM Withdrawal,Beau Bassin,0
544c5bf1-92c4-482d-9a59-fcd87ecb226b,CUST00190,2026-07-18 13:59:18.379834,3271.67,Online Retail,Rose Hill,0
604c47b0-1360-47cc-acfd-bf20d1e7607c,CUST00063,2026-07-18 13:59:40.379834,1482.24,Travel,Vacoas,0
676501e1-fbf7-4a41-9c97-71721b165c8c,CUST00121,2026-07-18 14:00:04.379834,1233.2,Fuel Station,Flacq,0
b68be76b-8a93-4b19-a320-d94bd309dc2d,CUST00054,2026-07-18 14:10:07.379834,1523.17,Online Retail,Rose Hill,0
63a3f0f6-379b-43c1-8ec7-47fe8d160c06,CUST00182,2026-07-18 14:12:24.379834,1477.4,Travel,Vacoas,0
6f1c44b9-08cf-46e6-8790-5b632c233dae,CUST00091,2026-07-18 14:16:11.379834,1031.25,Grocery,Tamarin,0
7dd237d3-fe1d-44d5-b1e4-5b00d65c6518,CUST00081,2026-07-18 14:40:53.379834,2942.07,Entertainment,Rose Hill,0
89ba23de-5882-4259-a9f4-1c0233ec8a2a,CUST00020,2026-07-18 14:41:11.379834,2341.85,Pharmacy,Rose Hill,0
871676c2-313e-4481-9dbb-500bcd56b6ce,CUST00122,2026-07-18 14:42:23.379834,946.57,Fuel Station,Flacq,0
b98977b1-f3ad-4933-8ccc-5027877b54a7,CUST00111,2026-07-18 14:43:58.379834,1572.56,Pharmacy,Mahebourg,0
9dc2be85-cf1b-4086-a0af-31d1acd878e9,CUST00017,2026-07-18 15:01:53.379834,1267.86,Pharmacy,Tamarin,0
ce8a0294-b521-42d1-b43d-dee810be845a,CUST00130,2026-07-18 15:04:37.379834,2781.81,Fuel Station,Mahebourg,0
afcece56-2cb8-43ea-9e69-e525fb7dbd91,CUST00064,2026-07-18 15:06:03.379834,1613.6,Entertainment,Grand Baie,0
72f1dc28-e387-47ed-9f65-9dbc9207b731,CUST00150,2026-07-18 15:06:08.379834,1419.18,Electronics,Quatre Bornes,0
cba01b3c-b443-4e6c-b6a2-e3b9633d18ba,CUST00113,2026-07-18 15:23:01.379834,2357.94,Grocery,Curepipe,0
bf301c7c-d02c-47d7-a362-123ae0e7ad2d,CUST00073,2026-07-18 15:26:26.379834,2480.63,ATM Withdrawal,Quatre Bornes,0
cebef0d7-c544-47df-aef5-6a4e96674e13,CUST00024,2026-07-18 15:33:04.379834,1021.0,Online Retail,Grand Baie,0
47c634a3-a3a7-4c2a-a3b1-92cfff86a295,CUST00138,2026-07-18 15:44:03.379834,2209.58,Fuel Station,Port Louis,0
dd562aed-a0e6-4108-9d06-19d164f2bd1e,CUST00005,2026-07-18 15:48:11.379834,1997.08,Pharmacy,Quatre Bornes,0
1e9b7597-8884-4141-a2a6-1224a7c5a033,CUST00198,2026-07-18 16:09:33.379834,883.17,Fuel Station,Rose Hill,0
5ca913cf-f1dd-411e-b0e9-18e003d32a1c,CUST00156,2026-07-18 16:09:38.379834,2257.07,Utility Bill,Grand Baie,0
8b6b9566-1b77-49e3-81c1-b9a4f7ee2ccb,CUST00005,2026-07-18 16:19:50.379834,2450.88,Grocery,Quatre Bornes,0
2c81fc86-1524-46b0-9cee-1e033653ff6e,CUST00018,2026-07-18 16:21:11.379834,1496.71,Fuel Station,Port Louis,0
cc140301-831d-4c72-889b-b971c3743145,CUST00088,2026-07-18 16:23:44.379834,1867.96,Pharmacy,Vacoas,0
beb1c5cf-3504-4c94-b535-32fe159ba956,CUST00124,2026-07-18 16:29:38.379834,3825.89,Grocery,Grand Baie,0
cd2cdb57-b093-42ad-bc1b-6e3586126b23,CUST00172,2026-07-18 16:33:24.379834,856.69,Utility Bill,Grand Baie,0
06e70161-7c6f-4b7d-8a8e-d7b6708f4bee,CUST00199,2026-07-18 16:51:26.379834,1015.32,Utility Bill,Port Louis,0
82d73643-1404-4bf3-bb8d-ef733ec28f20,CUST00053,2026-07-18 17:05:19.379834,1909.95,Pharmacy,Tamarin,0
c2745772-ae53-45df-8b35-ef484e356dc2,CUST00119,2026-07-18 17:08:58.379834,383.12,ATM Withdrawal,Tamarin,0
8c14193c-b49f-4467-bdca-96daed92360a,CUST00004,2026-07-18 17:09:12.379834,3991.21,Utility Bill,Rose Hill,0
e6324dc3-1af9-468a-b0c9-7f7c1f14fd87,CUST00176,2026-07-18 17:13:07.379834,775.96,Electronics,Mahebourg,0
036caacb-61e2-4ac1-9b5f-c72686e8aa52,CUST00019,2026-07-18 17:21:18.379834,677.49,Entertainment,Mahebourg,0
1f857481-ce26-44bd-a17a-871376fe5daa,CUST00139,2026-07-18 17:35:47.379834,1040.61,Restaurant,Vacoas,0
ff378a30-3127-497e-a3bd-3786e48926f8,CUST00099,2026-07-18 17:53:04.379834,2608.53,Entertainment,Quatre Bornes,0
c281f626-41b1-4677-80bb-8d4da9ad73c3,CUST00136,2026-07-18 17:53:10.379834,2746.42,Restaurant,Quatre Bornes,0
edbfe560-c9a6-41f8-aeb5-aa1f59d7f1d2,CUST00057,2026-07-18 17:55:07.379834,1470.31,Grocery,Rose Hill,0
3cbe97ba-ad0d-4c4b-9f31-da9de0015a12,CUST00165,2026-07-18 17:56:57.379834,526.57,Utility Bill,Curepipe,0
30e0057d-a5e1-4abe-9dfe-28f03b998c3d,CUST00122,2026-07-18 17:58:10.379834,1358.2,Restaurant,Flacq,0
99846e08-ec99-42db-bb22-c8bb419221a4,CUST00193,2026-07-18 18:05:08.379834,761.12,Utility Bill,Port Louis,0
8b55036a-a9f3-46e7-8ce5-7878f5d9db0d,CUST00149,2026-07-18 18:06:26.379834,123.44,ATM Withdrawal,Beau Bassin,0
5aca3f01-13d5-4c6f-acd3-491909ecbd47,CUST00037,2026-07-18 18:22:55.379834,917.08,ATM Withdrawal,Flacq,0
d6818052-581f-4f06-bbae-83fb33915b7f,CUST00075,2026-07-18 18:24:04.379834,414.39,Electronics,Rose Hill,0
f8b1fd7e-0c64-48a5-b111-b7708bde65d6,CUST00088,2026-07-18 18:24:42.379834,1208.9,Online Retail,Vacoas,0
c46870eb-8334-469d-8d58-91d4732bd8b8,CUST00146,2026-07-18 18:24:56.379834,3135.49,Grocery,Tamarin,0
bbe13468-5aa5-4b2a-84e4-c9ed165df69b,CUST00189,2026-07-18 18:27:42.379834,5705.95,Grocery,Rose Hill,0
01ce8472-a55c-4678-979a-b5d9135453a3,CUST00009,2026-07-18 18:28:07.379834,176.83,Utility Bill,Tamarin,0
6a136a14-a147-449a-9de7-ea0c258020e3,CUST00153,2026-07-18 18:32:45.379834,2368.95,Utility Bill,Port Louis,0
e6ea2303-d1c6-4f4f-a769-33617890610f,CUST00119,2026-07-18 18:45:03.379834,326.31,Electronics,Tamarin,0
dc4d4441-b21b-4432-828b-0870f958fc05,CUST00098,2026-07-18 19:01:49.379834,575.09,Travel,Vacoas,0
b87b6b66-5849-45fa-8e91-fc5222fe6761,CUST00171,2026-07-18 19:06:25.379834,983.87,Travel,Quatre Bornes,0
0f1d4950-bf61-4af7-97c0-9bc4916d69fc,CUST00153,2026-07-18 19:15:36.379834,1026.09,Travel,Port Louis,0
2f0f04a1-c6ca-4758-b86f-4ecec210822e,CUST00114,2026-07-18 19:16:13.379834,1608.25,Travel,Port Louis,0
0f2360a9-4da9-424d-aefb-975093a8ab5e,CUST00188,2026-07-18 19:19:41.379834,846.64,Pharmacy,Curepipe,0
e5f92e2a-308f-4b26-91ab-0f1816bbda39,CUST00012,2026-07-18 19:20:06.379834,2619.35,Travel,Port Louis,0
cfba96ad-36f3-4fcc-a4b2-130bad45bc53,CUST00128,2026-07-18 19:29:29.379834,878.6,ATM Withdrawal,Port Louis,0
d4b29737-94c2-4561-84e2-95d00bf3c01a,CUST00122,2026-07-18 19:31:57.379834,665.22,Travel,Flacq,0
efca4dec-e9c1-444f-bc2b-127d4d681112,CUST00116,2026-07-18 19:37:15.379834,559.45,Pharmacy,Quatre Bornes,0
76552cdf-73b7-4dea-9da6-da7e30f338cc,CUST00066,2026-07-18 19:41:20.379834,198.27,Electronics,Quatre Bornes,0
8d803b40-6bc1-44df-8ea9-beaf70331426,CUST00158,2026-07-18 19:57:35.379834,2822.55,Travel,Curepipe,0
25911194-695d-45b6-ac7e-df2bac7c954d,CUST00015,2026-07-18 20:04:45.379834,1188.29,ATM Withdrawal,Rose Hill,0
caeffc8f-7215-4705-84ae-f3d91c5751bc,CUST00029,2026-07-18 20:17:33.379834,1438.49,Pharmacy,Flacq,0
3e00c02f-f1ea-4e27-8c15-dcc96d01250e,CUST00171,2026-07-18 20:21:38.379834,766.12,Utility Bill,Quatre Bornes,0
79d6887b-df68-4aa1-accd-7f2bd282322d,CUST00007,2026-07-18 20:21:44.379834,2063.95,Restaurant,Mahebourg,0
147034a1-ba16-4918-a367-0980fcddedde,CUST00062,2026-07-18 20:42:15.379834,1072.45,Utility Bill,Flacq,0
8d006c6c-421b-460a-8bf6-13a8c976b145,CUST00189,2026-07-18 21:01:34.379834,5823.93,Travel,Rose Hill,0
1d0c5ef1-4ce2-4df4-b7d4-3fe811c8e0c5,CUST00078,2026-07-18 21:02:55.379834,219.91,Restaurant,Flacq,0
80522607-e49b-4d96-8123-456f09884948,CUST00090,2026-07-18 21:08:25.379834,2012.73,Restaurant,Rose Hill,0
1592a0b3-af5a-40ae-b51b-d1b059f375da,CUST00120,2026-07-18 21:16:10.379834,699.4,Travel,Curepipe,0
b0db445d-e40b-4c4c-9086-f5300dc07b97,CUST00163,2026-07-18 21:32:10.379834,2009.07,Travel,Rose Hill,0
28f04e67-986e-467d-abeb-bbdd3e135fd2,CUST00162,2026-07-18 21:45:55.379834,180.25,Grocery,Port Louis,0
89e104bc-4629-4bdb-88bc-ca4f26c05549,CUST00100,2026-07-18 21:53:49.379834,1161.61,Restaurant,Rose Hill,0
eca93630-f240-4376-b9a0-8836f1b3d8b7,CUST00019,2026-07-18 22:18:34.379834,447.66,Entertainment,Mahebourg,0
0cf798be-5d49-4ea7-895c-70b4865f44cf,CUST00170,2026-07-18 22:30:45.379834,1266.5,Travel,Quatre Bornes,0
b166572e-9116-4e54-b33c-8e2fc388e96d,CUST00172,2026-07-18 22:48:03.379834,918.23,Restaurant,Grand Baie,0
ef6dd3a7-0927-4211-ad19-554b8a9cc2d7,CUST00170,2026-07-18 22:56:24.379834,1108.61,Restaurant,Quatre Bornes,0
6d07cef9-a224-41df-ac22-44b866e2daa9,CUST00163,2026-07-18 22:56:48.379834,1910.76,Grocery,Rose Hill,0
62881c60-fc11-42ff-9980-f7db5b5cc1db,CUST00033,2026-07-18 22:59:35.379834,2820.53,Electronics,Rose Hill,0
4e1d6a70-4a00-4a14-9465-a681b4093122,CUST00062,2026-07-18 23:18:16.379834,1159.82,Utility Bill,Flacq,0
3321d0e3-7880-4fb5-a31e-8e749aeffe56,CUST00023,2026-07-18 23:28:11.379834,1760.2,Fuel Station,Rose Hill,0
c77ec88c-968a-4fca-9387-e583888d4eea,CUST00099,2026-07-18 23:33:06.379834,2042.08,ATM Withdrawal,Quatre Bornes,0
c2568a16-af6f-4cac-8f51-930bf4e2674e,CUST00002,2026-07-18 23:52:26.379834,1509.43,Online Retail,Vacoas,0
5c5b97ce-c732-45e4-94db-f5836467885c,CUST00116,2026-07-18 23:53:17.379834,666.26,Electronics,Quatre Bornes,0
56169c01-501e-4bfe-b6d5-adf09fe23b70,CUST00183,2026-07-19 00:08:48.379834,2556.56,Travel,Flacq,0
0a67987a-715e-4e2e-bab7-6b8fee9490e5,CUST00191,2026-07-19 00:09:28.379834,1942.04,Entertainment,Curepipe,0
0315649b-01d1-493b-86f3-bf845a0192d6,CUST00073,2026-07-19 00:26:01.379834,1622.37,Pharmacy,Quatre Bornes,0
2f3daccb-ad02-4f6a-9953-4228ea5e2751,CUST00025,2026-07-19 00:30:45.379834,2440.73,Travel,Tamarin,0
2fa3d73e-8230-4ac3-ab01-c852db60fc07,CUST00181,2026-07-19 00:31:42.379834,1297.42,ATM Withdrawal,Rose Hill,0
2fb24cea-0270-4e45-b521-071a606612b8,CUST00124,2026-07-19 00:38:40.379834,3549.1,Online Retail,Grand Baie,0
c1239767-7076-4bbb-a598-d50c33e799f9,CUST00077,2026-07-19 00:52:52.379834,952.47,ATM Withdrawal,Grand Baie,0
c233d3cd-7d86-42eb-9015-5221b7981692,CUST00121,2026-07-19 01:22:35.379834,1840.96,Electronics,Flacq,0
d2429b2e-a11c-4c70-a2f0-ac436ab1c33f,CUST00136,2026-07-19 01:28:49.379834,1702.55,Pharmacy,Quatre Bornes,0
bffccdee-1a02-4324-ad1e-cb5e543d4079,CUST00191,2026-07-19 01:32:04.379834,1254.72,Travel,Curepipe,0
49268505-9845-4823-b4d7-953fcc286cb9,CUST00099,2026-07-19 01:38:44.379834,3898.76,Online Retail,Quatre Bornes,0
b39fe597-1136-4747-865d-45887599cfbb,CUST00058,2026-07-19 02:23:18.379834,1551.96,Restaurant,Vacoas,0
243bdb89-85f8-44d0-89b1-a68b46479570,CUST00155,2026-07-19 02:28:39.379834,2428.24,Entertainment,Beau Bassin,0
8e35f5ed-fbb8-44f8-a425-8047f2408c92,CUST00066,2026-07-19 02:33:12.379834,179.72,Restaurant,Quatre Bornes,0
9f8f0d5a-2881-45ec-8b07-b8ceb9d6599c,CUST00041,2026-07-19 02:41:48.379834,2742.62,Entertainment,Tamarin,0
e5c9d99b-7367-4948-9169-7e019d953d6d,CUST00164,2026-07-19 02:45:45.379834,1875.72,Utility Bill,Tamarin,0
ce4c5ff2-169c-4658-ae9c-4168d3b05d7a,CUST00128,2026-07-19 03:07:04.379834,2257.27,Electronics,Port Louis,0
b99d6801-dfdf-448d-838e-4a42fdb833e2,CUST00096,2026-07-19 03:08:29.379834,502.93,Grocery,Grand Baie,0
eb93d78f-abd3-491e-8ffb-a793eb532132,CUST00178,2026-07-19 03:13:47.379834,1534.1,Online Retail,Flacq,0
900d79fc-d5d8-4d05-a726-0efeba7fb6df,CUST00189,2026-07-19 03:14:33.379834,3944.8,Entertainment,Rose Hill,0
480f3b61-6ad5-4d58-8f1c-8dda08eb73f4,CUST00154,2026-07-19 03:18:58.379834,601.86,Utility Bill,Tamarin,0
336e7972-58ac-4c0c-baaf-9136ef5886e9,CUST00030,2026-07-19 03:46:58.379834,2010.66,Grocery,Beau Bassin,0
c3b9760c-d2d1-4455-a1e7-97720ba24428,CUST00168,2026-07-19 03:51:54.379834,968.7,Pharmacy,Curepipe,0
b782a4ca-e734-4be0-8527-fcdebaefd66b,CUST00041,2026-07-19 03:56:19.379834,3271.79,Electronics,Tamarin,0
8c90fd79-fe89-44d6-97f1-b383368f219d,CUST00174,2026-07-19 04:03:41.379834,3189.03,Travel,Quatre Bornes,0
41fd3d4f-25c4-4292-80a5-ceb9587b1c99,CUST00066,2026-07-19 04:09:12.379834,171.86,Electronics,Quatre Bornes,0
82c28e9e-0953-4aa6-aa87-60aa1c749b80,CUST00087,2026-07-19 04:20:54.379834,2453.45,Travel,Flacq,0
985b43ba-2770-4304-b79b-6de0aeb6daf9,CUST00025,2026-07-19 04:29:11.379834,958.68,Utility Bill,Tamarin,0
9fb05c85-2fb7-40a3-8d03-0339e8d5d8ca,CUST00068,2026-07-19 04:30:38.379834,1261.06,Entertainment,Beau Bassin,0
196b0419-5ede-4ddc-9925-84c40c1d2bd5,CUST00077,2026-07-19 04:31:36.379834,668.59,ATM Withdrawal,Grand Baie,0
4adf7d70-9b62-4d26-9c65-fb5436e6e18b,CUST00197,2026-07-19 04:40:13.379834,2158.42,Restaurant,Kyiv,1
cc3da861-11e2-47ed-ad21-2f8e8b9e7f85,CUST00101,2026-07-19 04:47:47.379834,2480.03,ATM Withdrawal,Mahebourg,0
154f69d5-e538-4323-ba07-5f5113c90ef4,CUST00133,2026-07-19 04:48:43.379834,4146.56,Electronics,Curepipe,0
f57401a1-6024-4e33-af1b-ac9fd712ccec,CUST00024,2026-07-19 04:57:18.379834,2138.06,Fuel Station,Grand Baie,0
5bdc04c6-b227-4c64-8697-b75fa60d9cc6,CUST00189,2026-07-19 05:07:43.379834,5988.2,Fuel Station,Rose Hill,0
89a7dc13-d4c2-4ab8-9310-cc043fdfeb25,CUST00089,2026-07-19 05:15:56.379834,2358.39,Electronics,Curepipe,0
46b72a9a-d330-4f62-b9f9-cfdbd144fea6,CUST00027,2026-07-19 05:36:13.379834,868.66,Electronics,Port Louis,0
6a0c9ce8-00a0-46d8-bf0c-0df86bfb4410,CUST00142,2026-07-19 05:50:31.379834,1262.7,Travel,Mahebourg,0
8144d744-6695-493d-b7dc-b279937486e9,CUST00134,2026-07-19 05:55:15.379834,121.46,Entertainment,Vacoas,0
e84e692d-d3b2-4eda-a93c-2d8c69aff146,CUST00089,2026-07-19 05:57:34.379834,3562.07,Electronics,Curepipe,0
df2cf475-112f-4b71-97b4-3a0eb5587eb7,CUST00134,2026-07-19 05:58:15.379834,121.46,Entertainment,Vacoas,1
e775b820-7215-48d6-a771-a36258b23e49,CUST00134,2026-07-19 06:01:15.379834,121.46,Entertainment,Vacoas,1
ade16c7c-1004-4d39-87b0-c731bb2d026a,CUST00154,2026-07-19 06:03:17.379834,626.81,Restaurant,Tamarin,0
f71e2d57-2725-4b5c-a870-52d969fe55c7,CUST00144,2026-07-19 06:05:09.379834,580.02,ATM Withdrawal,Vacoas,0
f3794f9f-e39b-4e91-9838-e9028a124127,CUST00134,2026-07-19 06:05:15.379834,121.46,Entertainment,Vacoas,1
69d1eb9c-ad98-45c1-8190-b1b2e4015b77,CUST00004,2026-07-19 06:12:48.379834,4437.28,ATM Withdrawal,Rose Hill,0
342e6ee2-0c82-4c3f-86d1-c38dac485e59,CUST00160,2026-07-19 06:21:25.379834,3576.95,Fuel Station,Vacoas,0
0fb1c28b-bb7b-4017-862c-426ea6b64ebe,CUST00134,2026-07-19 06:27:15.379834,121.46,Entertainment,Vacoas,1
f0725783-9c7d-4702-b1a6-7fb9890db231,CUST00192,2026-07-19 06:46:25.379834,871.41,Pharmacy,Beau Bassin,0
d024fba0-0449-42be-b7b0-9e7087659948,CUST00067,2026-07-19 06:59:58.379834,801.05,Pharmacy,Beau Bassin,0
ad4b6146-6751-4204-b72b-55a4bb7572b5,CUST00006,2026-07-19 07:01:29.379834,1035.43,ATM Withdrawal,Curepipe,0
9a173973-73a1-4c8d-aa36-c12118a8bd68,CUST00159,2026-07-19 07:14:16.379834,256.88,Online Retail,Beau Bassin,0
bc0ed021-1785-4c65-a930-94bd02c5cac6,CUST00063,2026-07-19 07:20:46.379834,1628.03,Electronics,Vacoas,0
6c09d0fd-477b-4cba-9147-0e1b7d10c940,CUST00098,2026-07-19 07:40:14.379834,458.64,Electronics,Vacoas,0
42a32be7-9641-448d-9cd0-c8e2362ce4cb,CUST00143,2026-07-19 08:38:24.379834,716.01,Fuel Station,Curepipe,0
eb28d00e-86ec-48bb-8f49-88a58a96dacd,CUST00160,2026-07-19 08:39:00.379834,3991.89,Grocery,Vacoas,0
4b2ded2a-f607-4988-895b-b5a7fa69e289,CUST00132,2026-07-19 08:45:02.379834,750.82,Pharmacy,Beau Bassin,0
ef9459d1-d51a-4f9f-91b1-167349bca8dc,CUST00104,2026-07-19 08:53:39.379834,1600.12,Pharmacy,Tamarin,0
bbfabc02-3ede-421d-81e3-c7ee341715a2,CUST00152,2026-07-19 09:13:22.379834,1499.25,Electronics,Mahebourg,0
4232cb8f-8e16-4870-a170-1bea88642232,CUST00146,2026-07-19 09:20:10.379834,2270.52,Pharmacy,Tamarin,0
726ff260-e0fa-46fb-9f58-7eece1756ec6,CUST00177,2026-07-19 09:22:10.379834,725.85,Online Retail,Tamarin,0
40bc5e02-b063-4ae0-9ef5-b2dcb42f24e7,CUST00168,2026-07-19 09:48:18.379834,929.38,Entertainment,Curepipe,0
9198865a-f8f0-42f1-be4f-55c83e1f049e,CUST00158,2026-07-19 09:51:16.379834,3896.46,Utility Bill,Curepipe,0
e0f6e2f3-368d-48eb-ab93-0b426e8b6ca6,CUST00167,2026-07-19 10:02:24.379834,579.04,Restaurant,Grand Baie,0
5f0c6f52-08ef-4ac4-8b04-64591eaa2b91,CUST00091,2026-07-19 10:15:43.379834,2065.54,Fuel Station,Tamarin,0
959939ea-e81a-4d80-a972-057434dd9b89,CUST00046,2026-07-19 10:16:25.379834,1478.59,Online Retail,Curepipe,0
ca48186d-e331-4012-8173-33258f220718,CUST00139,2026-07-19 10:36:21.379834,1613.87,ATM Withdrawal,Vacoas,0
7d2c3487-4bbc-438f-8be2-4c6cb5ff20e7,CUST00100,2026-07-19 10:38:26.379834,2402.72,ATM Withdrawal,Rose Hill,0
0007feef-f727-46db-82d9-87b62a59ec99,CUST00183,2026-07-19 10:44:04.379834,2179.72,Entertainment,Flacq,0
6debfc29-c586-4af0-80ce-28b00acf9e8b,CUST00189,2026-07-19 10:52:36.379834,4690.31,Travel,Rose Hill,0
fa0e9cff-0c20-4b00-a76e-f4a7d7eacbd8,CUST00198,2026-07-19 11:07:31.379834,628.54,Grocery,Rose Hill,0
33e23a06-ab3c-44f6-8613-dbf314302d9a,CUST00160,2026-07-19 11:10:41.379834,2694.84,Entertainment,Vacoas,0
fd625590-f75c-4c5c-860d-24653b64e3c0,CUST00066,2026-07-19 11:13:30.379834,315.07,Online Retail,Quatre Bornes,0
92c2f59b-c1b7-42fb-ad2a-42f6f6f1cb22,CUST00178,2026-07-19 11:17:59.379834,1049.97,Utility Bill,Flacq,0
ca254e05-2de3-444e-b362-7e57d3ec2706,CUST00051,2026-07-19 11:19:27.379834,789.14,ATM Withdrawal,Tamarin,0
fba33906-864f-4b31-8e70-88ce291651f3,CUST00174,2026-07-19 11:22:32.379834,1700.16,Utility Bill,Quatre Bornes,0
12f07990-19ff-40de-b39f-d54d668f49e9,CUST00033,2026-07-19 11:28:35.379834,2756.52,Fuel Station,Rose Hill,0
aad62d73-9960-4def-96bc-2d586640acdb,CUST00028,2026-07-19 11:29:28.379834,759.76,ATM Withdrawal,Quatre Bornes,0
c4349bdf-db08-48ad-9055-d4275198c775,CUST00093,2026-07-19 11:35:46.379834,1334.84,Fuel Station,Rose Hill,0
374bd78d-8299-4ad8-924f-27ed4d2c890a,CUST00104,2026-07-19 11:52:54.379834,1147.82,Entertainment,Tamarin,0
db2f5cbe-5363-4452-8d72-6af71b4000ed,CUST00181,2026-07-19 12:05:19.379834,1243.31,Utility Bill,Rose Hill,0
bc4f0018-1f23-4b0e-82bb-550f7824055e,CUST00152,2026-07-19 12:14:39.379834,2446.99,Electronics,Mahebourg,0
ec31f651-dbc1-4c32-bf4b-9908070c5e98,CUST00011,2026-07-19 12:31:09.379834,1691.7,Online Retail,Port Louis,0
a8cc9990-d7c1-44c0-94d2-33b8f98b10a9,CUST00101,2026-07-19 12:43:10.379834,1641.83,Entertainment,Mahebourg,0
64c2380d-fdec-4fd5-8631-9bff1d24ae49,CUST00077,2026-07-19 12:43:48.379834,695.68,Entertainment,Grand Baie,0
baff6c30-d1d9-4dc9-85f6-0a107b618ecf,CUST00145,2026-07-19 12:44:06.379834,1759.66,Electronics,Mahebourg,0
770d7aea-b683-4e1c-825b-f33948b732b4,CUST00108,2026-07-19 12:46:31.379834,1757.52,Restaurant,Beau Bassin,0
3d597f19-1a66-4a7a-b12c-bfad35d71f09,CUST00186,2026-07-19 12:48:20.379834,1519.37,Restaurant,Mahebourg,0
498e1fd1-d60e-4417-bfa4-df60ad8bad40,CUST00189,2026-07-19 12:48:44.379834,5491.49,Restaurant,Rose Hill,0
83c5ada0-423f-4304-aa1a-a364e72548c0,CUST00015,2026-07-19 13:05:35.379834,1653.22,Restaurant,Rose Hill,0
a1d7b6fa-350f-4b20-aec1-0df322609e5e,CUST00118,2026-07-19 13:09:12.379834,1896.13,Travel,Flacq,0
43f21fa4-3537-4008-8aa8-a3cba7a79930,CUST00008,2026-07-19 13:28:21.379834,2174.71,Fuel Station,Curepipe,0
d27365d9-4389-434f-ab30-e63346552c6a,CUST00011,2026-07-19 13:31:25.379834,1681.05,Electronics,Port Louis,0
1adf7ce7-5f9f-408f-8e6d-2a99138c12ec,CUST00125,2026-07-19 14:05:34.379834,3365.43,Entertainment,Mahebourg,0
1ccc483a-67a9-4dfa-9e93-c7e001672023,CUST00171,2026-07-19 14:17:54.379834,867.84,Fuel Station,Quatre Bornes,0
85355b33-030b-45a3-9b15-90afd2505bf7,CUST00032,2026-07-19 14:22:32.379834,966.27,Utility Bill,Quatre Bornes,0
2cf851dd-7ace-407b-bfc1-ea35b8b8002f,CUST00118,2026-07-19 14:34:34.379834,2282.75,Travel,Flacq,0
d39f6727-fc9d-46aa-ad46-cf83658e3156,CUST00047,2026-07-19 14:45:35.379834,893.36,Online Retail,Flacq,0
d60a0388-c74b-4bf3-b31a-d1be72aa5784,CUST00043,2026-07-19 14:55:53.379834,836.46,ATM Withdrawal,Port Louis,0
c14acd54-8e81-4c5b-ab4c-9bc7f0a8ed33,CUST00185,2026-07-19 15:03:45.379834,1644.84,Pharmacy,Grand Baie,0
b348a9c6-454b-41f5-bda6-517cbf348f6b,CUST00011,2026-07-19 15:17:11.379834,1610.5,Entertainment,Port Louis,0
7cbf8d86-e917-408b-a19d-550232d1dc8b,CUST00091,2026-07-19 15:41:22.379834,1406.01,ATM Withdrawal,Tamarin,0
217e4b5c-1999-4ba2-8227-860ef22cca67,CUST00041,2026-07-19 16:00:32.379834,4797.35,Restaurant,Tamarin,0
71dcb663-288f-4c18-a088-5eb90a4d2c0a,CUST00139,2026-07-19 16:07:01.379834,1077.68,Utility Bill,Vacoas,0
d8ecff29-cc72-407e-bbf4-0fba3c089918,CUST00118,2026-07-19 16:16:56.379834,2353.6,Restaurant,Flacq,0
66cddc1b-f9f8-4276-9618-7f7949e9fb46,CUST00185,2026-07-19 16:20:38.379834,1900.92,Electronics,Grand Baie,0
23ae41a1-dc53-450b-90a5-e8815df83f4c,CUST00111,2026-07-19 16:21:05.379834,2113.98,Entertainment,Mahebourg,0
1b0e8d43-6649-4c27-b173-a91fb7839f6a,CUST00174,2026-07-19 16:34:01.379834,2927.84,Utility Bill,Quatre Bornes,0
d9e84e94-6796-4a6f-8c97-2787d24eaa04,CUST00145,2026-07-19 16:47:45.379834,1976.44,ATM Withdrawal,Mahebourg,0
262982ce-c02c-41ef-ae13-211cbe5d21a2,CUST00171,2026-07-19 16:54:21.379834,843.08,Restaurant,Quatre Bornes,0
1f809a9d-3f5e-4b9b-ac3e-0aec5bf5ab2d,CUST00181,2026-07-19 17:01:37.379834,1386.61,ATM Withdrawal,Rose Hill,0
d9ba34a0-321d-49d1-9989-077eee0a87fa,CUST00173,2026-07-19 17:19:45.379834,1426.14,Utility Bill,Mahebourg,0
96d7a2e3-4b71-42fc-a01c-905f169aebd6,CUST00008,2026-07-19 17:27:18.379834,1390.17,Online Retail,Curepipe,0
dc76c74a-b84a-4090-88a0-3dcb4cf0e633,CUST00164,2026-07-19 17:27:37.379834,1083.98,Online Retail,Tamarin,0
5ee37d0a-c4d3-48bf-a8e2-3849c188b90e,CUST00082,2026-07-19 17:31:10.379834,509.8,Utility Bill,Beau Bassin,0
50456941-45a4-48ed-85d2-7431813edd4c,CUST00028,2026-07-19 17:49:03.379834,804.62,Restaurant,Quatre Bornes,0
9155b261-5831-49c8-8a27-3b2adff00b66,CUST00113,2026-07-19 18:03:32.379834,3032.84,Pharmacy,Curepipe,0
1cca169a-d25c-457a-ae8b-7c593f3ee0b0,CUST00005,2026-07-19 18:06:52.379834,2670.58,Electronics,Quatre Bornes,0
27d3413a-1d7a-4fd9-aea7-c79ed3dea881,CUST00172,2026-07-19 18:14:58.379834,965.9,Entertainment,Grand Baie,0
12eb252b-0603-4f8c-a4ca-189c9113106b,CUST00106,2026-07-19 18:24:18.379834,1184.27,Restaurant,Tamarin,0
d8335dfc-ab86-4e4d-a1fc-6a98bee5c0b5,CUST00031,2026-07-19 18:30:24.379834,637.39,Entertainment,Vacoas,0
4466d101-a16f-44f4-8d91-f4f41d2e835a,CUST00006,2026-07-19 18:37:32.379834,211.79,Entertainment,Curepipe,0
bc1c684e-7a85-4c2b-b1c4-0139a08b9a67,CUST00069,2026-07-19 18:44:27.379834,4630.02,Restaurant,Rose Hill,0
10227c67-3eb6-460d-839d-32ba8b4f0cb4,CUST00069,2026-07-19 18:52:07.379834,8064.96,Travel,Rose Hill,0
2791247a-2725-4628-9334-2f83de38881d,CUST00054,2026-07-19 19:04:10.379834,1181.16,Grocery,Rose Hill,0
de876997-5341-4eaa-b184-f74b677fbfd9,CUST00053,2026-07-19 19:04:11.379834,1688.56,ATM Withdrawal,Tamarin,0
93f1a9a4-1064-47cc-b9fd-1425667b171d,CUST00131,2026-07-19 19:04:56.379834,442.6,Online Retail,Vacoas,0
e15437fb-fc1f-4d90-ad79-2adb002069d3,CUST00136,2026-07-19 19:08:49.379834,1808.87,Online Retail,Quatre Bornes,0
eefe25c8-c85f-42c9-9121-bf953e979135,CUST00119,2026-07-19 19:09:27.379834,291.64,ATM Withdrawal,Tamarin,0
a51edb45-7ed2-44db-bd9b-428cfc52f2d9,CUST00096,2026-07-19 19:15:30.379834,4288.67,Grocery,Grand Baie,0
9e51005b-cb48-4c65-867f-67ca9da32627,CUST00042,2026-07-19 19:16:14.379834,780.33,Grocery,Vacoas,0
9512ffa0-0993-40cf-aab2-099689aef217,CUST00018,2026-07-19 19:30:12.379834,2019.65,Electronics,Port Louis,0
d0e40572-8244-4b82-ae06-d46986f3d033,CUST00055,2026-07-19 19:51:32.379834,1677.91,Restaurant,Curepipe,0
1abfb7a3-9f41-4c2b-b3e5-79d8ef7ded7d,CUST00127,2026-07-19 20:06:39.379834,1030.84,ATM Withdrawal,Mahebourg,0
eb25d1ff-022e-4d73-b727-c922d2309a8b,CUST00144,2026-07-19 20:11:16.379834,299.34,Restaurant,Vacoas,0
c63cd775-5394-4f06-ad0f-9c2cda6015cc,CUST00174,2026-07-19 20:16:14.379834,2199.41,Fuel Station,Quatre Bornes,0
05e45dad-bade-4d70-93ab-7323735e03bc,CUST00127,2026-07-19 20:17:29.379834,2155.64,ATM Withdrawal,Mahebourg,0
6c427c3f-7480-4e51-a53d-91fb6d38d550,CUST00157,2026-07-19 20:43:05.379834,544.15,Electronics,Port Louis,0
0e7cfce5-17cc-4a14-ae78-ce6c548c6b52,CUST00051,2026-07-19 20:44:02.379834,1291.24,Fuel Station,Tamarin,0
4a167bb6-3e80-484f-977b-0e358c106fc5,CUST00189,2026-07-19 20:45:01.379834,4450.55,Pharmacy,Rose Hill,0
5d766967-ef98-4939-8227-913a7ee65bec,CUST00030,2026-07-19 20:57:19.379834,1788.02,ATM Withdrawal,Beau Bassin,0
87c8e681-6296-4581-9c8e-46f1a7a3c536,CUST00108,2026-07-19 21:00:39.379834,2662.83,Restaurant,Beau Bassin,0
b91a1e84-25fc-4e3a-94b4-e0fabfb2c1b8,CUST00096,2026-07-19 21:03:04.379834,4112.72,Travel,Grand Baie,0
491333ba-65dd-497d-a7a6-edd19534651a,CUST00052,2026-07-19 21:03:06.379834,3614.24,Electronics,Beau Bassin,0
7bed9d33-114a-41c4-baea-5fab4ed096cf,CUST00089,2026-07-19 21:28:05.379834,1277.69,Travel,Curepipe,0
2d0d6db4-cc11-4541-a1d3-6b1ce89cf87d,CUST00192,2026-07-19 21:32:03.379834,1338.43,Grocery,Beau Bassin,0
aa51b135-4373-422d-a1c4-2dde7f1c5586,CUST00125,2026-07-19 21:32:52.379834,2486.36,Pharmacy,Mahebourg,0
bb919211-b23d-43f5-a07a-1d3c235449c8,CUST00004,2026-07-19 21:35:21.379834,3047.74,ATM Withdrawal,Rose Hill,0
7fe2369a-07a0-4c6e-a0ac-67ac7cc17789,CUST00092,2026-07-19 21:56:58.379834,532.15,Electronics,Beau Bassin,0
8ea863b0-47b7-413c-8dec-bfa59f002d86,CUST00067,2026-07-19 22:06:11.379834,1418.49,Fuel Station,Beau Bassin,0
cf81509a-a1c6-461f-bc92-49c26c0d10ef,CUST00183,2026-07-19 22:19:05.379834,2906.25,Utility Bill,Flacq,0
524a91ac-8885-4e0b-85cc-ae7335182be7,CUST00004,2026-07-19 22:27:16.379834,4141.59,Fuel Station,Rose Hill,0
cc9bad3a-38bb-4824-8f44-531e2047b05c,CUST00112,2026-07-19 22:34:45.379834,1051.63,Electronics,Grand Baie,0
40d87f5e-3e6f-441c-b750-abdb1b4b34ba,CUST00000,2026-07-19 22:37:27.379834,1983.53,ATM Withdrawal,Curepipe,0
8120d5a9-3e67-466d-aa2b-9a2c3ab6b2d6,CUST00178,2026-07-19 23:03:06.379834,1319.03,ATM Withdrawal,Flacq,0
ba1db18c-3fa3-4d59-940a-4cc650f34437,CUST00100,2026-07-19 23:08:35.379834,2257.61,ATM Withdrawal,Rose Hill,0
746377a4-f267-4751-83b2-3c0f231a031b,CUST00085,2026-07-19 23:21:22.379834,226.98,ATM Withdrawal,Port Louis,0
efc32be0-cd11-4c69-82fe-92e7236caefc,CUST00059,2026-07-19 23:21:38.379834,684.18,Travel,Curepipe,0
ce51b1e2-6913-4b43-a599-783be48927fe,CUST00077,2026-07-19 23:30:52.379834,763.06,Electronics,Grand Baie,0
4ca2092f-9b3a-4ddb-bcba-4f3a56ecfbc8,CUST00185,2026-07-19 23:32:41.379834,1087.46,Restaurant,Grand Baie,0
f0fe6cce-1933-4ebb-9664-990a6bba6085,CUST00141,2026-07-19 23:39:03.379834,87.1,Grocery,Quatre Bornes,0
aa9028aa-0b32-41bf-998c-a4792805f416,CUST00115,2026-07-19 23:52:42.379834,771.97,Restaurant,Curepipe,0
eae94a0f-a80b-4df1-9d0b-e9d132bf387e,CUST00024,2026-07-19 23:55:21.379834,3417.04,Utility Bill,Grand Baie,0
8c721c08-9ef9-4334-a4d5-061bec6e788e,CUST00105,2026-07-20 00:01:11.379834,2013.24,Electronics,Flacq,0
5e25a0e2-1b22-4cd9-924a-52210f5e0cc4,CUST00118,2026-07-20 00:08:18.379834,904.71,Fuel Station,Flacq,0
2c761e33-61a4-4314-9039-d7b2f1028136,CUST00151,2026-07-20 00:12:33.379834,6177.61,Utility Bill,Mahebourg,0
bb7552bd-6b63-481c-8d8b-3081bf41d49b,CUST00186,2026-07-20 00:21:32.379834,1640.89,Travel,Mahebourg,0
f7263dc4-bf1e-4b51-842b-ce4f1b21a9d5,CUST00115,2026-07-20 00:30:50.379834,1922.5,Entertainment,Curepipe,0
126234d0-b00e-409b-a99f-46af23766aa3,CUST00135,2026-07-20 00:52:22.379834,881.01,Utility Bill,Flacq,0
bc31f326-1de9-4f4b-bb88-d4c2a87ee6b8,CUST00052,2026-07-20 00:57:46.379834,2863.75,Electronics,Beau Bassin,0
e6c2c72d-478f-4d0b-893a-1f2c764f2085,CUST00091,2026-07-20 01:09:40.379834,2529.82,Travel,Tamarin,0
2dc89947-c792-401a-9897-aabc2025ed6d,CUST00130,2026-07-20 01:15:18.379834,2077.84,Pharmacy,Mahebourg,0
efd0abed-7167-48c6-bcc1-eb30697823c2,CUST00165,2026-07-20 01:15:58.379834,1101.07,ATM Withdrawal,Curepipe,0
ac5b5bb8-6767-46cc-834b-8b0953616f0b,CUST00056,2026-07-20 01:25:53.379834,696.99,Pharmacy,Port Louis,0
954264f2-ffa4-440b-9ba8-fb2f012da864,CUST00184,2026-07-20 01:26:00.379834,3352.21,Utility Bill,Beau Bassin,0
9db258c0-d835-483d-a40c-35770efdfa85,CUST00107,2026-07-20 01:30:20.379834,4229.03,Online Retail,Flacq,0
cbe5b3c2-efd9-404b-ba42-ceeb8706e46c,CUST00157,2026-07-20 01:48:26.379834,742.92,Electronics,Port Louis,0
2394b2ce-9723-443b-b94b-98fcda6a846a,CUST00056,2026-07-20 01:49:49.379834,612.54,Online Retail,Port Louis,0
21364751-536d-4711-82a8-9548af0569cc,CUST00123,2026-07-20 02:02:40.379834,408.26,ATM Withdrawal,Tamarin,0
c79bb1d8-21b7-41c0-a198-94f33da40669,CUST00154,2026-07-20 02:03:39.379834,1160.56,Grocery,Tamarin,0
07054959-97dd-422e-90c3-95d29dc294f9,CUST00159,2026-07-20 02:09:38.379834,495.08,Utility Bill,Beau Bassin,0
81b9c2f0-c711-4157-ab0e-103975296b81,CUST00187,2026-07-20 02:10:45.379834,1972.39,Fuel Station,Grand Baie,0
c8a93b04-4807-4da3-b9c6-903e7324a08c,CUST00146,2026-07-20 02:14:08.379834,3544.25,Online Retail,Tamarin,0
927104d6-174b-4238-b0ad-f521e353681d,CUST00116,2026-07-20 02:14:16.379834,955.36,Entertainment,Quatre Bornes,0
00b63bc0-5a2e-4105-adaf-60e027c5bad7,CUST00124,2026-07-20 02:15:37.379834,1662.29,Online Retail,Grand Baie,0
e7ba9c79-c99a-43fd-9bce-66299c685cdb,CUST00073,2026-07-20 02:34:50.379834,1030.6,Online Retail,Quatre Bornes,0
0c826510-f3e3-487f-81fd-0a560e3f5149,CUST00185,2026-07-20 02:39:40.379834,2066.49,Entertainment,Grand Baie,0
57b79231-45d5-4525-88cb-c7fc5219c278,CUST00010,2026-07-20 02:49:59.379834,867.32,Online Retail,Flacq,0
e94d6e75-db3e-481c-a6d4-28f14d9c887a,CUST00021,2026-07-20 03:09:48.379834,719.87,Online Retail,Mahebourg,0
c715730d-b16a-49e2-b095-77e3d91a3e66,CUST00025,2026-07-20 03:10:20.379834,1300.68,Utility Bill,Tamarin,0
4db7e109-91ae-4a1a-8df6-b1b4bb7b588a,CUST00034,2026-07-20 03:13:57.379834,1445.95,Fuel Station,Beau Bassin,0
ad8f9b22-62a3-4af0-b3ad-3f3e0d12521c,CUST00033,2026-07-20 03:17:13.379834,2048.03,Utility Bill,Rose Hill,0
6cb846b4-4351-475f-8bd2-fe4debd317d6,CUST00028,2026-07-20 03:17:23.379834,686.46,ATM Withdrawal,Quatre Bornes,0
d63cf1de-abc9-47c5-840e-e6381012e300,CUST00074,2026-07-20 03:18:38.379834,3464.65,Pharmacy,Mahebourg,0
e47dd266-2645-43fd-91ce-a3ab30a56d53,CUST00064,2026-07-20 03:39:38.379834,1745.71,Restaurant,Grand Baie,0
0bb19d9b-1837-4180-b512-a8812a9fbc9a,CUST00143,2026-07-20 03:56:55.379834,835.53,Restaurant,Curepipe,0
c5837677-444a-465f-9a0c-e6a13cf9df63,CUST00125,2026-07-20 04:03:36.379834,3738.92,Pharmacy,Mahebourg,0
3f2286c8-e78b-4589-9bcb-6c1796b9999c,CUST00184,2026-07-20 04:16:18.379834,3271.45,Fuel Station,Beau Bassin,0
de69d5df-7bc7-4c59-8454-4ebf0e2cae94,CUST00157,2026-07-20 04:18:28.379834,725.79,Grocery,Port Louis,0
8ac44904-e647-4895-9438-2fd60d8c5d21,CUST00023,2026-07-20 04:33:17.379834,2602.03,Entertainment,Rose Hill,0
0cdc2ba2-1cdc-484d-9a0b-f4d0f746a7bf,CUST00175,2026-07-20 04:34:48.379834,1482.79,ATM Withdrawal,Vacoas,0
ea1c6af7-a53a-428c-835f-dad649827046,CUST00079,2026-07-20 04:41:22.379834,1746.4,ATM Withdrawal,Vacoas,0
9e023791-616c-4fc2-8718-76bfc9363171,CUST00068,2026-07-20 04:59:46.379834,1449.7,Grocery,Beau Bassin,0
c588d3c6-399d-4d70-b09a-4f51a5110829,CUST00020,2026-07-20 05:03:02.379834,2722.46,Restaurant,Rose Hill,0
955fd033-b209-4b63-a80b-a060aafb5523,CUST00007,2026-07-20 05:08:02.379834,2125.98,Fuel Station,Mahebourg,0
ccecb942-43ba-49bc-991b-d784328f3fc6,CUST00084,2026-07-20 05:22:12.379834,3212.37,Utility Bill,Rose Hill,0
85fc9769-f80a-44d6-9211-31049954798f,CUST00193,2026-07-20 05:33:58.379834,723.62,Grocery,Port Louis,0
9c31f810-2d02-4892-9f6e-fe25b79c1f26,CUST00040,2026-07-20 05:37:04.379834,3935.9,Electronics,Beau Bassin,0
4026ae89-9434-4c69-8226-26cc40c136de,CUST00090,2026-07-20 05:44:25.379834,852.26,Restaurant,Rose Hill,0
ad5e82e2-d0e0-4e9f-b20c-47ecd42ef8a3,CUST00131,2026-07-20 05:47:13.379834,556.95,Travel,Vacoas,0
53a80e04-2c3d-443e-b2bd-4a538569938d,CUST00073,2026-07-20 05:47:53.379834,1479.14,Travel,Quatre Bornes,0
6a3eeafa-f6c6-4d2f-98d4-c74c6d7932ee,CUST00164,2026-07-20 06:00:13.379834,2324.04,ATM Withdrawal,Tamarin,0
7a1814d5-3a01-40dc-b849-9351d7bbced2,CUST00039,2026-07-20 06:08:14.379834,1322.59,Travel,Beau Bassin,0
7d6c55c3-7274-4a27-865f-a0f3ad5702e0,CUST00143,2026-07-20 06:09:34.379834,1008.72,Pharmacy,Curepipe,0
3c648257-ce4f-4278-9088-03ae11d4fc49,CUST00144,2026-07-20 06:15:56.379834,1151.15,Fuel Station,Vacoas,0
6218b451-242b-4d0d-8b9d-2e43674df77c,CUST00170,2026-07-20 06:20:26.379834,1412.82,Electronics,Quatre Bornes,0
09ef67d2-5f50-483a-9284-9cc60cdc7358,CUST00165,2026-07-20 06:27:45.379834,328.57,Entertainment,Curepipe,0
cca14119-d3f6-452f-93ed-cd9ccdbcf749,CUST00045,2026-07-20 06:30:57.379834,2140.18,Grocery,Mahebourg,0
03e92552-3029-480a-8f66-a6cccc81eb01,CUST00167,2026-07-20 06:37:18.379834,622.59,Utility Bill,Grand Baie,0
4042f370-9ca4-4be7-9027-c2c0d7f4a0bc,CUST00022,2026-07-20 06:40:00.379834,529.78,Restaurant,Flacq,0
f340713d-249e-4ff0-a51f-2494aa43d781,CUST00066,2026-07-20 06:50:40.379834,144.61,Electronics,Quatre Bornes,0
cd58495c-f23f-4bbc-99a7-f4f229068dec,CUST00012,2026-07-20 06:52:25.379834,4376.1,Fuel Station,Port Louis,0
2b326b48-8417-4fee-b783-82d4c33d4024,CUST00074,2026-07-20 07:10:02.379834,3849.53,Entertainment,Mahebourg,0
6e1a2ebb-cb0c-483e-9bac-1e9fff90cae1,CUST00111,2026-07-20 07:11:05.379834,2228.93,Entertainment,Mahebourg,0
b474b001-3343-4137-8d5d-ede7d2e394f0,CUST00110,2026-07-20 07:20:47.379834,342.18,Restaurant,Quatre Bornes,0
91029c44-7fae-4cc8-8b02-a6749402fd8f,CUST00034,2026-07-20 07:23:14.379834,3885.0,Grocery,Beau Bassin,0
2a31e83b-2745-4404-8fcc-a3cb4c03776b,CUST00152,2026-07-20 07:24:52.379834,2478.23,Utility Bill,Mahebourg,0
f1402d7d-d520-4874-ac53-5c2372e84be5,CUST00159,2026-07-20 07:31:29.379834,366.78,Pharmacy,Beau Bassin,0
f5d988a1-d87b-4518-8c19-61b1d3c5b1cd,CUST00128,2026-07-20 07:53:52.379834,2491.66,Utility Bill,Port Louis,0
57efa7c8-0029-4708-84c8-b602bb3a9367,CUST00037,2026-07-20 09:11:13.379834,1197.84,Grocery,Flacq,0
2180eedc-9d04-4b15-82af-9c813f407613,CUST00130,2026-07-20 09:17:58.379834,1791.76,Fuel Station,Mahebourg,0
cf0730eb-1a35-4983-8505-d77b0d1a7f1b,CUST00069,2026-07-20 09:29:00.379834,7758.74,Pharmacy,Rose Hill,0
1ad14d71-49c9-4209-8838-bd26d4c11770,CUST00130,2026-07-20 09:36:34.379834,2406.61,ATM Withdrawal,Mahebourg,0
3e198bca-a25b-443e-94fa-24e0ee9ebc6a,CUST00049,2026-07-20 09:41:54.379834,1604.34,Restaurant,Mahebourg,0
09f834bd-cb3b-4c8b-abd6-b0ceb3f4c58d,CUST00195,2026-07-20 09:50:31.379834,428.29,Online Retail,Mahebourg,0
5146145c-1ed2-42b2-85d1-1e0bb6116af0,CUST00105,2026-07-20 09:56:23.379834,1886.45,ATM Withdrawal,Flacq,0
25b03ec1-899e-4316-aff7-3624f176a012,CUST00110,2026-07-20 09:59:14.379834,547.12,Utility Bill,Quatre Bornes,0
bdc9e449-69b5-4e22-bcb3-21cc68842c02,CUST00180,2026-07-20 10:02:18.379834,1492.19,Entertainment,Mahebourg,0
46b22df6-95d5-4d1c-b4ae-7848599f0405,CUST00157,2026-07-20 10:11:42.379834,514.94,Restaurant,Port Louis,0
f4df5f1b-89af-4087-bd8c-eee6054caec3,CUST00147,2026-07-20 10:13:35.379834,1079.69,Entertainment,Rose Hill,0
b598c5d8-6668-41e3-b54b-771015927685,CUST00135,2026-07-20 10:23:08.379834,679.83,Entertainment,Flacq,0
57a43776-e4b9-40dc-91a7-8c899fd6954e,CUST00046,2026-07-20 10:30:24.379834,621.2,Grocery,Curepipe,0
1d225a20-e3ab-47cf-90d9-4ef8c024368e,CUST00095,2026-07-20 10:36:46.379834,541.97,Utility Bill,Flacq,0
3aa7a820-5b34-4151-8420-ced838cc9a2b,CUST00185,2026-07-20 10:45:00.379834,1150.77,Entertainment,Grand Baie,0
47d1a580-00c3-4e0b-bd15-9f58082e576d,CUST00111,2026-07-20 10:48:32.379834,1078.25,Travel,Mahebourg,0
e309d1e4-c50c-4e7d-be38-d243b9f8a353,CUST00051,2026-07-20 10:49:07.379834,1030.92,Entertainment,Tamarin,0
32c2e4e6-7580-45a2-a3d1-06f01b858dbc,CUST00033,2026-07-20 11:00:07.379834,2688.04,Online Retail,Rose Hill,0
abd80bce-9683-410c-82d2-b026683f0d9b,CUST00156,2026-07-20 11:03:55.379834,2380.02,Utility Bill,Grand Baie,0
a728d3af-27bd-4475-9cb6-9b65b34ce65d,CUST00047,2026-07-20 11:13:25.379834,891.34,Utility Bill,Flacq,0
3c05754c-ea31-4c56-bc66-d4985842ce99,CUST00051,2026-07-20 11:13:53.379834,858.43,Travel,Tamarin,0
38ea4b13-37c2-49d6-86cd-df32afb847d2,CUST00070,2026-07-20 11:15:11.379834,1286.2,Entertainment,Vacoas,0
0b7b2868-b46f-4ffe-a90c-b921caa5e088,CUST00034,2026-07-20 11:16:52.379834,3769.64,Pharmacy,Beau Bassin,0
d3feff94-cd33-4bbf-8fc6-f0bf1cb86ce4,CUST00177,2026-07-20 11:23:08.379834,707.31,Travel,Tamarin,0
97ddb00c-1558-4b35-a541-5bfc84e8c047,CUST00051,2026-07-20 11:23:42.379834,871.84,Online Retail,Tamarin,0
53f12096-1f0c-422b-9e11-b0731c2c288b,CUST00178,2026-07-20 11:26:54.379834,1215.37,Utility Bill,Flacq,0
f52d2ac6-70c2-4476-8e3b-7d0d709fd159,CUST00174,2026-07-20 11:39:00.379834,2546.36,ATM Withdrawal,Quatre Bornes,0
4a0a3f83-d72c-4084-bab0-bd8f4b392082,CUST00136,2026-07-20 11:43:36.379834,3699.41,Pharmacy,Quatre Bornes,0
bba2951e-c6d9-465e-baa6-c4625e1ad57d,CUST00192,2026-07-20 11:54:06.379834,1333.74,Travel,Beau Bassin,0
3cc989a9-8d89-4144-948c-8b419fb6e1c2,CUST00134,2026-07-20 11:55:23.379834,250.68,Electronics,Vacoas,0
6932a9c4-618c-42b5-a6b0-6cd8c8535b87,CUST00198,2026-07-20 12:03:59.379834,2067.82,Utility Bill,Rose Hill,0
f0559604-80ed-45e2-ae31-8e4d78056273,CUST00027,2026-07-20 12:05:01.379834,1538.69,Entertainment,Port Louis,0
c1ec6bdb-9e68-4c88-a354-6d5c2e6cb382,CUST00180,2026-07-20 12:20:45.379834,2623.23,Grocery,Mahebourg,0
f469065c-2903-4115-a22b-66f34ea9a57d,CUST00156,2026-07-20 12:24:15.379834,1854.66,Restaurant,Grand Baie,0
9ad96be2-76e5-4c42-842e-e0a20c9fed9f,CUST00145,2026-07-20 12:27:06.379834,1291.26,Fuel Station,Mahebourg,0
5ffd92d4-2e18-4d72-83f7-95d915c58e74,CUST00178,2026-07-20 12:39:18.379834,835.72,Travel,Flacq,0
f8611dd7-99dd-44f6-83e1-be50e3246585,CUST00096,2026-07-20 12:48:49.379834,2020.65,Electronics,Grand Baie,0
7c8eea57-5459-49f7-8428-bbe4e1535bee,CUST00092,2026-07-20 13:02:58.379834,741.23,Travel,Beau Bassin,0
ea2ded0a-603e-41a5-8d5f-5f62de1f15d1,CUST00198,2026-07-20 13:06:09.379834,1901.33,Online Retail,Rose Hill,0
ef0a0e6e-adec-4568-aa2d-c52cd755751d,CUST00011,2026-07-20 13:07:31.379834,1922.96,Fuel Station,Port Louis,0
bcc4ebb6-b9ba-4402-a436-3f4afe401f5a,CUST00117,2026-07-20 13:11:20.379834,208.96,Travel,Quatre Bornes,0
02fdc876-fbc2-4c61-84bb-2edfa14c7da1,CUST00052,2026-07-20 13:32:37.379834,2651.99,Grocery,Beau Bassin,0
43f9c0e5-cc0d-4dab-b9a7-79ed5fd91b89,CUST00182,2026-07-20 13:32:50.379834,2849.92,Online Retail,Vacoas,0
440e994f-1207-416d-8f7d-a3471b536db0,CUST00058,2026-07-20 13:37:07.379834,2799.87,Entertainment,Vacoas,0
89f4c9c3-788f-4fbf-8339-eaaf5cbda5a1,CUST00056,2026-07-20 13:39:01.379834,846.48,Pharmacy,Port Louis,0
32e4f834-88f8-468c-b4a6-c2221818455d,CUST00063,2026-07-20 13:41:37.379834,2117.12,Restaurant,Vacoas,0
626877c4-c9ce-4dbe-97e5-c7e076ba44d1,CUST00122,2026-07-20 13:52:42.379834,1286.6,Pharmacy,Flacq,0
41760437-cb94-4685-8270-5fed05ed3cee,CUST00140,2026-07-20 14:06:50.379834,857.58,Travel,Mahebourg,0
ec220b60-4acc-4c34-9f9a-44635887420b,CUST00146,2026-07-20 14:09:54.379834,3998.74,Utility Bill,Tamarin,0
bab0ce41-4006-454d-ac8f-9b21fc449d51,CUST00198,2026-07-20 14:32:16.379834,1891.43,Online Retail,Rose Hill,0
2a1eea89-88bc-4d94-9069-d72e436d293f,CUST00082,2026-07-20 14:37:45.379834,806.75,Restaurant,Beau Bassin,0
71bd6b3c-f967-4532-974f-386394562591,CUST00172,2026-07-20 14:55:40.379834,846.81,Utility Bill,Grand Baie,0
094b740c-14bc-4118-826e-209b99b1a5f4,CUST00196,2026-07-20 14:58:49.379834,2953.65,Utility Bill,Rose Hill,0
35bc956b-1542-49f7-ab14-a0772011e728,CUST00015,2026-07-20 14:58:51.379834,1694.21,Grocery,Rose Hill,0
e4f507f6-8a3e-4fe0-af03-e5ae54dcf459,CUST00123,2026-07-20 15:08:19.379834,492.56,Travel,Tamarin,0
4bfeffe4-63bc-4a2b-ba57-0e2429807880,CUST00088,2026-07-20 15:21:24.379834,1373.61,Entertainment,Vacoas,0
d39c1c33-648c-47be-a175-a9f0f8e1fea4,CUST00108,2026-07-20 15:23:25.379834,2914.41,ATM Withdrawal,Beau Bassin,0
bd12cd23-33cb-408e-85ba-d60ec07ede3d,CUST00147,2026-07-20 15:33:32.379834,793.37,Utility Bill,Rose Hill,0
3e40854d-f0f3-407f-886f-fca5385be411,CUST00096,2026-07-20 15:33:41.379834,3568.16,Utility Bill,Grand Baie,0
9c8a6a7e-b669-40f4-9814-ec4596db7950,CUST00109,2026-07-20 15:38:01.379834,793.37,Travel,Rose Hill,0
b1812be5-0505-45e4-9e02-49f985fc7b59,CUST00027,2026-07-20 15:40:38.379834,877.35,Online Retail,Port Louis,0
cf4f48eb-366b-4de5-87ff-1e62de98621a,CUST00167,2026-07-20 15:53:17.379834,475.69,Grocery,Grand Baie,0
3cf13b3b-de46-471f-a71f-394a22303f9d,CUST00125,2026-07-20 16:00:52.379834,1764.28,Pharmacy,Mahebourg,0
fa9ed79b-5961-4f30-8455-ce483dceb3d7,CUST00170,2026-07-20 16:02:19.379834,1667.4,Online Retail,Quatre Bornes,0
a470f721-be4f-4e63-87d3-ee630c949a55,CUST00174,2026-07-20 16:03:58.379834,1754.41,Grocery,Quatre Bornes,0
fbd8bbc3-b05f-4181-b410-8d5f25f2ffa9,CUST00156,2026-07-20 16:20:05.379834,1780.75,Electronics,Grand Baie,0
fa712031-974d-44d8-af1a-efc077b9e5b4,CUST00158,2026-07-20 16:46:12.379834,4124.48,Electronics,Curepipe,0
54e42a98-4871-4569-967c-fb96ce56707d,CUST00038,2026-07-20 16:47:04.379834,972.92,Travel,Curepipe,0
bb66d881-a255-4078-bd98-34172e96f844,CUST00199,2026-07-20 16:47:20.379834,1014.68,Utility Bill,Port Louis,0
a3609c46-c831-49b0-b7fc-913feede4825,CUST00164,2026-07-20 16:48:35.379834,1523.46,Electronics,Tamarin,0
ab430006-7b4f-454a-b7b3-22648b5f46b8,CUST00127,2026-07-20 16:57:13.379834,1346.22,Travel,Mahebourg,0
cbf18485-fb36-4666-9965-afbedbe67c34,CUST00018,2026-07-20 17:06:51.379834,1597.73,Entertainment,Port Louis,0
7f75965d-ac5b-422f-aff0-b98bf281ec9a,CUST00143,2026-07-20 17:08:56.379834,595.88,Online Retail,Curepipe,0
79f0c489-96b8-43c0-8587-8c3f8eb78a3a,CUST00151,2026-07-20 17:22:10.379834,7700.7,Pharmacy,Mahebourg,0
1c4ee0c9-d62b-419e-9068-7335ef9b9562,CUST00022,2026-07-20 17:31:36.379834,685.18,Fuel Station,Flacq,0
3c9d18b8-2dbe-4853-94ce-785a6b335546,CUST00046,2026-07-20 17:31:58.379834,1122.06,Entertainment,Curepipe,0
2505206e-fb24-4fd9-b55c-4220331e5f26,CUST00045,2026-07-20 17:32:20.379834,3179.08,Entertainment,Mahebourg,0
578d4734-2af6-43f8-b6bc-17c65a2f8d7c,CUST00130,2026-07-20 17:49:11.379834,2449.61,Online Retail,Mahebourg,0
676553b1-96de-4869-abe3-f31d69f5c53f,CUST00038,2026-07-20 18:13:07.379834,378.32,Restaurant,Curepipe,0
58edf567-4809-48f1-8926-5bc982183ff4,CUST00072,2026-07-20 18:31:09.379834,3554.22,Entertainment,Tamarin,0
02458ffb-139d-4cd2-ae96-a034dfc7aee3,CUST00077,2026-07-20 18:32:47.379834,796.79,Utility Bill,Grand Baie,0
5e2bd131-afe4-44c1-a536-4c84145a3403,CUST00081,2026-07-20 18:49:37.379834,3892.67,Grocery,Rose Hill,0
986d1380-96e7-4726-b53c-375ff2b25893,CUST00015,2026-07-20 18:55:55.379834,1110.46,Online Retail,Rose Hill,0
cf425a91-b8e2-4d5a-bee5-8388d4906c29,CUST00171,2026-07-20 19:10:25.379834,804.6,Grocery,Quatre Bornes,0
cfa0d6d1-74cf-4fa6-9f68-a62a21f2f0ce,CUST00125,2026-07-20 19:13:14.379834,2507.14,Pharmacy,Mahebourg,0
33b5abc8-b4ba-4fd2-9f28-94f0fbfeeb4b,CUST00111,2026-07-20 19:27:21.379834,1927.53,Restaurant,Mahebourg,0
2dc923cd-ab46-4c29-86c3-6551afab9823,CUST00047,2026-07-20 19:31:22.379834,942.6,Fuel Station,Flacq,0
fd509889-103b-4a10-ae3a-8460e3af4e26,CUST00150,2026-07-20 19:36:06.379834,2953.4,Electronics,Quatre Bornes,0
8a5e73a2-dae2-4133-ad4a-3b5a04cf781f,CUST00110,2026-07-20 19:37:38.379834,604.51,Electronics,Quatre Bornes,0
48afd288-2dde-4d24-bc34-053f6d66be8f,CUST00196,2026-07-20 19:41:52.379834,2585.48,Electronics,Rose Hill,0
516aeff4-7d76-4709-aa98-9e9dd192632f,CUST00098,2026-07-20 19:43:51.379834,517.55,Utility Bill,Vacoas,0
79a4b08c-6722-44aa-9309-956ae5ab729f,CUST00098,2026-07-20 19:50:51.379834,517.55,Utility Bill,Vacoas,1
47771352-d868-499b-a96e-75f61db7697f,CUST00098,2026-07-20 19:59:51.379834,517.55,Utility Bill,Vacoas,1
0b5bbc13-8d83-47e6-8082-5ad203650ac8,CUST00098,2026-07-20 20:04:51.379834,517.55,Utility Bill,Vacoas,1
8326f728-20ae-4e14-845a-60d499bc0782,CUST00131,2026-07-20 20:06:38.379834,611.37,Electronics,Vacoas,0
7dcc95ca-f6b0-4208-b322-d064ad24d454,CUST00151,2026-07-20 20:08:06.379834,6531.91,Restaurant,Mahebourg,0
cd5b330e-c5c9-4c6b-b610-86daf792cc5a,CUST00125,2026-07-20 20:19:54.379834,3801.04,Fuel Station,Mahebourg,0
f254ee6e-42c8-4529-bdb2-9d696d7e3f14,CUST00064,2026-07-20 20:21:16.379834,335.24,Travel,Grand Baie,0
bc818739-3a8b-4345-b5ac-3576d71c26df,CUST00059,2026-07-20 20:26:03.379834,2455.83,ATM Withdrawal,Curepipe,0
f1c7d383-f5ce-4880-ad9e-f1304938a255,CUST00141,2026-07-20 20:28:19.379834,202.62,Entertainment,Quatre Bornes,0
44ff5636-7f79-4181-ba93-df6f785f275a,CUST00074,2026-07-20 20:37:06.379834,2568.8,Pharmacy,Mahebourg,0
00d83934-4939-4d81-a6a8-d28ba4e79da3,CUST00020,2026-07-20 20:40:55.379834,2806.18,Utility Bill,Rose Hill,0
e6ec38ff-ce85-4685-86db-2a86eabf0355,CUST00035,2026-07-20 20:49:03.379834,2178.95,Grocery,Curepipe,0
54fab6bc-09cb-4afb-929d-dc034fb7ae9f,CUST00149,2026-07-20 20:49:32.379834,620.68,Electronics,Beau Bassin,0
59223ee6-0cf2-4444-87bb-467f149a8ac1,CUST00015,2026-07-20 20:58:01.379834,1749.39,Entertainment,Rose Hill,0
477bbc86-7a59-49f5-88d8-52c43004c0b7,CUST00075,2026-07-20 21:09:28.379834,338.76,Utility Bill,Rose Hill,0
4049bd22-c8c0-4308-8724-cc0c0dc94aa6,CUST00081,2026-07-20 21:18:32.379834,2900.26,ATM Withdrawal,Rose Hill,0
0312ae4c-eb84-40e1-bfc9-0f21deb10b5c,CUST00035,2026-07-20 21:22:59.379834,1542.13,Travel,Curepipe,0
1c3ab037-d896-4752-854e-d50a083225b3,CUST00149,2026-07-20 21:28:26.379834,409.56,ATM Withdrawal,Beau Bassin,0
f0391da6-4ee5-4c51-97e0-55e183f2a4f1,CUST00056,2026-07-20 21:47:49.379834,445.45,Entertainment,Port Louis,0
9023fbc5-db94-47b4-8f48-76bc081793af,CUST00092,2026-07-20 21:54:35.379834,1110.05,Travel,Beau Bassin,0
429985bd-db22-48e4-a6c8-681d653da629,CUST00076,2026-07-20 22:03:43.379834,531.47,Utility Bill,Quatre Bornes,0
812f8e4e-3418-4a51-9348-d477058405f8,CUST00189,2026-07-20 22:07:44.379834,2658.65,Entertainment,Rose Hill,0
a16b6008-7b9a-448f-b58a-898d64d7056c,CUST00147,2026-07-20 22:13:43.379834,515.24,ATM Withdrawal,Rose Hill,0
91205f78-519d-4806-aab3-0f06ee1b6425,CUST00153,2026-07-20 22:28:38.379834,3212.37,Grocery,Port Louis,0
b6fe8070-9c85-4e60-9c1a-f9163028ef88,CUST00162,2026-07-20 22:33:51.379834,500.78,Grocery,Port Louis,0
43b8aa36-f867-4390-b09f-6632d8d5b1e4,CUST00106,2026-07-20 22:39:39.379834,964.31,Restaurant,Tamarin,0
f853aeb9-0c4f-4889-bc2a-103ed6010421,CUST00017,2026-07-20 22:40:42.379834,1326.93,Electronics,Tamarin,0
4463896d-9ef4-4c64-b66d-cfc0d7957cdc,CUST00071,2026-07-20 23:04:39.379834,2229.48,Utility Bill,Curepipe,0
7adbdb6b-fc9b-443b-9037-b6d5c1170447,CUST00154,2026-07-20 23:09:16.379834,915.09,ATM Withdrawal,Tamarin,0
64cc7bcc-b2b9-4ff8-8496-06ac3da48d43,CUST00177,2026-07-20 23:14:10.379834,856.77,Travel,Tamarin,0
7bf841cb-b55a-4ab6-a132-b8b92f0a1d07,CUST00077,2026-07-20 23:19:04.379834,649.46,Utility Bill,Grand Baie,0
08f80be4-7f04-4daf-a6fe-eda8c459e40c,CUST00096,2026-07-20 23:23:43.379834,5695.42,Utility Bill,Grand Baie,0
fadd7cda-0948-4ab1-a2b9-0eddea4306bd,CUST00045,2026-07-20 23:41:35.379834,4718.13,Utility Bill,Mahebourg,0
6f613250-8562-4869-bc07-84169c7d1afb,CUST00164,2026-07-20 23:48:14.379834,1204.56,Entertainment,Tamarin,0
7cc66696-43da-4478-bce8-dfb4c225cec7,CUST00059,2026-07-20 23:55:49.379834,1766.09,Restaurant,Curepipe,0
0ed4f0b2-c838-48d3-a43d-ad9de119bcfb,CUST00185,2026-07-21 00:06:01.379834,1166.87,ATM Withdrawal,Grand Baie,0
65ba4926-4024-4ed6-b1e8-a1cfe380203c,CUST00019,2026-07-21 00:07:25.379834,530.09,Grocery,Mahebourg,0
491ff347-b713-4a67-ab94-ec6ea8fdcf44,CUST00018,2026-07-21 00:10:51.379834,1040.03,Restaurant,Port Louis,0
61148bc6-ce41-4342-ab83-475a81a4396d,CUST00145,2026-07-21 00:15:22.379834,2424.2,Fuel Station,Mahebourg,0
9807e76f-830e-49ee-b962-4f4d26313d63,CUST00093,2026-07-21 00:24:40.379834,1004.86,Restaurant,Rose Hill,0
00819904-661c-42c0-a7df-c8e45c2c3a03,CUST00065,2026-07-21 00:26:19.379834,1100.46,Pharmacy,Beau Bassin,0
d5361840-4288-43e6-9075-aa52fdc80046,CUST00166,2026-07-21 00:32:03.379834,4053.17,Restaurant,Curepipe,0
85a78d5e-13b5-45bb-9b08-ef972c94b0ca,CUST00062,2026-07-21 01:21:28.379834,1074.07,Fuel Station,Flacq,0
46d35bae-51fc-4327-8902-b0205d52cc2b,CUST00078,2026-07-21 01:29:23.379834,283.1,Grocery,Flacq,0
48b1fa3a-1abc-4956-8acf-25d60c27020b,CUST00057,2026-07-21 01:50:33.379834,906.25,ATM Withdrawal,Rose Hill,0
d92b3fa6-32c2-48dd-849a-b1f779d6fadd,CUST00107,2026-07-21 01:51:42.379834,3151.36,Restaurant,Flacq,0
95df2d36-ee4e-4bdf-9185-cbe6010b3524,CUST00002,2026-07-21 02:06:18.379834,1234.36,Entertainment,Vacoas,0
4d1ddd0c-a94d-45a5-9d99-44821af1fedb,CUST00164,2026-07-21 02:11:01.379834,1271.47,Online Retail,Tamarin,0
37a12904-36d4-48c4-ad0e-113b9378b913,CUST00179,2026-07-21 02:16:59.379834,1892.48,Travel,Rose Hill,0
be5ec9be-dd39-4c45-a99e-f38c6bc682c2,CUST00165,2026-07-21 02:21:11.379834,421.05,Utility Bill,Curepipe,0
38511741-8e4a-43eb-a671-872119cd36b1,CUST00073,2026-07-21 02:29:21.379834,2575.77,Grocery,Quatre Bornes,0
cc5efeec-087e-4439-8664-7943a0edb977,CUST00119,2026-07-21 02:32:00.379834,591.94,Entertainment,Tamarin,0
9fa862df-3eb3-4b73-ad36-156f1e5664e7,CUST00062,2026-07-21 02:51:49.379834,1151.67,Online Retail,Flacq,0
a36016d5-ef57-433d-aec2-f6dbbb43a575,CUST00082,2026-07-21 02:57:20.379834,567.89,Restaurant,Beau Bassin,0
6a9baf51-5fd0-40b8-827f-d92e0f16be6e,CUST00136,2026-07-21 02:59:10.379834,3233.84,Fuel Station,Quatre Bornes,0
320472cc-91f6-492d-9eca-59d89a4e375f,CUST00157,2026-07-21 03:04:17.379834,396.22,Fuel Station,Port Louis,0
c6895b06-86e2-4d74-8af6-a9d40634ff98,CUST00011,2026-07-21 03:08:04.379834,1117.05,Travel,Port Louis,0
b69a089d-7c15-4014-bb83-408694da9745,CUST00053,2026-07-21 03:15:26.379834,1811.53,Grocery,Tamarin,0
69642cfe-940c-497e-8aea-5b4103ed2668,CUST00186,2026-07-21 03:20:10.379834,1139.17,Restaurant,Mahebourg,0
d5cc28e7-8863-413c-a051-d96c76fc5248,CUST00065,2026-07-21 03:38:32.379834,1654.8,ATM Withdrawal,Beau Bassin,0
20277090-42a9-47a6-a3fd-d83d06e6bfc5,CUST00094,2026-07-21 03:52:36.379834,1912.16,Fuel Station,Grand Baie,0
8dcc990a-2078-402b-ad86-5ad2c66f0058,CUST00078,2026-07-21 03:52:46.379834,288.06,Pharmacy,Flacq,0
0607b81b-b531-4f8a-b37d-1528d7b610a7,CUST00179,2026-07-21 03:56:53.379834,1841.2,Grocery,Rose Hill,0
111684eb-5a2f-4929-988b-a0d5557cce2c,CUST00141,2026-07-21 03:58:10.379834,199.4,Grocery,Quatre Bornes,0
263681f9-492b-4326-b522-3539df442dfd,CUST00101,2026-07-21 04:03:39.379834,2305.03,ATM Withdrawal,Mahebourg,1
a9ec5ff1-0ab4-41ab-9754-88e3dfbc540a,CUST00189,2026-07-21 04:08:24.379834,5550.39,Fuel Station,Rose Hill,0
90fd3973-9293-4fa4-a37b-a10d3f96c28e,CUST00119,2026-07-21 04:15:56.379834,261.56,Grocery,Tamarin,0
2824119c-ea4a-439a-85e9-f5d0db11384e,CUST00027,2026-07-21 04:21:02.379834,1000.66,Travel,Port Louis,0
bce12402-3b4c-4ce2-ab9b-6ee7136d1d35,CUST00165,2026-07-21 04:23:04.379834,301.76,Entertainment,Curepipe,0
69a1dd22-a4d6-4068-a251-f9479d788eee,CUST00069,2026-07-21 04:26:30.379834,4736.1,Pharmacy,Rose Hill,0
83271f86-1a6e-4793-a7d5-42b857a44552,CUST00125,2026-07-21 04:35:04.379834,3127.83,Pharmacy,Mahebourg,0
e2855bb4-69d8-4e11-af5e-deb1fd0fc0f0,CUST00167,2026-07-21 04:39:24.379834,218.25,Electronics,Grand Baie,0
e6e8f3a6-5f6e-410c-947f-e28d51dc56aa,CUST00081,2026-07-21 04:42:57.379834,3677.62,Pharmacy,Rose Hill,0
0a69b8e8-c795-471d-86f3-accb4c080f50,CUST00162,2026-07-21 04:44:40.379834,712.87,Grocery,Port Louis,0
8b2ada93-2b86-4b18-a8f9-ce7cfc580861,CUST00099,2026-07-21 04:46:34.379834,3056.55,Travel,Quatre Bornes,0
aeedaff0-713e-48d2-9f91-93600b0972c1,CUST00058,2026-07-21 04:53:59.379834,2238.52,Online Retail,Vacoas,0
31f22cbc-a125-4473-96eb-f8d1a033b251,CUST00139,2026-07-21 05:05:06.379834,1060.25,Online Retail,Vacoas,0
0171a92f-681b-4ea1-af20-6d9e0f1e4ae1,CUST00093,2026-07-21 05:12:04.379834,1624.71,Entertainment,Rose Hill,0
6abf1676-d87f-4dad-94d7-23ac52813269,CUST00158,2026-07-21 05:15:07.379834,4320.41,Travel,Curepipe,0
48387173-bf9a-47cc-9969-8f7cd73b3b8e,CUST00174,2026-07-21 05:36:00.379834,947.67,Entertainment,Quatre Bornes,0
8ef27ba9-5254-4788-a532-3e7624657028,CUST00029,2026-07-21 05:45:39.379834,2235.3,Pharmacy,Flacq,0
df89acc4-6110-42c3-82ef-fe604b0d2758,CUST00176,2026-07-21 05:50:26.379834,1124.0,Electronics,Mahebourg,0
fc8130a7-a5be-4612-a6c9-786f635cb44d,CUST00166,2026-07-21 05:52:01.379834,2647.64,ATM Withdrawal,Curepipe,0
2a6652a7-797e-4d7f-94f7-a10009452bd7,CUST00052,2026-07-21 05:57:35.379834,2504.44,Electronics,Beau Bassin,0
2787129b-9e77-4060-8764-5d7c5b7717e8,CUST00008,2026-07-21 05:58:50.379834,1586.36,Fuel Station,Curepipe,0
14b55493-1394-42fb-bab5-c86857b72a17,CUST00147,2026-07-21 06:14:49.379834,1403.63,Pharmacy,Rose Hill,0
a2acf2b3-f855-4281-bf91-a77a2aa9dc4c,CUST00091,2026-07-21 06:20:28.379834,1719.43,Restaurant,Tamarin,0
6934dbfc-d0fc-408a-9743-de3b252d5a09,CUST00008,2026-07-21 06:30:20.379834,1802.67,Electronics,Curepipe,0
8f3a3a60-e0d9-4a2e-aa5a-75305b2a11f2,CUST00020,2026-07-21 06:34:49.379834,1960.26,Entertainment,Rose Hill,0
942f018f-4965-4720-a2fb-c292513dfe29,CUST00137,2026-07-21 06:38:19.379834,812.38,Travel,Grand Baie,0
c5b47526-4290-4188-aacf-c296ab5fb6f0,CUST00130,2026-07-21 06:46:06.379834,2330.58,Online Retail,Mahebourg,0
c086c311-98c0-4ca5-9857-0d29fc5e3bde,CUST00002,2026-07-21 06:53:26.379834,10370.97,Electronics,Vacoas,1
8f56344e-97cb-4e54-9399-13f7e3bace8a,CUST00054,2026-07-21 06:58:32.379834,1088.66,Grocery,Rose Hill,0
9ecb8583-286c-4ce2-b473-e297786395fc,CUST00195,2026-07-21 07:12:24.379834,1347.96,Online Retail,Mahebourg,0
4f77cfe8-60c0-4cfb-8534-b6366df69b47,CUST00104,2026-07-21 07:27:51.379834,1315.53,Online Retail,Tamarin,0
6e3674ba-3546-41c4-9b08-52d1664d5feb,CUST00186,2026-07-21 07:34:29.379834,2211.8,Restaurant,Mahebourg,0
71c4a499-7903-4a04-a42e-b7d6caefa015,CUST00193,2026-07-21 07:35:35.379834,799.03,Pharmacy,Port Louis,0
3488c8df-c2f8-4336-a1c3-295f24640fca,CUST00193,2026-07-21 08:23:03.379834,536.84,Restaurant,Port Louis,0
bc45843f-1ec2-4056-927a-aeb43243f185,CUST00007,2026-07-21 08:32:26.379834,1763.87,ATM Withdrawal,Mahebourg,0
88e99036-95e9-497b-a876-a265af2f9e0f,CUST00009,2026-07-21 08:36:24.379834,98.03,Electronics,Tamarin,0
63ca990d-c9ff-43be-a8f6-fad61cbb94cf,CUST00030,2026-07-21 08:40:17.379834,2179.13,Electronics,Beau Bassin,0
e33f105b-5c4c-4df0-83e2-5b54c95f5d78,CUST00041,2026-07-21 08:49:47.379834,3547.41,Restaurant,Tamarin,0
e5ffbf13-d577-4bb8-aa3c-91404f5a5019,CUST00024,2026-07-21 09:08:44.379834,3011.41,Travel,Grand Baie,0
d6bbd632-1bcd-47ee-811d-72e43fc4c1fe,CUST00161,2026-07-21 09:28:07.379834,270.62,Fuel Station,Rose Hill,0
708c7abd-d7e8-4f70-b9b2-82cb6457eb2d,CUST00167,2026-07-21 09:34:43.379834,521.87,Travel,Grand Baie,0
8214a69e-c365-44bd-8c6c-f257100e82a4,CUST00091,2026-07-21 09:43:16.379834,1384.76,Entertainment,Tamarin,0
f09564f6-e179-45ad-b859-145e8984b8c8,CUST00126,2026-07-21 09:45:05.379834,3084.08,Fuel Station,Vacoas,0
b9c135a1-9b9c-436d-b599-c75b7d87dd6a,CUST00053,2026-07-21 09:54:46.379834,1818.77,Travel,Tamarin,0
31db0359-9dec-46fc-8aab-e7db8a844ddd,CUST00193,2026-07-21 10:01:18.379834,208.02,Utility Bill,Port Louis,0
3636b7fc-4085-4780-9257-3fb0bb1c2452,CUST00027,2026-07-21 10:14:09.379834,403.14,Travel,Port Louis,0
9c5620d1-276d-4133-bbc0-8c6582fc0307,CUST00148,2026-07-21 10:15:57.379834,549.92,Entertainment,Quatre Bornes,0
13d8cc1e-b59e-44a5-b9ea-528130b7ce0a,CUST00186,2026-07-21 10:47:11.379834,1701.42,Restaurant,Mahebourg,0
2a90cde7-dd33-49c7-b612-a230cb3187df,CUST00190,2026-07-21 10:48:23.379834,3255.58,Pharmacy,Rose Hill,0
43b14e2e-3d95-4155-a5ae-24980103e7c0,CUST00135,2026-07-21 10:54:14.379834,861.07,Online Retail,Flacq,0
0a971a7e-8be9-4d2a-a8e3-f6d4b606fca0,CUST00125,2026-07-21 10:58:22.379834,1938.62,Grocery,Mahebourg,0
083395f3-bad2-45a5-8879-8a98dbce61a5,CUST00061,2026-07-21 11:11:56.379834,1261.32,Pharmacy,Curepipe,0
72fe4ee3-c6c5-4475-94b4-0c3607c18c7b,CUST00182,2026-07-21 11:31:31.379834,2744.25,Restaurant,Vacoas,0
9284791c-f61f-484f-b473-80208987cbe0,CUST00025,2026-07-21 11:31:59.379834,2481.16,Online Retail,Tamarin,0
0bf6b2e2-eec6-4f23-9b28-1fb619070629,CUST00148,2026-07-21 11:34:01.379834,307.22,Restaurant,Quatre Bornes,0
27156fac-71b0-41e7-a2a8-965e39b917ab,CUST00156,2026-07-21 11:42:57.379834,2636.45,Travel,Grand Baie,0
485b536c-55bb-4062-9d7a-08d9d746dca5,CUST00176,2026-07-21 12:10:58.379834,398.25,Entertainment,Mahebourg,0
4c88481c-4f17-4d9d-b997-c69f2da41267,CUST00027,2026-07-21 12:15:44.379834,1237.07,Travel,Port Louis,0
3873c6c4-31ba-4588-b3c0-ce87550ba10c,CUST00104,2026-07-21 12:21:02.379834,864.59,Grocery,Tamarin,0
2f35f98d-ca59-40a1-ae97-73f7b2982d50,CUST00108,2026-07-21 12:40:17.379834,2416.14,Utility Bill,Beau Bassin,0
0de2ff40-297f-4031-a099-c50d84f18de3,CUST00013,2026-07-21 12:57:01.379834,1134.6,Pharmacy,Curepipe,0
3193000d-800a-48e8-b945-c423e90c3005,CUST00065,2026-07-21 13:04:00.379834,1551.83,Restaurant,Beau Bassin,0
cbd73b74-d95e-42b4-9765-e13300d14246,CUST00006,2026-07-21 13:12:06.379834,628.6,Fuel Station,Curepipe,0
4241acf9-3aee-4b4f-93f4-ae60907e8913,CUST00184,2026-07-21 13:19:26.379834,4819.08,Restaurant,Beau Bassin,0
38caed06-bf22-429e-8c25-50a9fd2c36f6,CUST00005,2026-07-21 13:24:58.379834,2676.05,Electronics,Quatre Bornes,0
f75261c4-5da1-4278-9799-4891573713e3,CUST00013,2026-07-21 13:28:32.379834,1490.72,Restaurant,Curepipe,0
bb31237d-1742-4490-913e-161ea5812e49,CUST00086,2026-07-21 13:43:38.379834,301.85,Fuel Station,Beau Bassin,0
ed322961-7a82-41b4-a7d5-654637845a36,CUST00101,2026-07-21 14:04:45.379834,2452.04,ATM Withdrawal,Mahebourg,0
f7574cc6-9485-4f01-9967-301e8634cdc3,CUST00175,2026-07-21 14:05:44.379834,1959.65,Grocery,Vacoas,0
fa424747-8047-45ab-acf2-5c3a0d5bf69f,CUST00066,2026-07-21 14:17:52.379834,155.3,Entertainment,Quatre Bornes,0
c025f742-c817-4c77-8df4-705d5fe79c39,CUST00177,2026-07-21 14:24:51.379834,673.07,Pharmacy,Tamarin,0
6192422c-f5cd-490a-8bc6-e1de2c490267,CUST00191,2026-07-21 14:31:30.379834,3316.0,Grocery,Curepipe,0
b3784ab3-b11a-4ba5-a0ce-758dd9f045fd,CUST00057,2026-07-21 14:46:32.379834,488.08,Electronics,Rose Hill,0
63517348-2f88-4a87-9109-9a5ec5806580,CUST00101,2026-07-21 14:46:56.379834,1032.26,Fuel Station,Mahebourg,0
28345e64-fca7-4549-ac7c-f1d71791f3af,CUST00115,2026-07-21 14:53:01.379834,1085.16,Utility Bill,Curepipe,0
ee612fef-b9b9-4408-ad1a-569397546b4d,CUST00103,2026-07-21 14:58:39.379834,939.35,Pharmacy,Vacoas,0
be2b90b0-348a-4bf1-9891-7093ac3922a3,CUST00171,2026-07-21 14:59:38.379834,1090.12,Online Retail,Quatre Bornes,0
f7f860a7-9c1a-417a-977b-9c31fcdbf012,CUST00029,2026-07-21 15:05:51.379834,2702.95,Restaurant,Flacq,0
1434f156-70f1-43a5-8ab7-e258271a3f5c,CUST00002,2026-07-21 15:09:54.379834,728.81,Utility Bill,Vacoas,0
2373e150-afd7-41ab-967e-1c336d96b3cb,CUST00173,2026-07-21 15:10:18.379834,1910.15,Online Retail,Mahebourg,0
439b5c2f-f03a-403e-ad91-b05353e4e4cc,CUST00148,2026-07-21 15:15:41.379834,666.4,Restaurant,Quatre Bornes,0
3a108766-7ad7-4d86-8be7-aebc3aa0e05f,CUST00123,2026-07-21 15:15:47.379834,376.9,ATM Withdrawal,Tamarin,0
d0bea725-dd16-4fd8-893e-b00ee6e707dc,CUST00062,2026-07-21 15:23:20.379834,1110.17,Restaurant,Flacq,0
3f8499d7-2e6f-4c13-a4c1-3d88f318ce6d,CUST00024,2026-07-21 15:35:16.379834,1216.21,Electronics,Grand Baie,0
74d83097-a344-4588-985d-16bb76f2bdd5,CUST00002,2026-07-21 15:51:32.379834,1249.22,Grocery,Vacoas,0
ab0358d5-9535-4505-8a73-2d96df94fb83,CUST00080,2026-07-21 15:57:48.379834,103.15,Online Retail,Mahebourg,0
77df8f14-c4da-42b6-8897-f9e8be8a1937,CUST00122,2026-07-21 15:59:24.379834,1429.27,Pharmacy,Flacq,0
f35626f1-0935-4917-b039-695419e90db8,CUST00061,2026-07-21 16:10:54.379834,1061.27,Electronics,Curepipe,0
481df5ee-2f62-4cbd-8272-f2130c4e1f27,CUST00128,2026-07-21 16:16:15.379834,1977.93,Fuel Station,Port Louis,0
b9b88504-9b53-40d9-8c8f-60c2932a73ce,CUST00025,2026-07-21 16:17:28.379834,1489.94,Restaurant,Tamarin,0
5d8cb426-96fc-43b7-be1c-7189b01a2d14,CUST00196,2026-07-21 16:18:56.379834,1369.64,Grocery,Rose Hill,0
dd3dc6bf-0849-46bd-9175-01caa182a130,CUST00182,2026-07-21 16:35:59.379834,3146.23,Entertainment,Vacoas,0
5bc5d83e-abba-4c5c-beec-4c638d372be2,CUST00168,2026-07-21 16:40:23.379834,1640.7,Pharmacy,Curepipe,0
84cd19f1-eadf-4623-931f-c9de1c793fef,CUST00088,2026-07-21 16:42:21.379834,1626.21,Entertainment,Vacoas,0
87733a3d-58c1-41d0-9062-1e7fd2b85fee,CUST00118,2026-07-21 16:49:49.379834,1397.61,Electronics,Flacq,0
33973377-0ae3-4823-8a17-479fd02ef858,CUST00031,2026-07-21 17:10:25.379834,763.84,Pharmacy,Vacoas,0
2f1509a4-c4c5-49f1-a2eb-516b17561087,CUST00044,2026-07-21 17:13:46.379834,1035.27,Utility Bill,Grand Baie,0
a39a151e-1ce3-4acb-9387-0bcb64f53521,CUST00180,2026-07-21 17:16:13.379834,1492.98,Travel,Mahebourg,0
9a2167cd-d61c-45ca-ab0e-9ccc0ba2eff3,CUST00141,2026-07-21 17:17:08.379834,151.9,Travel,Quatre Bornes,0
d0263f5a-3969-4563-aef3-ad81aa275a18,CUST00192,2026-07-21 17:24:13.379834,1050.92,Entertainment,Beau Bassin,0
8a98c587-4cdb-477a-8221-7d0526a21ef9,CUST00018,2026-07-21 17:24:52.379834,1020.9,Pharmacy,Port Louis,0
2ff274fe-d9c7-4f2f-a3cd-5f8c4edf1692,CUST00148,2026-07-21 17:26:12.379834,962.8,Entertainment,Quatre Bornes,0
8891f71b-248b-49e4-a906-6596fc2c6a41,CUST00174,2026-07-21 17:27:13.379834,136.66,Entertainment,Quatre Bornes,0
7612a4a7-4ef2-4cc6-b0f6-82fa4bba0034,CUST00140,2026-07-21 17:30:08.379834,706.07,Pharmacy,Mahebourg,0
de6ca00b-694e-49ff-aec1-cdae046b8c4e,CUST00195,2026-07-21 17:36:43.379834,1189.53,Grocery,Mahebourg,0
f12b6fd5-2754-4d9d-87ac-b86c460a9259,CUST00065,2026-07-21 17:39:12.379834,973.34,Electronics,Beau Bassin,0
c0f8dde5-eb83-4101-9140-6d39ffdcb74f,CUST00041,2026-07-21 17:42:52.379834,3374.19,Travel,Tamarin,0
adc81d11-ee25-4fe3-a14f-191d2f53fa82,CUST00074,2026-07-21 17:47:10.379834,2873.43,Travel,Mahebourg,0
9ac5dbe9-a842-4948-be34-a63a04be06ec,CUST00128,2026-07-21 17:52:34.379834,1968.91,Online Retail,Port Louis,0
c5f0f208-8847-4d77-9765-522491771605,CUST00170,2026-07-21 17:53:33.379834,1230.35,Travel,Quatre Bornes,0
7ab719d6-20fa-4a66-b854-7ddd34ef9489,CUST00150,2026-07-21 17:54:03.379834,2892.82,Fuel Station,Quatre Bornes,0
f4f0f3d4-916a-476e-94da-108c0052dd19,CUST00132,2026-07-21 17:54:41.379834,742.74,Online Retail,Beau Bassin,0
63c0498d-a5db-458a-82f9-a1fee6e352d6,CUST00152,2026-07-21 17:54:58.379834,4369.27,Pharmacy,Mahebourg,0
d819b208-ffcf-40c5-a9e1-4654f20cdc5c,CUST00000,2026-07-21 18:07:05.379834,1596.03,Online Retail,Curepipe,0
32f7dece-e3e5-4f17-8504-3305bbbce644,CUST00050,2026-07-21 18:13:20.379834,930.34,Grocery,Vacoas,0
ccede16f-d9ab-4300-8184-cd2d9a36c877,CUST00136,2026-07-21 18:32:45.379834,2387.77,Electronics,Quatre Bornes,0
1fed9254-16c0-41ad-be87-01a458e10165,CUST00083,2026-07-21 18:44:51.379834,1204.22,Grocery,Port Louis,0
4191f65d-554c-404c-890e-b747750fe17e,CUST00192,2026-07-21 18:56:08.379834,1336.43,Fuel Station,Beau Bassin,0
fd4b4c27-50f9-4921-9e90-afe096ce6bf4,CUST00043,2026-07-21 19:17:37.379834,418.59,Fuel Station,Port Louis,0
dfe07cc0-6237-49cd-a3fb-2095e94df667,CUST00011,2026-07-21 19:18:00.379834,2750.68,Utility Bill,Port Louis,0
96cce477-7a6a-447c-b5fd-3e28c1f9dbcb,CUST00032,2026-07-21 19:36:59.379834,813.73,Grocery,Quatre Bornes,0
f493ce54-00ce-43e0-8507-9b7e9b123048,CUST00189,2026-07-21 19:55:24.379834,5116.95,Grocery,Rose Hill,0
f78c6ec1-ccfb-46f5-af2e-8d795921e85b,CUST00075,2026-07-21 20:08:53.379834,390.8,Restaurant,Rose Hill,0
4f11e545-226c-4db1-bc22-6e09165872f8,CUST00142,2026-07-21 20:22:06.379834,1179.44,Pharmacy,Mahebourg,0
960d9f16-871c-4b0a-8a58-1f7c94252812,CUST00191,2026-07-21 20:42:39.379834,2766.79,Pharmacy,Curepipe,0
df40e705-e92a-4393-8866-69dca9e58a93,CUST00063,2026-07-21 20:47:34.379834,2228.26,Fuel Station,Vacoas,1
65832125-2e42-4b52-ad02-5d564f635092,CUST00129,2026-07-21 20:53:07.379834,1821.61,Travel,Curepipe,0
0c4cf1b9-74a1-40eb-a957-89eb09b8583f,CUST00109,2026-07-21 21:00:32.379834,613.98,Fuel Station,Rose Hill,0
59224e65-8143-41c1-8488-86e52a977761,CUST00142,2026-07-21 21:04:45.379834,1740.55,Grocery,Mahebourg,0
bf683cf6-f103-4c9e-8142-990a7d47cc6a,CUST00020,2026-07-21 21:04:48.379834,2067.5,ATM Withdrawal,Rose Hill,0
60c9a398-5b4f-4d08-add5-89dfc45fe9c3,CUST00167,2026-07-21 21:08:14.379834,510.97,Grocery,Grand Baie,0
46ac3fe5-cdec-485c-9a34-2b6bca6e7b9e,CUST00102,2026-07-21 21:22:29.379834,810.7,Entertainment,Mahebourg,0
8ad4be16-e593-40fa-bafd-37fb010ed2f2,CUST00153,2026-07-21 21:33:38.379834,3765.21,Fuel Station,Port Louis,0
8151e565-71df-4a8f-a3e5-0cf85f835efb,CUST00126,2026-07-21 21:40:16.379834,1908.05,Entertainment,Vacoas,0
1a151cb9-069d-4501-a759-5d6f4b7d86bd,CUST00003,2026-07-21 21:40:54.379834,2862.67,Restaurant,Lagos,1
d62d0f12-aa03-4b32-a9f2-04ff2b1258db,CUST00136,2026-07-21 21:42:18.379834,2278.64,Utility Bill,Quatre Bornes,0
5e18a38e-d751-4e1b-809b-32d3e78c1639,CUST00074,2026-07-21 21:53:55.379834,4468.7,Pharmacy,Mahebourg,0
b24da7f0-db24-42a6-8e35-60ae012b3de3,CUST00137,2026-07-21 22:02:14.379834,485.14,Utility Bill,Grand Baie,0
fe5f308f-a6ab-4bba-8bea-2a10357bcd4f,CUST00114,2026-07-21 22:13:38.379834,2007.7,ATM Withdrawal,Port Louis,0
74156552-3b6f-4050-bb0d-5e90439fd92c,CUST00140,2026-07-21 22:38:56.379834,816.83,Fuel Station,Mahebourg,0
25bfd9b3-609c-4679-ac73-593c5ead64d9,CUST00191,2026-07-21 22:41:50.379834,3552.22,Entertainment,Curepipe,0
82724b9f-c5b2-46e3-936f-daa32a0edb9e,CUST00129,2026-07-21 22:49:56.379834,3164.78,Entertainment,Curepipe,0
513ff375-1f10-4cac-91ed-68b00941f6e3,CUST00079,2026-07-21 23:08:08.379834,1170.82,Utility Bill,Vacoas,0
dcbb3a13-b638-439e-8a18-91b870b22e15,CUST00142,2026-07-21 23:15:00.379834,973.04,Electronics,Mahebourg,0
cdaa0540-f0be-4692-9827-de46b772de12,CUST00163,2026-07-21 23:20:28.379834,1336.36,Pharmacy,Rose Hill,0
357ce95e-210d-4414-a051-8beae50ae734,CUST00088,2026-07-21 23:34:04.379834,1237.5,Restaurant,Vacoas,0
b0380059-d20c-4db8-8816-9e78e0ee5335,CUST00155,2026-07-22 00:11:26.379834,2613.69,Pharmacy,Beau Bassin,0
c35b01b2-59f5-450c-a781-98dd1820afa1,CUST00041,2026-07-22 00:17:30.379834,4822.36,Electronics,Tamarin,0
7126a7b4-3191-42dc-a96a-a5258ecd3eed,CUST00070,2026-07-22 00:25:09.379834,1107.45,Online Retail,Vacoas,0
c2d014b0-6baa-4129-a388-2415b107d209,CUST00090,2026-07-22 00:35:50.379834,2308.95,Grocery,Rose Hill,0
5604589a-e650-4b62-b673-3b3cfb540134,CUST00139,2026-07-22 00:48:48.379834,938.91,Online Retail,Vacoas,0
96e9d06e-73bc-4c2f-b37f-40388b53c1df,CUST00183,2026-07-22 00:52:38.379834,1625.69,Restaurant,Flacq,0
5443aaf3-5cd2-4441-8467-1fb05d8c8948,CUST00008,2026-07-22 00:56:12.379834,2083.68,Utility Bill,Curepipe,0
4c1d2567-991a-498a-957f-786c398d7497,CUST00062,2026-07-22 01:08:29.379834,1523.43,Restaurant,Flacq,0
81abcc76-1ffe-4ba6-beae-a6a59472fb2f,CUST00018,2026-07-22 01:13:03.379834,962.09,Restaurant,Port Louis,0
68454e09-9ad4-44d0-b4f3-a2d0b34bab51,CUST00004,2026-07-22 01:29:41.379834,1411.51,Electronics,Rose Hill,0
2cf07c74-54a0-4307-8a39-1b2bf9ab9fac,CUST00131,2026-07-22 01:40:56.379834,1017.2,Pharmacy,Vacoas,0
826e6d5f-e0d3-4584-ba03-675cf1d111f2,CUST00162,2026-07-22 01:47:32.379834,829.45,Entertainment,Port Louis,0
c16dcd19-43cf-4a52-962f-f300209f5914,CUST00135,2026-07-22 01:59:58.379834,474.14,Travel,Flacq,0
b9eaf635-8b04-4589-95d4-a8b5cca91118,CUST00009,2026-07-22 02:06:27.379834,250.19,Travel,Tamarin,0
12018b55-3e94-46f3-ba3b-7420efb1d2af,CUST00125,2026-07-22 02:18:41.379834,2282.5,Pharmacy,Mahebourg,0
260daeb2-5942-4472-98d9-ae4b94bf2bef,CUST00162,2026-07-22 02:20:28.379834,561.83,Travel,Port Louis,0
6497d49b-12de-4824-aed5-52cad9f478e4,CUST00037,2026-07-22 02:29:43.379834,865.95,Fuel Station,Flacq,0
3d6040da-4df9-4bfd-a747-232fec652d89,CUST00097,2026-07-22 02:32:02.379834,2240.65,Entertainment,Quatre Bornes,0
e7c0d063-1b04-445e-9a7d-1f8a9d169609,CUST00104,2026-07-22 03:07:35.379834,1363.02,Grocery,Tamarin,0
db8b7c50-e9d9-447b-b1b6-f9c60692e061,CUST00105,2026-07-22 03:08:11.379834,1382.23,Fuel Station,Flacq,0
f348330e-1ca3-4702-ac49-921cd115f81d,CUST00071,2026-07-22 03:11:46.379834,2257.46,Electronics,Curepipe,0
dd25962b-9b9a-4e77-9120-a92720f59957,CUST00094,2026-07-22 03:13:25.379834,2033.98,ATM Withdrawal,Grand Baie,0
e7e08aad-c26c-4d81-a649-081f4b12f9db,CUST00032,2026-07-22 03:27:46.379834,760.97,Pharmacy,Quatre Bornes,0
c68e1b8a-41a4-4c33-97f6-1e02774e6bf0,CUST00107,2026-07-22 03:43:06.379834,2469.93,Utility Bill,Flacq,0
8faac62a-b1f6-403e-a004-091e7945ed8b,CUST00000,2026-07-22 03:48:40.379834,1714.44,Travel,Curepipe,0
f2744725-08ab-4364-92dc-1855cc0ae9b5,CUST00174,2026-07-22 03:48:44.379834,3108.29,Electronics,Quatre Bornes,0
f6e6e85c-5b18-4da3-90d8-0538450cea63,CUST00037,2026-07-22 03:49:02.379834,829.27,Travel,Flacq,0
ae69e9eb-d4b2-41f5-96a8-f223db5db7b2,CUST00197,2026-07-22 03:58:26.379834,719.65,ATM Withdrawal,Tamarin,0
00f00a0e-5580-405f-b3c7-c82c3adc800a,CUST00029,2026-07-22 04:09:47.379834,3129.21,Pharmacy,Flacq,0
440c406e-119c-40c0-aa68-d40b6bab6007,CUST00113,2026-07-22 04:19:05.379834,2622.53,Electronics,Curepipe,0
55802b3c-9898-43be-bc57-a3227155b811,CUST00167,2026-07-22 04:32:14.379834,456.92,Pharmacy,Grand Baie,0
57c59208-de2e-4dd8-899c-b99a1be6dfca,CUST00030,2026-07-22 04:34:28.379834,1948.8,Fuel Station,Beau Bassin,0
8981e1c0-6f94-4fad-9946-a4f859a306e7,CUST00160,2026-07-22 04:46:23.379834,2435.43,Entertainment,Vacoas,0
2aceb542-acf0-40e0-9702-7ca4c69b7d40,CUST00093,2026-07-22 04:50:19.379834,2195.43,Travel,Rose Hill,0
3b629779-babb-4ed2-b0f3-292e8d0e2b9e,CUST00079,2026-07-22 04:50:23.379834,1697.39,Grocery,Vacoas,0
abbdb64a-23ef-4d2b-9fa7-70bd3b32534e,CUST00119,2026-07-22 04:51:45.379834,425.79,Entertainment,Tamarin,0
5fc78fe8-2023-4825-9878-d9c4bfa980fc,CUST00058,2026-07-22 05:10:12.379834,2292.54,Grocery,Vacoas,0
334d5bb3-9d11-42f1-9d60-368b73cfe82c,CUST00011,2026-07-22 05:10:15.379834,2241.94,Travel,Port Louis,0
8489420c-5551-41e0-bf1f-2f89c4f2d4ee,CUST00127,2026-07-22 05:25:47.379834,2833.04,Entertainment,Mahebourg,0
ac42219c-7777-4044-96bf-56b7e21a1b22,CUST00102,2026-07-22 05:25:59.379834,1668.26,Utility Bill,Mahebourg,1
7c7ff984-5c38-4d94-95b1-130970ae7e9b,CUST00027,2026-07-22 05:31:16.379834,768.92,Pharmacy,Port Louis,0
ee83752a-b8ae-4cae-a3fd-4755c2ca3726,CUST00121,2026-07-22 05:34:21.379834,1800.64,Fuel Station,Flacq,0
b06bbe0b-79c3-4ea9-957e-8fc7b04fa098,CUST00111,2026-07-22 05:48:21.379834,2302.01,Restaurant,Mahebourg,0
a703b02d-d2df-4b22-a124-87984fefaa2a,CUST00024,2026-07-22 05:59:28.379834,2705.57,Electronics,Grand Baie,0
4acea6b5-958d-4f6c-800c-ff459e07b35d,CUST00041,2026-07-22 06:02:20.379834,3594.8,Restaurant,Tamarin,0
297903ad-97a0-4d7f-ac7d-6a3e6f46ba5b,CUST00037,2026-07-22 06:15:38.379834,920.07,Travel,Flacq,0
d2fc6102-efbc-4300-9728-6353212ac6ab,CUST00080,2026-07-22 06:23:02.379834,426.98,Electronics,Mahebourg,0
608ce141-4c47-42cb-be85-cf4865c31798,CUST00106,2026-07-22 06:23:19.379834,1745.37,Pharmacy,Tamarin,0
2b6a11d6-fd5a-4098-a32f-cb4516a7ac42,CUST00066,2026-07-22 06:39:17.379834,181.49,Utility Bill,Quatre Bornes,0
615b9fc4-4f48-4c6f-a53c-0718e810b780,CUST00056,2026-07-22 06:57:07.379834,647.96,Electronics,Port Louis,0
67aba73f-7561-4ece-8930-d4f3365b0bf5,CUST00090,2026-07-22 06:59:49.379834,1555.77,Travel,Rose Hill,0
0107cdf5-9850-4c06-8a63-e4af0a4922cb,CUST00015,2026-07-22 07:03:45.379834,1628.69,Fuel Station,Rose Hill,0
0bbacb04-5dcb-4461-ae64-7234eef5f8f9,CUST00024,2026-07-22 07:24:14.379834,2516.79,Fuel Station,Grand Baie,0
a7d74c0d-96c1-4f00-a193-c616b6bc1588,CUST00122,2026-07-22 07:31:33.379834,749.73,Pharmacy,Flacq,0
474ddb72-d323-4175-9d1c-9af6eb08e3c2,CUST00129,2026-07-22 07:43:48.379834,1809.29,Electronics,Curepipe,0
711e2c99-4d41-495f-8794-10b0c809fc99,CUST00153,2026-07-22 07:51:15.379834,3260.08,Fuel Station,Port Louis,0
e74127a7-df78-4f3d-baed-420b7705493f,CUST00114,2026-07-22 07:54:32.379834,2105.31,Entertainment,Port Louis,0
ed236ba2-29cb-4362-b7a2-97ec9c950a7b,CUST00184,2026-07-22 07:57:20.379834,3290.74,Restaurant,Beau Bassin,0
66bc0250-cf41-469b-8023-7b7e58845d56,CUST00190,2026-07-22 08:00:17.379834,2605.32,Electronics,Rose Hill,0
6caccf80-7b61-46ef-bebd-4dc443824054,CUST00112,2026-07-22 08:18:38.379834,1089.99,Travel,Grand Baie,0
5d4d7b39-4b96-45b2-bb57-49b1cf3b03f3,CUST00177,2026-07-22 08:24:07.379834,634.46,Restaurant,Tamarin,0
2ad4510a-ed6b-4f76-9371-0fee4e0c48f7,CUST00023,2026-07-22 08:33:06.379834,754.01,Electronics,Rose Hill,0
ce892c33-8825-45db-b4ad-045640fd0477,CUST00124,2026-07-22 08:43:29.379834,3312.31,ATM Withdrawal,Grand Baie,0
89e7c8c1-391c-4163-9037-acd151643ea5,CUST00023,2026-07-22 08:44:28.379834,1197.24,Fuel Station,Rose Hill,0
e6f7fbde-db98-4049-9db0-19124db4f9ab,CUST00113,2026-07-22 08:45:20.379834,1552.18,Utility Bill,Curepipe,0
772f3610-88b9-47e1-85e5-fe0037a6453c,CUST00010,2026-07-22 09:00:02.379834,516.97,Fuel Station,Flacq,0
84641036-681c-483a-8de9-2c82282a5d8a,CUST00096,2026-07-22 09:09:23.379834,2943.86,Entertainment,Grand Baie,0
412052bf-cb8c-497f-bedf-22620cd10d30,CUST00185,2026-07-22 09:22:57.379834,956.92,ATM Withdrawal,Grand Baie,0
fdafc20c-1d25-4c2b-a8f3-c0f0a1038768,CUST00166,2026-07-22 09:23:39.379834,5569.04,Online Retail,Curepipe,0
a507fcf5-5828-452d-b936-e9ab079af7f1,CUST00141,2026-07-22 09:28:22.379834,1038.83,Entertainment,Quatre Bornes,1
a594eb9c-baca-4e51-8d49-cd984f6b3865,CUST00193,2026-07-22 09:30:00.379834,624.91,Online Retail,Port Louis,0
b3ffc745-6ea0-40ae-b455-6801760666fe,CUST00016,2026-07-22 09:50:20.379834,689.41,ATM Withdrawal,Mahebourg,0
167e0e8d-2a92-44a0-9dc6-0414f3795701,CUST00034,2026-07-22 10:01:27.379834,1612.61,Fuel Station,Beau Bassin,0
a0ee0d45-5479-4c0b-b125-02ceb878a2eb,CUST00141,2026-07-22 10:09:07.379834,152.72,Electronics,Quatre Bornes,0
d00ed1c2-3ad2-4047-a718-41ea77496bb5,CUST00174,2026-07-22 10:12:32.379834,3150.46,Pharmacy,Quatre Bornes,0
51fa6356-af57-4fdb-bcea-110d935713ec,CUST00041,2026-07-22 10:13:49.379834,3620.2,Travel,Tamarin,0
f515f866-cb2a-4ea9-b1d5-b2ff63d2bfd6,CUST00034,2026-07-22 10:27:33.379834,2590.02,Utility Bill,Beau Bassin,0
9fc58756-0523-4540-9e84-43865c223034,CUST00183,2026-07-22 10:37:13.379834,3671.97,Fuel Station,Flacq,0
5418b55c-dc3d-41db-9b9f-ef1f9047bd96,CUST00078,2026-07-22 10:42:31.379834,170.73,Travel,Flacq,0
f91b89e3-0244-4b90-bd30-4802e179c3cb,CUST00116,2026-07-22 10:51:19.379834,648.4,Restaurant,Quatre Bornes,0
2cc35aec-1ee7-4e4b-a0cb-f486aead3a02,CUST00056,2026-07-22 11:02:02.379834,646.57,Travel,Port Louis,0
988af73e-7807-4ece-9789-94b6b8bbf2f0,CUST00098,2026-07-22 11:36:39.379834,400.24,ATM Withdrawal,Vacoas,0
8c96e6be-3411-41dc-86b6-cf12459645b8,CUST00197,2026-07-22 11:49:50.379834,661.56,Electronics,Tamarin,0
de3ab592-86c1-41ee-b6ff-b86e2aa454fc,CUST00121,2026-07-22 11:50:15.379834,1297.26,Electronics,Flacq,0
a960e925-1c8a-41b8-bebf-2060cd9a5703,CUST00149,2026-07-22 11:53:18.379834,416.53,Travel,Beau Bassin,0
ad06cd13-d17d-4e63-983e-a8e95e886900,CUST00083,2026-07-22 12:06:54.379834,1083.39,Fuel Station,Port Louis,0
c3610462-6217-4c76-9cad-c2ead8d3cc39,CUST00080,2026-07-22 12:10:03.379834,521.02,Travel,Mahebourg,0
61928329-fded-4e4f-a2cc-0235564943e8,CUST00012,2026-07-22 12:14:33.379834,2673.17,Fuel Station,Port Louis,0
c08f816c-1bc8-4332-be95-7c1684d22670,CUST00191,2026-07-22 12:18:50.379834,3140.13,Electronics,Curepipe,0
c014af1b-6a6d-4dc2-8be3-d1bedcaa74fd,CUST00025,2026-07-22 13:13:24.379834,1567.02,Entertainment,Tamarin,0
5237ebd2-d48d-4935-8cb8-2163d25201e7,CUST00002,2026-07-22 13:13:33.379834,1090.88,Utility Bill,Vacoas,0
7a5f0920-a67c-471a-96d8-f2ab04c4d9d4,CUST00133,2026-07-22 13:23:18.379834,6502.74,Pharmacy,Curepipe,0
ecda308b-6195-4c80-b407-2e258b14bc95,CUST00066,2026-07-22 13:30:28.379834,207.95,ATM Withdrawal,Quatre Bornes,0
c6c57b04-3686-4186-b8d3-0823215767ec,CUST00199,2026-07-22 13:33:24.379834,448.78,Restaurant,Port Louis,0
59eeacc0-35ca-4e53-828b-3432aa6d122a,CUST00051,2026-07-22 13:49:57.379834,589.77,Fuel Station,Tamarin,0
c31faa93-f87d-4223-a93f-9dab71f5df0a,CUST00019,2026-07-22 13:57:22.379834,444.75,Fuel Station,Mahebourg,0
b4af4689-e63a-4f54-b0f6-ff49cdb8a7c7,CUST00121,2026-07-22 13:58:49.379834,1990.73,ATM Withdrawal,Flacq,0
80e9ed55-71f3-465d-aaed-88d803cb01a7,CUST00172,2026-07-22 14:15:26.379834,1201.71,Online Retail,Grand Baie,0
65331272-3cad-415e-8ad5-91eedfddaca9,CUST00155,2026-07-22 14:21:16.379834,2093.61,Utility Bill,Beau Bassin,0
c9b295cf-193d-4f73-9520-24f1916abcc4,CUST00041,2026-07-22 14:28:31.379834,3167.42,Restaurant,Tamarin,0
aa746882-56fd-4708-b10a-41579baf8ad1,CUST00164,2026-07-22 14:35:26.379834,1206.82,Restaurant,Tamarin,0
9e7956a2-b48b-4c40-a919-ba1afa60b09a,CUST00028,2026-07-22 14:36:11.379834,467.17,Grocery,Quatre Bornes,0
f294c8c1-24ec-4f9f-b6e3-84c4a169ffa6,CUST00086,2026-07-22 14:41:40.379834,191.81,Pharmacy,Beau Bassin,0
557773d6-6396-4848-94a5-f76055d7b20a,CUST00191,2026-07-22 14:42:50.379834,2183.28,Travel,Curepipe,0
c925d785-8a0f-4aa2-b068-897315c17158,CUST00076,2026-07-22 14:46:24.379834,343.14,ATM Withdrawal,Quatre Bornes,0
018f6c0c-b6d6-4227-8945-b6c4ff321cc7,CUST00159,2026-07-22 14:55:17.379834,466.58,Grocery,Beau Bassin,0
6c951e60-41ff-4cbc-a87f-85a5f84dfeed,CUST00173,2026-07-22 15:00:24.379834,2872.58,Travel,Mahebourg,0
015b6af0-5847-4bce-8a6a-efbcf78878de,CUST00084,2026-07-22 15:01:01.379834,1072.05,ATM Withdrawal,Rose Hill,0
bf02ec08-bd9d-4cf7-bc0f-dfde0417a80f,CUST00190,2026-07-22 15:24:37.379834,5258.04,Online Retail,Rose Hill,0
138cfc54-69e9-4dbf-a954-ac69c4f88bf4,CUST00165,2026-07-22 15:38:19.379834,1285.09,Grocery,Curepipe,0
03754b9f-ba7e-4cf3-ab6b-ca6c0db88042,CUST00030,2026-07-22 15:46:20.379834,1896.43,Utility Bill,Bogota,1
9fbe497f-b84c-4531-97b9-71452f9cc8fe,CUST00192,2026-07-22 16:04:29.379834,1526.08,Fuel Station,Beau Bassin,0
968eb249-c3bd-4c14-9771-f299f0714597,CUST00153,2026-07-22 16:11:23.379834,3886.85,Restaurant,Port Louis,0
6f9fe302-460b-40d9-83ce-9c7a546daa61,CUST00091,2026-07-22 16:17:20.379834,1009.75,Online Retail,Tamarin,0
3e83223f-ba3c-4255-8ea8-6b7e9e7c21af,CUST00040,2026-07-22 16:27:57.379834,2075.16,Grocery,Beau Bassin,0
b16ebd3d-37d5-4a80-a88a-6a39814d298f,CUST00107,2026-07-22 16:41:36.379834,2748.16,Utility Bill,Flacq,0
28ca5c98-df57-4129-be77-6da0b52db1c8,CUST00088,2026-07-22 16:42:55.379834,1461.48,Restaurant,Vacoas,0
1b9f328e-a49a-4152-ba61-93a4aec57797,CUST00057,2026-07-22 16:50:50.379834,1212.47,ATM Withdrawal,Rose Hill,0
9683c4f5-3850-47f0-b2e3-e8cc9b011b9e,CUST00132,2026-07-22 17:03:17.379834,986.86,Grocery,Beau Bassin,0
717f51f9-d68d-4daa-9ed4-01394fbc2e7c,CUST00153,2026-07-22 17:07:23.379834,2202.72,Restaurant,Port Louis,0
b6b9d39c-74be-42de-938d-2bbdf31257e9,CUST00075,2026-07-22 17:08:40.379834,358.86,Travel,Rose Hill,0
c7b3c920-d206-450f-a5b8-d3609f087229,CUST00120,2026-07-22 17:22:12.379834,686.79,Pharmacy,Curepipe,0
dbaf4eff-1888-4d44-b22e-03ed3b12a2e8,CUST00154,2026-07-22 17:23:19.379834,756.48,Utility Bill,Tamarin,0
e3645b5c-3500-4d32-81de-1876c8b9016b,CUST00048,2026-07-22 17:45:35.379834,822.9,Pharmacy,Curepipe,0
f316cd83-6a05-404f-8780-1242a32e7f20,CUST00048,2026-07-22 18:08:10.379834,988.88,Fuel Station,Curepipe,0
77c04be7-4654-4260-b73c-3b7a355de561,CUST00160,2026-07-22 18:23:30.379834,1868.84,Fuel Station,Vacoas,0
e771a77d-86f1-4a2d-9d3c-8140b51ad505,CUST00106,2026-07-22 18:30:15.379834,958.29,Grocery,Tamarin,0
7417b4d2-c018-47f5-9714-5aa9b9b13bac,CUST00083,2026-07-22 18:30:25.379834,847.23,Online Retail,Port Louis,0
75e7cf86-bab5-424c-b954-5717cd0fdf9c,CUST00097,2026-07-22 18:40:21.379834,1155.27,Restaurant,Quatre Bornes,0
f640351a-e4bf-4e59-a9bc-fa5351b761f6,CUST00016,2026-07-22 18:53:23.379834,677.94,Restaurant,Mahebourg,0
567c3233-05bd-4d3d-b150-1a9996a9bff1,CUST00002,2026-07-22 18:56:01.379834,872.28,Fuel Station,Vacoas,0
c3680e7b-f035-4a6e-90ca-945447361d2a,CUST00046,2026-07-22 18:56:10.379834,1231.46,Travel,Curepipe,0
7488192a-27e7-49b8-a5a8-acbd69106c28,CUST00070,2026-07-22 19:09:02.379834,6646.6,Pharmacy,Vacoas,1
cac8c46e-fc58-4ed0-9791-c62a7f910ed8,CUST00193,2026-07-22 19:22:01.379834,376.51,Electronics,Port Louis,0
07d3654b-625e-4920-a016-cc80c2157c07,CUST00059,2026-07-22 19:25:14.379834,1440.01,Fuel Station,Curepipe,0
51805e1d-b30c-4196-813e-c2676042f97b,CUST00155,2026-07-22 19:40:31.379834,2134.92,Online Retail,Beau Bassin,0
d1098b3e-4824-4979-a9d9-c0f71985854a,CUST00036,2026-07-22 19:41:36.379834,1015.15,Electronics,Curepipe,0
c292bc90-0ae3-4ea8-a04f-a3b1d83b3cf4,CUST00118,2026-07-22 19:41:56.379834,2192.79,Utility Bill,Flacq,0
eac5bde1-8d0d-4834-be46-c56746f8eed6,CUST00070,2026-07-22 19:48:44.379834,976.14,Travel,Vacoas,0
d22b0243-be82-4ebb-a71e-17109a310d6d,CUST00108,2026-07-22 19:59:10.379834,2555.98,Pharmacy,Beau Bassin,0
5c9db39b-fb92-4c74-a803-4773dec314f7,CUST00152,2026-07-22 20:05:03.379834,3133.17,Online Retail,Mahebourg,0
2c3e1dec-94f9-4b7c-b8c7-2811262a0d56,CUST00057,2026-07-22 20:07:22.379834,833.6,Online Retail,Rose Hill,0
94093e89-130e-41a1-911c-fef0ce8195ee,CUST00154,2026-07-22 20:27:15.379834,1050.29,Pharmacy,Tamarin,0
025f126d-4bf7-4e31-a7b8-ca065ad16626,CUST00095,2026-07-22 20:38:24.379834,424.36,Fuel Station,Flacq,0
b1f89146-b0ae-4dc0-b065-9924bad33b21,CUST00064,2026-07-22 20:38:54.379834,524.16,Online Retail,Grand Baie,0
faf2c24d-512d-44ab-8561-b405f8f8acdc,CUST00085,2026-07-22 20:45:15.379834,281.23,Pharmacy,Port Louis,0
4ab3f785-a291-4523-9a29-909ce0ec7f14,CUST00174,2026-07-22 20:53:19.379834,3234.92,Restaurant,Quatre Bornes,0
a9e04e74-2cb0-4d7a-9c4c-db837580f2d6,CUST00082,2026-07-22 21:05:58.379834,900.24,Restaurant,Beau Bassin,0
15031bfe-fd19-447d-bd09-5d1be9b271e7,CUST00101,2026-07-22 21:06:49.379834,1661.92,Entertainment,Mahebourg,0
fc1cca4a-b764-4db8-9b80-4c45b6eb1194,CUST00172,2026-07-22 21:12:00.379834,802.24,Pharmacy,Grand Baie,0
7474cf18-4bb4-4a77-a0ec-c7dd4742e1f3,CUST00035,2026-07-22 21:28:26.379834,2021.01,Electronics,Curepipe,0
657621a9-92b8-4741-9ff7-e6fa6798d854,CUST00034,2026-07-22 21:37:52.379834,1841.05,Restaurant,Beau Bassin,0
66f6d3dc-96a8-4a7b-a757-f44fcf6df413,CUST00048,2026-07-22 21:39:31.379834,1171.35,Grocery,Curepipe,0
72ed4755-9886-46c5-bee9-d2f8b36d0b15,CUST00161,2026-07-22 21:52:25.379834,256.2,Pharmacy,Rose Hill,0
b0b38c65-cc9e-4c24-8779-b7ee82e8e877,CUST00143,2026-07-22 22:06:38.379834,826.3,Restaurant,Curepipe,0
1f416002-a378-44d2-8c40-4fb6297d9455,CUST00037,2026-07-22 22:18:25.379834,650.31,Entertainment,Flacq,0
c1668c2e-b8e0-41fc-b9eb-553e1c934293,CUST00142,2026-07-22 22:19:17.379834,1381.08,Pharmacy,Mahebourg,0
6a9de377-249a-451b-b4f7-ca632eab0624,CUST00004,2026-07-22 22:23:00.379834,3372.35,Utility Bill,Rose Hill,0
bf515511-2160-471c-ac03-1b27812842d0,CUST00112,2026-07-22 22:29:30.379834,1470.05,Utility Bill,Grand Baie,0
58306708-ec4c-4773-9a31-b8b0d5843195,CUST00156,2026-07-22 22:47:24.379834,2156.99,ATM Withdrawal,Grand Baie,0
e9e70a23-9edf-41b4-9dae-014cd4710c8a,CUST00002,2026-07-22 23:34:56.379834,1699.48,Online Retail,Vacoas,0
c453ce2a-86eb-4e01-a880-86f7df75c41a,CUST00011,2026-07-22 23:37:27.379834,1265.97,Pharmacy,Port Louis,0
656b2639-ac06-49a2-96ed-4a0f6dbf1ca2,CUST00167,2026-07-22 23:39:32.379834,520.0,Online Retail,Grand Baie,0
76a6c618-e00d-4e8a-add5-ad4082b7e987,CUST00196,2026-07-22 23:41:31.379834,1084.91,ATM Withdrawal,Rose Hill,0
18d17290-b9ce-4a61-ae70-19dced343bbf,CUST00123,2026-07-22 23:42:29.379834,518.21,Restaurant,Tamarin,0
9aea96c4-b859-4b4a-8bd3-9bf18ad9ccb9,CUST00173,2026-07-22 23:56:45.379834,2929.45,Grocery,Mahebourg,0
895de9c3-6ccb-4b77-b622-7f15c0a5d903,CUST00011,2026-07-23 00:05:35.379834,998.06,Grocery,Port Louis,0
423e433b-6139-4c1b-8b45-33bc55b90113,CUST00141,2026-07-23 00:08:59.379834,152.78,ATM Withdrawal,Quatre Bornes,0
5286104e-175c-401b-b957-e34e8c2b6303,CUST00193,2026-07-23 00:14:14.379834,259.0,Entertainment,Port Louis,0
5c03b8b7-6143-4773-a7b9-4fcbffd76a7a,CUST00159,2026-07-23 00:21:58.379834,492.72,Fuel Station,Beau Bassin,0
653a7741-f01c-4914-8911-c74371198dc3,CUST00161,2026-07-23 00:27:05.379834,50.0,Travel,Rose Hill,0
4b429621-6caf-454b-9806-1bb95defa2ec,CUST00149,2026-07-23 00:27:06.379834,526.01,Utility Bill,Beau Bassin,0
a6ac5c42-a8b8-497a-ad38-531be065c8ec,CUST00140,2026-07-23 00:33:57.379834,1005.51,Restaurant,Mahebourg,0
ce062523-a0bc-4d13-9f44-6ecf0b7aa504,CUST00067,2026-07-23 00:36:47.379834,1094.77,Electronics,Beau Bassin,0
80af4ae6-1700-4cb6-94ec-90f68f8e5211,CUST00151,2026-07-23 00:53:20.379834,6251.63,Pharmacy,Mahebourg,0
63801279-23a3-4d29-a941-d039360233ab,CUST00162,2026-07-23 00:57:16.379834,673.16,Pharmacy,Port Louis,0
db698cf9-0713-474d-b6fd-3b6614d8339e,CUST00057,2026-07-23 01:15:37.379834,658.14,Online Retail,Rose Hill,0
2c7564a8-df0b-4502-b4d9-a75335cf7a66,CUST00123,2026-07-23 01:34:52.379834,702.51,Grocery,Tamarin,0
cc9b6131-1110-4879-a253-5b323cc10ff3,CUST00111,2026-07-23 01:37:16.379834,1832.86,Grocery,Mahebourg,0
f3fe71b1-ff55-4942-8f1b-9469c6337b59,CUST00098,2026-07-23 01:41:01.379834,826.79,Pharmacy,Vacoas,1
9dd7fa10-5d07-4134-8e43-6cce7d92487d,CUST00008,2026-07-23 01:43:21.379834,1573.75,ATM Withdrawal,Curepipe,0
68654597-8376-4520-8cf3-87d4a1912684,CUST00018,2026-07-23 02:06:15.379834,976.74,Pharmacy,Port Louis,0
066dae02-d5fd-4f70-984a-8954e1900ea4,CUST00184,2026-07-23 02:06:25.379834,2798.62,Online Retail,Beau Bassin,0
efef4913-efde-410a-859b-7616283690c7,CUST00095,2026-07-23 02:27:21.379834,1450.88,Travel,Flacq,0
26b9a898-503e-4cde-89fc-c7b43f4fed48,CUST00112,2026-07-23 02:28:34.379834,1432.51,Travel,Grand Baie,0
f0322d99-e31f-40f1-8bb5-493e0485a2f1,CUST00165,2026-07-23 02:28:49.379834,930.85,Grocery,Curepipe,0
e0d1d164-ffff-46ab-a5e3-8985d3e19e70,CUST00137,2026-07-23 02:38:50.379834,422.03,ATM Withdrawal,Grand Baie,0
b2ebf047-6c74-4107-b4e0-5df1992c9599,CUST00084,2026-07-23 02:43:09.379834,1572.54,ATM Withdrawal,Rose Hill,0
c33f7e90-1745-45e8-bbcb-0d86b83c3faf,CUST00134,2026-07-23 02:51:35.379834,137.78,Entertainment,Vacoas,0
43403897-a9ca-48c3-b1be-4ad7f2ad7e0a,CUST00078,2026-07-23 02:52:04.379834,208.74,Restaurant,Flacq,0
2b8e2dbf-0ea3-462a-8fdf-de7dc36c5be3,CUST00068,2026-07-23 03:04:41.379834,1484.01,Electronics,Beau Bassin,0
2a87cee8-39ef-4549-8cc9-f118e206b7a1,CUST00059,2026-07-23 03:07:06.379834,769.73,Travel,Curepipe,0
44c897f1-6db2-4699-b4d7-b2bbe4c94d74,CUST00040,2026-07-23 03:08:06.379834,2489.21,ATM Withdrawal,Beau Bassin,0
2bc1f2e2-200d-4296-8124-ea2d1f52cd50,CUST00121,2026-07-23 03:33:25.379834,1307.42,Restaurant,Flacq,0
8a98b358-6f08-4065-875b-3099f99e6e82,CUST00114,2026-07-23 03:42:48.379834,688.64,Electronics,Port Louis,0
db792ab5-44d0-4af3-be19-d90fa05c1ba9,CUST00081,2026-07-23 03:44:03.379834,4131.17,Entertainment,Rose Hill,0
9b700ed1-296f-47d8-a331-91441110cb08,CUST00015,2026-07-23 03:52:12.379834,781.46,Travel,Rose Hill,0
b8e29ee3-41c0-4b05-8d36-73021a4f18c8,CUST00084,2026-07-23 03:54:13.379834,2998.54,Travel,Rose Hill,0
7a928f34-e281-4392-94f3-1be612592ed5,CUST00126,2026-07-23 03:54:40.379834,1887.7,Travel,Vacoas,0
f5b404da-aa53-43a3-981e-8e469fe40ba7,CUST00083,2026-07-23 03:57:39.379834,1134.11,Fuel Station,Port Louis,0
a2b47637-9e4d-4bbc-8d25-bcf2954a78f5,CUST00091,2026-07-23 04:02:07.379834,1632.77,Entertainment,Tamarin,0
2c9b427b-9acd-41df-b6e4-e611fd43e2ad,CUST00172,2026-07-23 04:03:17.379834,863.35,Travel,Grand Baie,0
63aadc33-5387-4692-965c-29c418c39c39,CUST00073,2026-07-23 04:14:50.379834,1528.26,Travel,Quatre Bornes,0
4ee83b05-1660-492f-bc57-0ef0d2ab4f38,CUST00164,2026-07-23 04:18:32.379834,1826.38,Restaurant,Tamarin,0
bbfcf594-bbe8-4bd6-a14a-4b43cdfc2f94,CUST00154,2026-07-23 04:30:33.379834,869.26,ATM Withdrawal,Tamarin,0
0ef1e731-9f91-4d04-9eb4-a3536f5422c5,CUST00161,2026-07-23 04:30:46.379834,346.96,Utility Bill,Rose Hill,0
bd936873-d611-4c4b-aca8-14bdfb3739fa,CUST00114,2026-07-23 04:38:01.379834,2032.14,Grocery,Port Louis,0
4b88895d-d030-4eaa-ad42-fe73d4094aa9,CUST00061,2026-07-23 04:50:09.379834,944.63,Electronics,Curepipe,0
e1f989e2-636d-4fd0-b448-ada5eff99c53,CUST00150,2026-07-23 04:56:53.379834,3120.94,Electronics,Quatre Bornes,0
07d32cf7-5212-4043-a2fe-511475d817ed,CUST00101,2026-07-23 05:16:11.379834,2770.71,Online Retail,Mahebourg,0
e224f2f2-54c0-4997-a581-14502cbad8ca,CUST00039,2026-07-23 05:16:20.379834,1013.91,ATM Withdrawal,Beau Bassin,0
6b741ba7-34f1-4a32-b572-4c0deaf16249,CUST00147,2026-07-23 05:21:43.379834,1330.48,Pharmacy,Rose Hill,0
84be1002-8dbf-437f-a783-2885cee00f11,CUST00012,2026-07-23 05:29:06.379834,1935.14,ATM Withdrawal,Port Louis,0
d1a4d92e-9414-48c2-b9b7-688223494ee2,CUST00108,2026-07-23 05:55:53.379834,2023.06,Grocery,Beau Bassin,0
85c31b03-a456-4472-bc4f-0296f8c9c074,CUST00094,2026-07-23 06:04:47.379834,1605.06,Electronics,Grand Baie,0
26692592-2951-4ea2-a18a-b38a99cbb653,CUST00148,2026-07-23 06:05:26.379834,396.39,Pharmacy,Quatre Bornes,0
3a3df3ab-380b-43d1-9a25-331cfb65d762,CUST00199,2026-07-23 06:06:19.379834,1018.05,Pharmacy,Port Louis,0
ecd23342-9c79-4247-94ea-11c8089f64f8,CUST00041,2026-07-23 06:06:58.379834,2573.78,Electronics,Tamarin,0
444914d5-a7c1-46e3-96df-ac712eda9326,CUST00157,2026-07-23 06:12:15.379834,267.91,Fuel Station,Port Louis,0
8293c643-b719-4f3a-8deb-211d2c08d75f,CUST00078,2026-07-23 06:21:13.379834,296.76,Fuel Station,Flacq,0
32742787-ebb2-4715-bc0e-f0093c10dc58,CUST00044,2026-07-23 06:31:37.379834,1269.78,Pharmacy,Grand Baie,0
e8950ded-54cc-4a7f-94d8-fbdcd157305f,CUST00166,2026-07-23 06:34:59.379834,4228.07,Online Retail,Curepipe,0
c3645f23-a750-4d89-acd5-366209548e97,CUST00085,2026-07-23 06:41:20.379834,561.76,Electronics,Port Louis,0
1e54dc26-7388-46c4-bbb1-ad83adbc3fc0,CUST00059,2026-07-23 07:10:09.379834,1090.96,Restaurant,Curepipe,0
bf01b01e-4f4e-4fdc-8678-cbd278505076,CUST00154,2026-07-23 07:12:09.379834,1005.26,Entertainment,Tamarin,0
4e195919-589c-46dd-bf14-2c8b590df61f,CUST00029,2026-07-23 07:17:20.379834,1698.57,ATM Withdrawal,Flacq,0
6faa2d54-0d56-47b8-9dc5-dee7b216f843,CUST00047,2026-07-23 07:27:28.379834,413.77,Utility Bill,Flacq,0
9c984124-c3dc-41b6-bc80-0e3c0987c32d,CUST00071,2026-07-23 07:31:05.379834,1774.9,Electronics,Curepipe,0
cc7dbbbd-5df1-404e-9d94-8d6c2346314a,CUST00099,2026-07-23 07:46:09.379834,2301.97,Fuel Station,Quatre Bornes,0
0b9bb5ed-d169-44aa-94ef-ea2ffe4ad11b,CUST00169,2026-07-23 07:50:59.379834,2191.16,Grocery,Mahebourg,0
0ef171fd-61d6-47f8-90e9-ae3013affcb9,CUST00019,2026-07-23 07:54:16.379834,420.28,Online Retail,Mahebourg,0
1516447f-7bb3-44f1-8215-4bc187531914,CUST00115,2026-07-23 08:11:47.379834,717.31,ATM Withdrawal,Curepipe,0
693316ec-49f4-4fe7-b444-d9332266b73a,CUST00102,2026-07-23 08:32:14.379834,804.18,ATM Withdrawal,Mahebourg,0
bb2582cb-bd32-47e0-83fd-600105294b25,CUST00196,2026-07-23 08:45:45.379834,1267.43,Travel,Rose Hill,0
853f38a3-06e6-481f-926d-51a9bb0b2279,CUST00186,2026-07-23 09:36:05.379834,1577.64,Online Retail,Mahebourg,0
b0971612-55e3-4704-b40f-01b04d146ae2,CUST00156,2026-07-23 09:39:22.379834,1517.24,Travel,Grand Baie,0
a3912de8-ba2c-48d6-9078-8db04463a6bb,CUST00020,2026-07-23 09:41:56.379834,2848.48,Electronics,Rose Hill,0
330c6a04-92bb-41d7-8a63-5b36c78d97a5,CUST00099,2026-07-23 09:42:45.379834,2770.53,ATM Withdrawal,Quatre Bornes,0
6cbdc87c-143c-4895-a09f-8b81441bc3a3,CUST00139,2026-07-23 09:46:55.379834,1076.24,Electronics,Vacoas,0
10cbd3c3-1d49-4e12-bbc4-0d14e25da892,CUST00124,2026-07-23 10:09:24.379834,2780.91,Online Retail,Grand Baie,0
13ee07af-8cd8-4b9b-af3c-c96583b105cd,CUST00172,2026-07-23 10:10:47.379834,543.64,ATM Withdrawal,Grand Baie,0
df3b8b57-1bb2-4ea7-b892-d22c830abd6b,CUST00025,2026-07-23 10:32:22.379834,1459.28,Online Retail,Tamarin,0
12cbe02c-10e2-4d91-9e91-02e4279f061d,CUST00000,2026-07-23 10:33:04.379834,3051.25,Restaurant,Curepipe,1
75c2a342-fc17-42ac-8db2-036415623771,CUST00073,2026-07-23 10:35:12.379834,2221.44,Travel,Quatre Bornes,0
010be087-cc19-4f6b-83d5-4756363664cc,CUST00151,2026-07-23 10:52:00.379834,6624.92,Online Retail,Mahebourg,0
f08a5be7-8200-48bf-85e2-2362567a3fd1,CUST00044,2026-07-23 10:58:57.379834,2282.32,Utility Bill,Grand Baie,0
4fb6c72b-5011-4b48-b710-8a4cea252f86,CUST00153,2026-07-23 11:01:53.379834,2555.34,Grocery,Port Louis,0
4a13bff0-23a5-4097-96eb-67d709f9f2c7,CUST00135,2026-07-23 11:03:55.379834,848.62,Entertainment,Flacq,0
a645a219-6f6e-4676-b337-8f1e42427a77,CUST00150,2026-07-23 11:09:59.379834,2102.74,Pharmacy,Quatre Bornes,0
7d7a6abb-6c6c-414c-a70b-a42e4a3e5e9a,CUST00148,2026-07-23 11:12:20.379834,940.67,Electronics,Quatre Bornes,0
5cb9f728-08f9-44d6-9670-2250744a791c,CUST00038,2026-07-23 11:51:15.379834,678.05,Entertainment,Curepipe,0
f3cc9009-1239-4520-9313-9276dd6b0f68,CUST00112,2026-07-23 11:57:09.379834,1115.63,Electronics,Grand Baie,0
27a414d5-4fb7-46d2-8b1e-6962f34f92ad,CUST00199,2026-07-23 12:03:45.379834,705.41,ATM Withdrawal,Port Louis,0
df42f949-41b4-48c6-b4f0-a92b674c002d,CUST00190,2026-07-23 12:17:52.379834,1722.65,Grocery,Rose Hill,0
d5f2756c-e9ab-4500-8ea8-618f548b2122,CUST00131,2026-07-23 12:30:01.379834,1027.76,Travel,Vacoas,0
a1c9722b-7627-4aac-863b-d8d93281e881,CUST00056,2026-07-23 12:51:38.379834,689.54,Utility Bill,Port Louis,0
e6ea17d4-4364-446f-b397-1540e9c832cd,CUST00163,2026-07-23 13:02:53.379834,1225.77,Online Retail,Rose Hill,0
7f74530f-14be-413e-a883-7f7dfefddece,CUST00014,2026-07-23 13:06:43.379834,1160.88,Utility Bill,Rose Hill,0
bb3a88b7-8af9-45a5-98a2-9a2525f87014,CUST00031,2026-07-23 13:07:30.379834,1440.11,Restaurant,Vacoas,0
4f1bff1f-b0b6-4b2e-9436-6e89c65f76ae,CUST00085,2026-07-23 13:07:42.379834,658.82,Entertainment,Port Louis,0
7bfec3ce-3f3f-4259-9ea6-054538320c2d,CUST00151,2026-07-23 13:16:20.379834,6703.19,Entertainment,Mahebourg,0
a9473e97-fd99-4bde-b9c1-69f3b3518482,CUST00172,2026-07-23 13:42:02.379834,902.5,Electronics,Grand Baie,0
b1c79376-a730-43fd-b75a-dc0fd4875a83,CUST00111,2026-07-23 13:43:25.379834,2515.01,Fuel Station,Mahebourg,0
026782df-e3ca-4c2e-822f-dc28c58b0dda,CUST00169,2026-07-23 13:45:23.379834,1975.91,Electronics,Mahebourg,0
242f7642-c4d8-404f-9f94-5197b423cbb3,CUST00062,2026-07-23 14:10:18.379834,800.55,Fuel Station,Flacq,0
47331eeb-fbfc-42a3-9adc-2addfcdaaa58,CUST00007,2026-07-23 14:14:21.379834,2586.77,Pharmacy,Mahebourg,0
a37d5af0-1345-4738-8d91-c0284a962e65,CUST00112,2026-07-23 14:21:45.379834,979.18,Electronics,Grand Baie,0
03845399-d61e-4adf-978d-7f62bfe18ebe,CUST00178,2026-07-23 14:30:35.379834,1899.63,Online Retail,Flacq,0
05befb28-6c43-46d7-9b53-56cb9520e268,CUST00009,2026-07-23 14:34:26.379834,197.81,Grocery,Tamarin,0
75947c38-9ecf-4eaa-834d-bfc02d04cbc2,CUST00143,2026-07-23 14:43:25.379834,832.59,Travel,Curepipe,0
5eff8e9e-cdde-40a2-96ea-7dc1f848ec04,CUST00053,2026-07-23 14:44:14.379834,2232.73,Utility Bill,Tamarin,0
1637285e-458f-40f2-9269-28934a42afb6,CUST00012,2026-07-23 14:45:52.379834,3614.26,ATM Withdrawal,Port Louis,0
346a52d2-3ea1-4e09-8ddb-0ca9f5c9761b,CUST00165,2026-07-23 15:21:30.379834,912.48,Restaurant,Curepipe,0
37b8e936-d7bd-4424-8d7b-3e0e0ca3198a,CUST00130,2026-07-23 15:28:28.379834,3223.94,Travel,Mahebourg,0
18587200-2657-4b10-8ea2-c3e65f9bc953,CUST00022,2026-07-23 15:29:28.379834,308.98,ATM Withdrawal,Flacq,0
984d67f1-efb9-4999-bc39-4893531a6a91,CUST00064,2026-07-23 15:33:45.379834,2111.02,Electronics,Grand Baie,1
f5cc811e-ab51-4e53-a081-d5afd307d1c5,CUST00110,2026-07-23 15:56:46.379834,689.09,Grocery,Quatre Bornes,0
7b6e86c7-cbff-47dd-ad48-24509b64abf8,CUST00000,2026-07-23 15:59:32.379834,1596.55,Fuel Station,Curepipe,0
162f4cd2-5e03-4212-87ea-d48ae91e81f7,CUST00115,2026-07-23 16:21:25.379834,1415.76,Grocery,Curepipe,0
b2b8bad0-24cd-4314-9fe9-2814d5665477,CUST00141,2026-07-23 16:22:48.379834,108.68,Restaurant,Quatre Bornes,0
dd4ef8ed-cf81-464c-9e9f-10d264d4d49e,CUST00037,2026-07-23 16:23:25.379834,1162.89,Utility Bill,Flacq,0
2f749e96-1d4b-48a7-ab35-24cba56d95bb,CUST00063,2026-07-23 16:34:48.379834,2856.52,Electronics,Vacoas,1
fefe11ee-ed5d-4c75-ad40-084313bc321a,CUST00118,2026-07-23 16:38:33.379834,1857.41,ATM Withdrawal,Flacq,0
8ce08043-f10c-47de-851a-6634fbdc74cf,CUST00178,2026-07-23 16:44:08.379834,1306.31,Entertainment,Flacq,0
d3466d9c-9af1-46b3-a767-03d666b7689d,CUST00061,2026-07-23 16:55:59.379834,1420.93,Restaurant,Curepipe,1
caa709a5-2bc8-4125-8f7e-453fd909e462,CUST00118,2026-07-23 16:56:24.379834,1150.72,Fuel Station,Flacq,0
a22889ec-7729-4957-ad1f-4ce608fdc647,CUST00157,2026-07-23 16:57:21.379834,420.48,ATM Withdrawal,Port Louis,0
57455e06-0de7-435b-9a6c-97f595d8c885,CUST00006,2026-07-23 16:58:54.379834,638.4,Online Retail,Curepipe,0
a234c5de-a070-4429-bcdb-b5a812a0e4c7,CUST00072,2026-07-23 17:13:13.379834,3669.51,Utility Bill,Tamarin,0
19ffbaa8-6f0b-4f30-9511-6070baec5c54,CUST00187,2026-07-23 17:20:20.379834,1776.79,Restaurant,Grand Baie,0
8f2b91a5-182e-4153-84a1-b6233884c4fb,CUST00026,2026-07-23 17:20:33.379834,1051.4,Utility Bill,Vacoas,0
ec9bf47e-7c6e-4aab-815f-148bcd9d0373,CUST00009,2026-07-23 17:22:57.379834,188.15,Pharmacy,Tamarin,0
13ffcc8f-4103-4178-8e63-1ecff77e6fb0,CUST00057,2026-07-23 17:37:21.379834,826.35,Utility Bill,Rose Hill,0
5f499a76-ee92-4b7a-9648-d6bc805348f9,CUST00007,2026-07-23 17:42:59.379834,2058.07,Fuel Station,Mahebourg,0
2d7e5179-671a-4071-9581-57315a644716,CUST00112,2026-07-23 17:46:50.379834,1587.03,Electronics,Grand Baie,0
7b276ee2-7d4a-41b1-ba68-26c17a1b7394,CUST00186,2026-07-23 18:05:04.379834,1599.27,Restaurant,Mahebourg,0
3cb62c53-11fc-4b73-bbcf-aa63aabde831,CUST00032,2026-07-23 18:10:02.379834,872.48,Entertainment,Quatre Bornes,0
14401bc2-b32e-4800-a995-b5d3a9b5a14d,CUST00127,2026-07-23 18:39:30.379834,1706.32,Restaurant,Mahebourg,0
0d4a4bca-5ecd-4ffc-8413-9164e446dfe8,CUST00150,2026-07-23 18:43:05.379834,3802.96,Online Retail,Quatre Bornes,0
664fbfb0-fea4-4eff-a7c1-90829705fcf3,CUST00101,2026-07-23 18:46:42.379834,1570.19,Travel,Mahebourg,0
d6192de5-c4a5-4112-9a5f-6f24df151e44,CUST00056,2026-07-23 19:09:32.379834,1137.61,Grocery,Port Louis,0
4d17f477-bbd4-4779-8fe1-49ddc04ccc21,CUST00195,2026-07-23 19:20:08.379834,1346.22,Fuel Station,Mahebourg,0
406c4d05-c0e7-4738-bf93-3eb1093da4b6,CUST00137,2026-07-23 19:21:29.379834,910.67,Pharmacy,Grand Baie,0
203194d4-5180-4d7a-ae35-22a8cff1bbd1,CUST00090,2026-07-23 19:28:08.379834,1375.81,Pharmacy,Rose Hill,0
00b7b7ac-d798-4b39-82ce-19680cb8f34d,CUST00143,2026-07-23 19:29:44.379834,777.82,Utility Bill,Curepipe,0
49a4e8f4-a509-4b82-9d71-6184c8d4169a,CUST00191,2026-07-23 19:34:45.379834,2274.75,Travel,Curepipe,0
555fb2d5-6201-4501-9902-c9750b303c3d,CUST00051,2026-07-23 19:35:08.379834,856.85,Online Retail,Tamarin,0
f6b5ed97-3bbf-4ad1-9379-027c296602e3,CUST00033,2026-07-23 19:49:14.379834,2451.38,Pharmacy,Rose Hill,0
b5decc7f-ce0a-41a6-b265-f1fceacde008,CUST00058,2026-07-23 20:16:12.379834,1332.54,Electronics,Vacoas,0
084d5178-e280-4195-9a84-ef6efe218a8b,CUST00010,2026-07-23 20:25:39.379834,710.11,Utility Bill,Flacq,0
b3542a22-285a-4af6-b024-782afc53557c,CUST00035,2026-07-23 20:28:52.379834,2689.04,Fuel Station,Curepipe,0
254ed03b-13f6-4746-96d7-8f7069e9eb3e,CUST00153,2026-07-23 20:33:08.379834,3301.35,Restaurant,Port Louis,0
e162601a-2f11-4fd6-9fb2-f101bd44c258,CUST00121,2026-07-23 20:35:21.379834,1164.46,ATM Withdrawal,Flacq,0
022dab79-be90-44c6-9914-d6fbef5dd7e3,CUST00053,2026-07-23 20:35:32.379834,1971.96,Grocery,Tamarin,0
383acda5-21b1-49e6-ba54-9d40ff2e857e,CUST00117,2026-07-23 20:36:41.379834,211.76,Online Retail,Quatre Bornes,0
d87902c8-e1fb-4736-bf89-4a2c7b591c0b,CUST00191,2026-07-23 20:46:36.379834,2179.57,Pharmacy,Curepipe,0
a2604111-58bf-4d50-8417-b90a2f2ed27f,CUST00097,2026-07-23 20:48:36.379834,1200.08,Travel,Quatre Bornes,0
28db8645-8574-4343-8f1c-afa1ac1c34b2,CUST00006,2026-07-23 20:48:51.379834,558.54,Utility Bill,Curepipe,0
e439f747-3b0c-415c-9d9a-7982f7897f98,CUST00181,2026-07-23 20:57:21.379834,1152.74,Online Retail,Rose Hill,0
7ac5be4d-a9c6-477e-ae7b-8a9ba9830b7d,CUST00187,2026-07-23 21:12:20.379834,1500.17,Entertainment,Grand Baie,0
31cd1947-f287-4bbc-8ede-acef4c272850,CUST00084,2026-07-23 21:13:48.379834,3022.09,Online Retail,Rose Hill,0
060ff13a-bdb9-40c3-88b5-b72a232db6c9,CUST00157,2026-07-23 21:34:34.379834,423.24,Electronics,Port Louis,0
1d4682d7-e47e-4b13-9f98-e1ef63c296d6,CUST00103,2026-07-23 21:36:46.379834,642.28,Entertainment,Vacoas,0
1195a476-5426-43d5-82a0-9490f2f984fa,CUST00181,2026-07-23 21:37:33.379834,1220.38,Electronics,Rose Hill,0
d091ae25-ee08-4710-a4de-6d49bcd40ab1,CUST00003,2026-07-23 21:40:15.379834,479.14,Grocery,Rose Hill,0
30cb16d3-9e1a-4e79-8cef-a56c44d2fc02,CUST00168,2026-07-23 21:42:21.379834,859.22,Entertainment,Curepipe,0
ec5aebd0-ceea-4989-807e-cc3304f61710,CUST00057,2026-07-23 21:56:56.379834,968.29,Electronics,Rose Hill,0
5a37510f-1cff-47ed-a270-953608cbe761,CUST00063,2026-07-23 22:09:23.379834,1902.09,Restaurant,Vacoas,0
c771f594-6f82-4cb7-973d-d1a22fafadea,CUST00121,2026-07-23 22:10:07.379834,1058.89,Travel,Flacq,0
92458b45-77f3-4b99-a449-c3e01f75d695,CUST00045,2026-07-23 22:23:02.379834,5383.62,Travel,Mahebourg,0
6462fa12-feb2-4a0e-a9a7-6800276b124b,CUST00066,2026-07-23 22:28:09.379834,129.82,Online Retail,Quatre Bornes,0
4053e568-a581-448e-9626-4c3c603435a1,CUST00136,2026-07-23 22:35:04.379834,1845.97,Utility Bill,Quatre Bornes,0
309c59cb-dd98-4afc-ad85-7e0930af5410,CUST00136,2026-07-23 22:54:17.379834,3534.9,Online Retail,Quatre Bornes,0
7af04268-8b07-46aa-89fa-8a60787bac15,CUST00112,2026-07-23 22:54:47.379834,1084.57,Fuel Station,Grand Baie,0
e3ec2950-5efb-42b1-b3c4-2676075fad7b,CUST00083,2026-07-23 23:10:57.379834,1289.18,Utility Bill,Port Louis,0
ffa00f4e-d1b6-4d5a-9680-969eceab299e,CUST00005,2026-07-23 23:15:05.379834,1588.0,ATM Withdrawal,Quatre Bornes,0
df7e76e1-30c8-4c53-a79c-feb0ebc75e2c,CUST00011,2026-07-23 23:35:22.379834,1481.24,Grocery,Port Louis,0
25685cd1-889b-406c-9e6f-6909abc4ed29,CUST00058,2026-07-23 23:36:06.379834,1667.17,Electronics,Vacoas,0
990aa1ee-2f0a-4d9c-8e85-b5ec7d0a226f,CUST00012,2026-07-23 23:49:47.379834,2671.73,Electronics,Port Louis,0
d805c583-8f45-4eb2-a54f-9c59f098f003,CUST00161,2026-07-23 23:52:41.379834,328.22,ATM Withdrawal,Rose Hill,0
e802ea04-17ee-44ff-9ae7-5436ca58baec,CUST00188,2026-07-23 23:58:17.379834,418.59,Electronics,Curepipe,0
7a39d648-a7b6-49ab-bde7-80d29305fd87,CUST00177,2026-07-24 00:03:01.379834,287.87,Electronics,Tamarin,0
547cc828-fc8b-4dbf-86a6-05f23895f83c,CUST00040,2026-07-24 00:06:20.379834,2733.23,Restaurant,Beau Bassin,0
8be19028-e360-4786-9e47-19c5e899f372,CUST00078,2026-07-24 00:06:42.379834,287.12,Utility Bill,Flacq,0
a6dd9331-ec7d-4fb2-8ceb-2ca2d33cd393,CUST00159,2026-07-24 00:13:07.379834,307.33,Electronics,Beau Bassin,0
e12e37a5-460a-4f25-8785-50b88628300f,CUST00099,2026-07-24 00:22:16.379834,1936.29,Pharmacy,Quatre Bornes,0
7729709d-3694-40d8-bba6-8dbe3deda30b,CUST00145,2026-07-24 00:27:29.379834,2008.3,Online Retail,Mahebourg,0
bd67fb3d-7015-4890-9d88-66e2fd5abef0,CUST00121,2026-07-24 00:27:58.379834,999.99,Travel,Flacq,0
8acd645d-d7b3-40e6-aa4b-a1c2298f6271,CUST00189,2026-07-24 00:30:15.379834,4858.72,Travel,Rose Hill,0
4af100a4-1370-4964-afc3-845251e68cb4,CUST00071,2026-07-24 00:54:02.379834,2166.93,Pharmacy,Curepipe,0
e3660bfc-4502-425d-9199-df1793deec96,CUST00127,2026-07-24 01:21:36.379834,2137.78,Electronics,Mahebourg,0
e8d2c355-ff0e-4987-a855-ff7dc333feb2,CUST00068,2026-07-24 01:27:55.379834,1502.5,Grocery,Beau Bassin,0
71c18f40-9dfc-4f95-bac9-f4ecd8c6e2ad,CUST00088,2026-07-24 01:30:36.379834,2016.08,Electronics,Vacoas,0
e2226106-1643-45fe-a989-232dc434843c,CUST00078,2026-07-24 01:36:35.379834,402.95,Pharmacy,Flacq,0
07679b31-f732-4bc1-ba81-01fe8a893a33,CUST00152,2026-07-24 01:36:40.379834,1607.61,Travel,Mahebourg,0
0f6c2288-44b9-4e67-8db0-c094b3dccdc0,CUST00180,2026-07-24 01:40:01.379834,1046.28,Utility Bill,Mahebourg,0
8587b50a-362c-44db-97cc-8104325e06e8,CUST00072,2026-07-24 02:04:10.379834,3061.86,Utility Bill,Tamarin,0
d7301287-7650-4b1f-8f33-eb132fe236a8,CUST00065,2026-07-24 02:16:19.379834,1224.18,Entertainment,Beau Bassin,0
0c7a4bf9-edac-4369-8313-16b45f2c6daa,CUST00117,2026-07-24 02:39:03.379834,370.58,ATM Withdrawal,Quatre Bornes,0
01f60bc7-150a-4816-809d-d26e72a126d4,CUST00064,2026-07-24 02:48:43.379834,2075.26,Online Retail,Grand Baie,0
bf6f3a5d-80cb-4ddc-beae-8313bf44aa8a,CUST00187,2026-07-24 02:57:49.379834,1020.74,Grocery,Grand Baie,0
5156fd59-fe9a-4cc6-887c-0ef315243346,CUST00088,2026-07-24 03:27:20.379834,2015.76,Pharmacy,Vacoas,0
4f49766d-9d38-416b-9257-12ce3b587a02,CUST00147,2026-07-24 03:38:37.379834,785.21,Fuel Station,Rose Hill,0
10bea35c-f87f-4cc6-a433-128f21e72ebd,CUST00066,2026-07-24 03:39:07.379834,125.44,Entertainment,Quatre Bornes,0
8a13e255-ccf5-4474-979d-163056ef4cc4,CUST00150,2026-07-24 03:40:16.379834,2665.55,ATM Withdrawal,Quatre Bornes,0
437f789e-98ff-4044-8bcd-60858505f1a6,CUST00136,2026-07-24 03:48:11.379834,2248.88,Travel,Quatre Bornes,0
8d3a6470-c19c-4dac-b0c0-11ac57059e11,CUST00087,2026-07-24 03:52:41.379834,2024.67,Entertainment,Flacq,0
1a1185cb-6b98-4a5d-9f18-b8323fa16621,CUST00105,2026-07-24 03:55:46.379834,1936.01,Pharmacy,Flacq,0
fbb8b496-f58b-4232-9bb7-bdcf1a2fb7e2,CUST00073,2026-07-24 04:05:02.379834,2153.52,Fuel Station,Quatre Bornes,0
06e98a41-f613-4ae4-882e-e931b7dac7be,CUST00068,2026-07-24 04:20:08.379834,1500.12,Online Retail,Beau Bassin,0
b953273f-7970-4f1e-aa3f-0e270e5e05e1,CUST00116,2026-07-24 04:21:56.379834,579.37,Fuel Station,Quatre Bornes,0
b372cc86-f312-4e0a-b7eb-12c00221e9ec,CUST00181,2026-07-24 04:23:29.379834,769.22,Online Retail,Rose Hill,0
4cae056c-14db-4576-b396-0e237382ece5,CUST00043,2026-07-24 04:28:46.379834,819.04,Grocery,Port Louis,0
9cfb9f94-84b2-4948-b8a6-bd91f0ee3fc4,CUST00060,2026-07-24 04:39:19.379834,72.53,Electronics,Rose Hill,0
cfff1a61-d282-48f9-a3a0-34b54b4f43ea,CUST00137,2026-07-24 04:43:30.379834,467.36,Restaurant,Grand Baie,0
b9c03895-cf9f-468e-a7fe-65b862b0d2a1,CUST00076,2026-07-24 04:47:28.379834,170.54,Grocery,Quatre Bornes,0
0f7706e3-aae6-46c3-bd80-4dc8503ea871,CUST00018,2026-07-24 04:56:23.379834,849.18,Entertainment,Port Louis,0
c68cc5ca-09f7-4368-8770-ae8587636740,CUST00182,2026-07-24 04:56:54.379834,2500.53,Online Retail,Vacoas,0
55124fb0-7b6d-4c28-a00b-a810f68a918d,CUST00029,2026-07-24 05:19:39.379834,3865.38,Entertainment,Flacq,1
b2d57cd5-ce3c-4bab-90c0-bd929bb051d1,CUST00037,2026-07-24 05:21:00.379834,861.99,Pharmacy,Flacq,0
e1daaf3b-8c3b-4dc9-a54e-6cba25da4b7d,CUST00059,2026-07-24 05:51:30.379834,1364.71,Utility Bill,Curepipe,0
dcc24d89-4fe1-4752-b725-630c7f127f6e,CUST00032,2026-07-24 05:56:51.379834,974.51,Entertainment,Quatre Bornes,0
59f31c6a-3115-4c33-89d0-b1eea4ba177d,CUST00069,2026-07-24 06:04:33.379834,4867.62,Utility Bill,Rose Hill,0
dff129cd-9a80-4f2c-a02c-2f727d737754,CUST00070,2026-07-24 06:22:33.379834,1126.55,Grocery,Vacoas,0
5b049014-418c-4b71-958d-f8c802440f75,CUST00001,2026-07-24 06:31:27.379834,722.14,Grocery,Port Louis,0
15e9edd4-86c7-4803-863b-13f53d3287b7,CUST00118,2026-07-24 06:33:00.379834,1097.35,Grocery,Flacq,0
33173204-872c-4f68-9109-93763d18d7f5,CUST00103,2026-07-24 07:17:11.379834,605.85,Grocery,Vacoas,0
8c3e6ad6-28a2-44f4-98fa-46b04cd263b3,CUST00173,2026-07-24 07:17:35.379834,2436.67,Electronics,Mahebourg,0
7155c604-393d-4aeb-8f9d-e7152b4e9a44,CUST00132,2026-07-24 07:22:47.379834,1197.18,Grocery,Beau Bassin,0
2e061450-a9de-40c7-8fd7-b1a6231e8a22,CUST00060,2026-07-24 07:31:11.379834,213.54,Electronics,Rose Hill,0
bee90e53-968f-4d2c-82e2-2675ba8b672a,CUST00073,2026-07-24 07:51:32.379834,3269.32,Utility Bill,Quatre Bornes,0
8ac1f338-23df-4019-a3a7-22102cdf2c54,CUST00065,2026-07-24 08:04:08.379834,1684.16,Electronics,Beau Bassin,0
94ed2547-7030-4498-a3db-7f01a94d1dea,CUST00195,2026-07-24 08:06:47.379834,691.27,ATM Withdrawal,Mahebourg,0
ad71f456-f56e-4270-a6a6-71c0ffc62e46,CUST00150,2026-07-24 08:18:16.379834,3874.87,Fuel Station,Quatre Bornes,0
9deaf3d9-e8c8-4658-ba2e-feab35052120,CUST00002,2026-07-24 08:18:24.379834,685.44,ATM Withdrawal,Vacoas,0
a489e573-15ca-43ec-83ea-95162e28ff45,CUST00056,2026-07-24 08:19:56.379834,391.87,Online Retail,Port Louis,0
c13e5d84-5923-49e6-998f-ab4a64472c67,CUST00073,2026-07-24 08:30:39.379834,2605.04,Restaurant,Quatre Bornes,0
5b3e18b5-93bf-4840-ac6b-b6e03325d62a,CUST00193,2026-07-24 08:37:21.379834,1232.38,Entertainment,Lagos,1
9937d9ba-4075-4f36-9657-e484be270839,CUST00195,2026-07-24 08:42:51.379834,1369.0,Pharmacy,Mahebourg,0
724cb95a-26a0-490b-884c-92f53e7e9352,CUST00085,2026-07-24 08:45:08.379834,434.8,Electronics,Port Louis,0
28613e58-daa3-4666-81c5-9d91e40a702d,CUST00038,2026-07-24 09:00:51.379834,770.38,ATM Withdrawal,Curepipe,0
1279a258-5719-4c27-a374-361102544a52,CUST00152,2026-07-24 09:02:08.379834,3690.34,ATM Withdrawal,Mahebourg,0
b8b1ccfa-fd74-4cee-b38c-eb4a85c2045c,CUST00011,2026-07-24 09:04:58.379834,2082.78,Fuel Station,Port Louis,0
8f7f5f44-de3b-4a6e-b187-bbacb7961fcf,CUST00164,2026-07-24 09:06:06.379834,987.65,Travel,Tamarin,0
ebf48f22-7326-4ed4-bd33-fc4887d06f48,CUST00183,2026-07-24 09:06:45.379834,3021.43,Entertainment,Flacq,0
296d2912-921e-44bc-9fe5-a7c29bd97428,CUST00130,2026-07-24 09:13:30.379834,2698.58,Pharmacy,Mahebourg,0
3ac10f3f-5db9-4d0e-9931-b97a23c4abac,CUST00109,2026-07-24 09:35:40.379834,555.14,Utility Bill,Rose Hill,0
8146d499-7c93-4408-9922-93a73686543e,CUST00059,2026-07-24 09:43:30.379834,1746.72,Fuel Station,Curepipe,0
b6b09356-8638-4c23-8086-640fbaac6cca,CUST00025,2026-07-24 09:45:35.379834,1025.07,Travel,Tamarin,0
118353eb-0c3e-492b-8894-f06c0a2eacc3,CUST00031,2026-07-24 09:50:21.379834,1017.86,Pharmacy,Vacoas,0
dab9fc33-ce18-49c8-a472-e23f19633233,CUST00023,2026-07-24 09:59:01.379834,1566.44,Online Retail,Rose Hill,0
99ab46e3-f9c3-4b81-a1bc-af0e051f5279,CUST00121,2026-07-24 10:01:38.379834,2148.18,Utility Bill,Flacq,0
6d5da354-d9f2-4637-8385-47401bcb36ba,CUST00132,2026-07-24 10:11:11.379834,1419.13,Pharmacy,Beau Bassin,0
d94c9cb1-7a84-4fb2-99db-e0c94d7ad9e6,CUST00168,2026-07-24 10:27:21.379834,1223.33,ATM Withdrawal,Curepipe,0
822f8b91-1513-4a00-b0f3-fdef9c71b167,CUST00101,2026-07-24 10:41:13.379834,1900.93,Restaurant,Mahebourg,0
df1e78f1-6521-49b5-a9a6-de0e7818839d,CUST00199,2026-07-24 10:46:24.379834,884.7,ATM Withdrawal,Port Louis,0
edf95099-a187-4755-ba69-f369f27fe70a,CUST00133,2026-07-24 11:05:53.379834,3522.62,Pharmacy,Curepipe,0
f409e982-02b9-4dd2-abc2-0330ff34d7d0,CUST00147,2026-07-24 11:10:19.379834,567.31,Utility Bill,Rose Hill,0
29c788b5-731e-45bf-b817-8829b772b29c,CUST00042,2026-07-24 11:10:40.379834,1896.76,Online Retail,Vacoas,0
23a72422-bac1-4b3e-b313-8fd0aa9d434b,CUST00119,2026-07-24 11:11:56.379834,477.34,Fuel Station,Tamarin,0
094e9713-7960-4dd8-8173-b2b6be09cd7a,CUST00054,2026-07-24 11:14:48.379834,965.82,Travel,Rose Hill,0
744cf884-0b3e-4e5e-8be5-311af10aace9,CUST00131,2026-07-24 11:31:45.379834,355.33,Fuel Station,Vacoas,0
dac4ca09-b4af-41fb-a542-cfdc0e8bd088,CUST00061,2026-07-24 11:41:19.379834,978.55,Entertainment,Curepipe,0
f3259829-0555-4713-a2ac-565c6d260f1d,CUST00083,2026-07-24 11:43:08.379834,626.79,ATM Withdrawal,Port Louis,0
b83cd5c3-a68e-4a84-9b8c-0b3b60993d74,CUST00107,2026-07-24 11:50:50.379834,3010.89,Online Retail,Flacq,0
98b448dc-6a60-4bb7-9ca2-b59800474242,CUST00117,2026-07-24 11:56:51.379834,384.52,Entertainment,Quatre Bornes,0
46c61ab3-df9f-49c2-a40e-5ddb4017f2be,CUST00068,2026-07-24 11:58:15.379834,1326.79,Electronics,Beau Bassin,0
b3573507-74f2-490a-ad4e-d20f84c22a25,CUST00030,2026-07-24 12:09:49.379834,1906.21,Utility Bill,Beau Bassin,0
cd118f43-76de-43b7-8582-f62e3c7f16a0,CUST00091,2026-07-24 12:33:38.379834,1370.72,Fuel Station,Tamarin,0
d44b2129-8391-402d-b096-3a141b5237cc,CUST00101,2026-07-24 12:33:48.379834,2472.61,Utility Bill,Mahebourg,0
151fffb7-384f-4c2b-93fb-475000d61112,CUST00123,2026-07-24 12:34:22.379834,355.7,Electronics,Tamarin,0
16fd04af-d88b-4c22-b567-bad6323025e6,CUST00022,2026-07-24 12:34:50.379834,344.33,Electronics,Flacq,0
723b6d21-3095-4046-9ee8-66a613894691,CUST00129,2026-07-24 13:03:53.379834,2705.34,Entertainment,Curepipe,0
31d352c4-f9fd-46b8-b844-8e67019dcc7c,CUST00189,2026-07-24 13:04:03.379834,3992.47,Online Retail,Rose Hill,0
bb8be260-ae0e-4798-98c2-0159259897cb,CUST00091,2026-07-24 13:17:05.379834,1560.35,Entertainment,Tamarin,0
ddff0ed4-632c-4e85-b075-54cb2aa5ecbd,CUST00197,2026-07-24 13:19:29.379834,1202.73,Grocery,Tamarin,0
d75f1439-ef70-4a28-8b99-9cc91c4dc012,CUST00182,2026-07-24 13:29:57.379834,2559.49,Restaurant,Vacoas,0
1ae7e1b2-0551-4085-a2ab-baf9d9ccb6ac,CUST00056,2026-07-24 13:37:08.379834,808.31,Grocery,Port Louis,0
2af8e511-c32c-4712-b3c5-09bfdb18e8d1,CUST00163,2026-07-24 13:54:38.379834,3265.47,Utility Bill,Rose Hill,0
5153c132-44a8-45cf-9cf4-a3b30c03bbb3,CUST00155,2026-07-24 13:55:15.379834,1231.14,Travel,Beau Bassin,0
97554aa9-91e7-409c-8859-1f1a7cd336ba,CUST00069,2026-07-24 13:56:33.379834,5145.84,ATM Withdrawal,Rose Hill,0
334ce07c-01bf-4483-8ede-deaeeb62f30d,CUST00048,2026-07-24 14:02:07.379834,1793.21,Entertainment,Curepipe,0
c1d08673-86c9-45d0-b75b-13a029333aba,CUST00164,2026-07-24 14:09:10.379834,1612.69,Grocery,Tamarin,0
54a34b9e-d7ce-470a-9a69-41eff3fd00be,CUST00171,2026-07-24 14:18:42.379834,777.77,Grocery,Quatre Bornes,0
edd1b528-1f6e-487e-a935-2034ae52b6b9,CUST00012,2026-07-24 14:27:40.379834,1379.67,Grocery,Port Louis,0
40251495-e340-453b-8af3-36fa6fcfdbd8,CUST00003,2026-07-24 14:42:01.379834,1191.71,Utility Bill,Rose Hill,0
4a5d0865-bb53-43f2-b190-3b71e8c3b87b,CUST00157,2026-07-24 14:53:30.379834,480.72,Online Retail,Port Louis,0
256994d4-4e6a-4ac7-aebe-c1ff639b82ca,CUST00194,2026-07-24 14:56:43.379834,2182.32,Travel,Tamarin,0
51f62838-9799-41fb-aee4-633c1ffb5633,CUST00162,2026-07-24 14:59:06.379834,623.68,Fuel Station,Port Louis,1
b308501d-b2ec-4142-845e-056b4ba3793f,CUST00169,2026-07-24 15:06:19.379834,1468.83,Grocery,Mahebourg,0
4ca76e79-80b2-4867-8dc5-1ba877412ea8,CUST00143,2026-07-24 15:22:39.379834,447.56,Grocery,Curepipe,0
0d523b44-a777-48b6-a244-27d0cf8de15e,CUST00170,2026-07-24 15:57:56.379834,2048.26,Utility Bill,Quatre Bornes,0
4c7cb509-6279-44c5-8250-7a68f74e95e1,CUST00047,2026-07-24 16:09:54.379834,705.95,Restaurant,Flacq,0
bd8486c0-7585-43b7-bfff-bda717996272,CUST00103,2026-07-24 16:38:18.379834,267.04,Utility Bill,Vacoas,0
cccddcfb-7bc2-47fc-b358-e30d5b4f644d,CUST00191,2026-07-24 16:43:05.379834,3075.31,ATM Withdrawal,Curepipe,0
06dc510a-09f7-4d87-a16c-bbe1062bfc5e,CUST00057,2026-07-24 16:49:24.379834,966.52,Grocery,Rose Hill,0
76220f08-4b6e-4979-a91c-bcca16757813,CUST00088,2026-07-24 17:05:46.379834,1327.68,Restaurant,Vacoas,0
7b6908d8-c6eb-47ae-b4a4-8eb5fccd4e69,CUST00043,2026-07-24 17:07:05.379834,473.64,Restaurant,Port Louis,0
052ff8d8-096e-4618-a4a3-39e7edc3b91d,CUST00142,2026-07-24 17:16:45.379834,1610.59,Fuel Station,Mahebourg,0
5fd47ac1-da7a-4eba-beaf-6dc10aa5a751,CUST00008,2026-07-24 17:18:00.379834,2197.75,ATM Withdrawal,Curepipe,0
76b71b1b-e436-4c6a-9e7e-d846695e7626,CUST00115,2026-07-24 17:22:47.379834,874.43,Online Retail,Curepipe,0
e4ac0e96-33ae-47c7-b1a9-098a2d9003f9,CUST00005,2026-07-24 17:23:06.379834,1776.62,Online Retail,Quatre Bornes,0
875be2a2-695f-40e1-9695-a3f551e85e2e,CUST00159,2026-07-24 17:26:23.379834,592.2,Entertainment,Beau Bassin,0
c4db8892-afdd-48b1-a499-f9845ca1ddac,CUST00105,2026-07-24 17:32:07.379834,2297.94,Online Retail,Flacq,0
ac7fc5a2-832d-4257-90b1-b8dc73340cf6,CUST00075,2026-07-24 17:43:43.379834,399.25,Entertainment,Rose Hill,0
de549cd4-f5ef-44f3-ba93-9c1aa64fa1f3,CUST00180,2026-07-24 17:45:27.379834,1990.96,Travel,Mahebourg,0
9b1b5391-143f-4c22-b888-468ddc043c64,CUST00193,2026-07-24 17:48:42.379834,630.53,Pharmacy,Port Louis,0
a6361c23-cf16-4ec6-b4e0-b25b81539b1a,CUST00189,2026-07-24 17:59:39.379834,3886.22,Electronics,Rose Hill,0
9a975abb-fd2e-44ee-be98-50de0e1e7690,CUST00012,2026-07-24 18:05:53.379834,4331.08,Pharmacy,Port Louis,0
22669c1f-53e9-4496-8a78-40659b7f6ced,CUST00046,2026-07-24 18:19:17.379834,1524.95,Travel,Curepipe,0
31e7540d-6078-40e2-baf3-411b5b90f904,CUST00024,2026-07-24 18:19:36.379834,2952.19,Utility Bill,Grand Baie,0
86df52fb-7f9a-4019-bf24-ac0c80258111,CUST00137,2026-07-24 18:21:06.379834,475.5,Restaurant,Grand Baie,0
e9998f9a-0f4a-4ad8-b397-a9b227547f19,CUST00066,2026-07-24 18:30:52.379834,188.9,Online Retail,Quatre Bornes,0
74d65f48-3acc-4e91-a675-24eb3ebda8e5,CUST00130,2026-07-24 18:31:03.379834,2340.45,Travel,Mahebourg,0
c191fb88-7f09-4b2c-940d-196448e0dcf6,CUST00108,2026-07-24 18:31:11.379834,2378.14,Fuel Station,Beau Bassin,0
21fa497d-34b8-4804-8fc5-b0cc804f011b,CUST00166,2026-07-24 18:33:40.379834,4002.22,Fuel Station,Curepipe,0
15102d25-f463-4d5a-9da4-5abc67078121,CUST00167,2026-07-24 19:16:44.379834,504.2,Restaurant,Grand Baie,0
9feceff0-48af-4acd-94c9-74d77438a004,CUST00018,2026-07-24 19:21:22.379834,1832.2,Restaurant,Port Louis,0
690a7f70-1338-41a5-8aba-59747b2eb92c,CUST00127,2026-07-24 19:22:10.379834,1799.99,Grocery,Mahebourg,0
f93bad8a-a6c7-4c45-9276-73ec403750f4,CUST00142,2026-07-24 19:29:40.379834,1808.94,Grocery,Mahebourg,0
fe4e618d-ac93-4db3-91c2-cabf66904147,CUST00074,2026-07-24 19:53:29.379834,5278.94,Fuel Station,Mahebourg,0
a772236c-e520-442b-bc4d-a6c1eb30a2ef,CUST00086,2026-07-24 20:05:22.379834,215.55,Entertainment,Beau Bassin,0
2985a94c-067e-4ee0-82bd-71c52f21d76e,CUST00043,2026-07-24 20:05:34.379834,750.99,Entertainment,Port Louis,0
af5ebfdc-50f3-4573-a56a-435824c78a76,CUST00185,2026-07-24 20:06:37.379834,1622.07,Utility Bill,Grand Baie,0
da39ebb0-7f01-43fa-9c27-af7b2590ea04,CUST00075,2026-07-24 20:08:59.379834,201.78,Travel,Rose Hill,0
484ae68b-9797-4159-ab23-bd88c8c54a8d,CUST00039,2026-07-24 20:23:44.379834,1110.36,ATM Withdrawal,Beau Bassin,0
22f6de35-5848-4cab-908e-2e20be26b16b,CUST00155,2026-07-24 20:25:20.379834,1765.85,Online Retail,Beau Bassin,0
299dccbb-3620-44ce-96bc-e82ed08a81e1,CUST00074,2026-07-24 20:48:52.379834,3904.97,Online Retail,Mahebourg,0
fee73818-d92e-44fe-bfcf-13b284a2f23d,CUST00196,2026-07-24 20:50:37.379834,2232.42,Travel,Rose Hill,0
9eb3c673-7f20-4763-a11e-baf626d3dc7d,CUST00097,2026-07-24 20:51:07.379834,1564.9,Online Retail,Quatre Bornes,0
170e1fd0-9b9e-4b1e-9b16-c7351df54a02,CUST00092,2026-07-24 20:51:23.379834,734.68,Grocery,Beau Bassin,0
017ffdc4-83a7-481b-91d4-f59ed4631c3f,CUST00027,2026-07-24 21:03:58.379834,1068.54,Grocery,Port Louis,0
594defc2-743d-479e-b1bc-77bd07bfb62e,CUST00112,2026-07-24 21:05:31.379834,952.84,Online Retail,Grand Baie,0
046ed17d-fce0-4718-8fbd-f969ef2865ea,CUST00080,2026-07-24 21:30:14.379834,911.73,Restaurant,Mahebourg,0
ede5b8fe-6fd9-4a13-ad26-84f83a104513,CUST00071,2026-07-24 21:31:37.379834,1479.51,Grocery,Curepipe,0
bb7b64c3-dd92-4f66-82a5-7db47f61f451,CUST00086,2026-07-24 21:32:13.379834,132.22,Grocery,Beau Bassin,0
f13157af-7baa-499f-b8c9-3053faa39237,CUST00065,2026-07-24 21:50:35.379834,1607.45,Restaurant,Beau Bassin,0
04f5f051-c8d7-4d19-97af-7e4020978df6,CUST00024,2026-07-24 21:53:19.379834,1103.16,Grocery,Grand Baie,0
e1314334-93d6-4b9e-8453-6c02dcdb7128,CUST00023,2026-07-24 22:02:33.379834,1098.19,Utility Bill,Rose Hill,0
23edb6d5-de0a-4c63-acde-b0c1c500e8f1,CUST00169,2026-07-24 22:18:30.379834,2856.98,Entertainment,Mahebourg,0
7d4e5daf-d7fb-42bd-bba4-03d6e0c09c4d,CUST00175,2026-07-24 22:33:07.379834,1775.6,Grocery,Vacoas,0
46540197-6b87-448f-a3e6-6d4187c0631e,CUST00003,2026-07-24 22:38:48.379834,385.23,Online Retail,Rose Hill,0
7e5d7fcd-e4ef-47e8-8890-f0ffdb792e04,CUST00099,2026-07-24 22:39:39.379834,3922.35,Grocery,Quatre Bornes,0
7ab7f679-3122-498e-8ca0-9e56c6a6b16e,CUST00158,2026-07-24 22:42:04.379834,2654.21,Online Retail,Curepipe,0
a8e452b5-29b8-47ad-a807-cac306b246ea,CUST00141,2026-07-24 22:46:26.379834,94.81,Restaurant,Quatre Bornes,0
2606b8ce-b402-4405-bd71-752a0dab15fb,CUST00101,2026-07-24 23:07:03.379834,2297.83,Utility Bill,Mahebourg,0
1ded4678-ad10-4634-bfe5-f09ce3f9b187,CUST00096,2026-07-24 23:11:35.379834,2158.94,Travel,Grand Baie,0
e79a61fb-d9c7-4ea5-927b-1948b0569b98,CUST00016,2026-07-24 23:42:08.379834,781.96,Travel,Mahebourg,0
3efffcb5-9885-4b72-af62-b7af21c3beb5,CUST00066,2026-07-24 23:42:08.379834,109.19,Entertainment,Quatre Bornes,0
c09f0e54-70b4-48ef-afe7-ed877781ba12,CUST00053,2026-07-24 23:47:25.379834,1049.78,Utility Bill,Tamarin,0
ec0893f4-c2a9-4e57-85bf-9a970ff8dd38,CUST00092,2026-07-24 23:48:47.379834,614.14,Online Retail,Beau Bassin,0
b0ae174d-c8b2-4719-a035-9f20077701cd,CUST00170,2026-07-25 00:01:00.379834,1666.19,Pharmacy,Quatre Bornes,0
6303e6bd-5e6e-481b-9b1e-28c3211493ce,CUST00005,2026-07-25 00:12:48.379834,3066.93,Pharmacy,Quatre Bornes,0
3654dd96-5761-4b40-beba-f74719670916,CUST00160,2026-07-25 00:23:22.379834,3093.81,Utility Bill,Vacoas,0
ebef1909-e96c-4881-87e6-58a610cb63fc,CUST00076,2026-07-25 00:25:06.379834,631.03,Grocery,Quatre Bornes,0
255ec559-08b5-4d0a-8165-7ef56af5dfc5,CUST00147,2026-07-25 00:25:54.379834,565.04,Grocery,Rose Hill,0
ff832ceb-59d7-4b40-ab5e-311004627d18,CUST00115,2026-07-25 00:29:47.379834,1284.5,Utility Bill,Curepipe,0
bdeffe6d-55d4-44a9-8bea-c8a63435224c,CUST00165,2026-07-25 00:58:42.379834,358.35,ATM Withdrawal,Curepipe,0
4f689814-945f-4f4c-a773-ebcebbdfc4cf,CUST00180,2026-07-25 01:14:22.379834,2566.85,Entertainment,Mahebourg,0
e6c9c6a7-4188-4040-9728-16e67201503b,CUST00079,2026-07-25 01:19:38.379834,1487.31,Entertainment,Vacoas,0
c3074498-2987-47d3-85b0-48926254ddd5,CUST00101,2026-07-25 01:19:45.379834,11812.76,Grocery,Mahebourg,1
f0a898da-4ace-479c-9765-420696cc02e8,CUST00195,2026-07-25 01:21:02.379834,1341.73,ATM Withdrawal,Mahebourg,0
b2e0fba9-dfeb-4cec-a651-c55affbb8f96,CUST00151,2026-07-25 02:40:10.379834,5672.84,Online Retail,Mahebourg,0
ff48ebe0-5713-4183-82c8-b3a81fc2fb07,CUST00151,2026-07-25 02:41:10.379834,5672.84,Online Retail,Mahebourg,1
b92254f2-c8f9-4442-875f-23358123bcd2,CUST00115,2026-07-25 02:43:35.379834,1307.78,Fuel Station,Curepipe,0
f13a8678-cf93-40dc-8e0c-b449b2f4c8ba,CUST00151,2026-07-25 02:46:10.379834,5672.84,Online Retail,Mahebourg,1
e3cd9755-7804-4f5f-b47e-959ca15de1d1,CUST00147,2026-07-25 02:50:27.379834,941.8,Online Retail,Rose Hill,0
23a8c17f-6c07-453e-92c3-5f5254072b0b,CUST00158,2026-07-25 02:51:53.379834,5517.35,ATM Withdrawal,Curepipe,0
9d272515-0f55-416e-85c3-9d694f20e53e,CUST00151,2026-07-25 02:55:10.379834,5672.84,Online Retail,Mahebourg,1
d075be4b-02ee-40e7-8475-4fabc5bce572,CUST00151,2026-07-25 02:56:10.379834,5672.84,Online Retail,Mahebourg,1
2be283a1-da8a-4ef2-a4fa-b8aab98484d3,CUST00045,2026-07-25 03:19:53.379834,4210.04,Pharmacy,Mahebourg,0
d6b693fc-bbf5-4b5a-b2bf-9021545be719,CUST00011,2026-07-25 03:28:48.379834,1680.71,Utility Bill,Port Louis,0
351136fe-3a7a-4234-a929-b465e5ddf37a,CUST00073,2026-07-25 03:39:22.379834,1764.3,Pharmacy,Quatre Bornes,0
d0bca281-1122-4851-b9a4-05239d7900c7,CUST00114,2026-07-25 03:48:48.379834,1737.08,Fuel Station,Port Louis,0
9d00a617-2881-42e3-8f24-b5bd7fbe98ad,CUST00030,2026-07-25 03:51:31.379834,1339.48,Restaurant,Beau Bassin,0
7ea31914-dc3e-4426-b8cd-bb2d99a38b8a,CUST00138,2026-07-25 03:52:43.379834,1513.04,Entertainment,Port Louis,0
d6c503f1-d7f6-4155-8e00-cbec401463da,CUST00036,2026-07-25 03:53:03.379834,482.4,Grocery,Curepipe,0
fd7a8d49-04c0-4eb1-837e-585f107ff246,CUST00150,2026-07-25 03:55:17.379834,2466.2,Electronics,Quatre Bornes,0
92b173ed-8f01-421e-b6fd-1e845b035039,CUST00176,2026-07-25 04:22:51.379834,591.64,Electronics,Mahebourg,0
89a82a97-1a57-4848-96e4-c10f0730a21e,CUST00108,2026-07-25 04:30:32.379834,2590.35,Entertainment,Beau Bassin,0
22e3488d-5e32-4884-87a2-2a28c1fb450e,CUST00128,2026-07-25 04:46:11.379834,2863.86,Restaurant,Port Louis,1
af88f389-6d72-47e7-ac30-94e4a1775a2a,CUST00124,2026-07-25 04:56:21.379834,2896.72,Electronics,Grand Baie,0
afbedd87-c8c3-42d5-a32a-8968efb34de9,CUST00173,2026-07-25 04:57:10.379834,2635.5,Utility Bill,Mahebourg,0
56fcee7c-ecc6-40df-b9eb-ef64d18c37cb,CUST00092,2026-07-25 04:58:56.379834,884.41,Restaurant,Beau Bassin,0
ad72cba4-ee94-45e6-b6a7-470accabc2d2,CUST00081,2026-07-25 05:02:26.379834,4597.01,Grocery,Rose Hill,0
ee902759-c6ba-46f2-bc69-24234321c018,CUST00110,2026-07-25 05:20:34.379834,580.02,Travel,Quatre Bornes,0
69a4cf08-14b3-4ebf-b937-1c9894d1eb84,CUST00184,2026-07-25 05:39:13.379834,3844.18,Travel,Beau Bassin,0
07a7ac24-c5aa-4973-948a-208c62f9f61d,CUST00079,2026-07-25 05:59:29.379834,2024.04,Fuel Station,Vacoas,0
660175a9-05e3-46d7-ae56-25ccdaec7d2a,CUST00112,2026-07-25 05:59:50.379834,1097.66,Grocery,Grand Baie,0
73b0a9ad-6837-45e0-8fdc-afe6827f8d4a,CUST00120,2026-07-25 06:07:38.379834,840.74,Travel,Curepipe,0
ce8c9a9c-1de1-4ab1-b51f-49c2c6440239,CUST00010,2026-07-25 06:08:54.379834,676.14,Online Retail,Flacq,0
d7f689ed-c3cf-46fd-9f66-d93f1bb1ff8c,CUST00161,2026-07-25 06:28:44.379834,261.2,Fuel Station,Rose Hill,0
631230a6-9762-4a28-b191-c8ee1d224cba,CUST00122,2026-07-25 06:31:24.379834,1003.75,Grocery,Flacq,0
d1dfd2d5-efcd-4fd7-b7b1-1d302d730085,CUST00054,2026-07-25 06:46:20.379834,1475.13,Grocery,Rose Hill,0
8fe00690-5ff8-48c0-886d-588a6dcde047,CUST00118,2026-07-25 06:55:49.379834,1290.89,Travel,Flacq,0
6ee6352f-62d0-49be-aeed-19038e09e06a,CUST00154,2026-07-25 07:04:59.379834,406.14,Utility Bill,Tamarin,0
837ded9e-2715-499a-a5d5-864566c2411c,CUST00073,2026-07-25 07:25:45.379834,3249.51,Travel,Quatre Bornes,0
c2dc7fec-fca6-4d75-bc2d-d4297d6ff517,CUST00135,2026-07-25 07:30:11.379834,1397.04,Pharmacy,Flacq,0
e28d2296-adbb-4f91-b009-41efb1ab16a0,CUST00160,2026-07-25 07:57:47.379834,2926.9,Fuel Station,Vacoas,0
2482f92b-117b-42f9-ae52-93cb3c75d289,CUST00070,2026-07-25 08:13:58.379834,865.04,Restaurant,Vacoas,0
3bc98f89-64d1-4403-95a0-c3fa43b2a4df,CUST00176,2026-07-25 08:27:55.379834,417.1,Electronics,Mahebourg,0
bca2e539-9cf6-499f-ad0d-3283bd0523da,CUST00135,2026-07-25 08:38:41.379834,1085.0,Restaurant,Flacq,0
63015a52-8887-4726-90ac-890cb93e290f,CUST00054,2026-07-25 08:47:59.379834,1460.64,Grocery,Rose Hill,0
8f29ef3a-8372-4ccd-af5c-85d3587a6262,CUST00196,2026-07-25 08:58:50.379834,1951.97,Electronics,Rose Hill,0
e973f5da-ea6e-4a7b-a574-b343ea063e89,CUST00168,2026-07-25 09:07:07.379834,1034.51,Electronics,Curepipe,0
6aa79375-1c46-4269-a885-a313e1250805,CUST00084,2026-07-25 09:20:27.379834,2525.11,Entertainment,Rose Hill,0
0458ec31-d7cc-4509-998b-5c3846be22b8,CUST00177,2026-07-25 09:31:56.379834,808.99,Restaurant,Tamarin,0
535fb096-5a1d-4700-ab8e-071e804f37c3,CUST00169,2026-07-25 09:40:45.379834,2164.45,Online Retail,Mahebourg,0
7b790f6f-1cd6-4f0b-8c21-8c87453c9519,CUST00058,2026-07-25 09:46:48.379834,1384.66,ATM Withdrawal,Vacoas,0
77b26fb5-f925-480b-b136-6a6b183913c1,CUST00138,2026-07-25 09:54:07.379834,2281.81,Fuel Station,Port Louis,0
826258f5-d9b6-4100-b9f8-42d6950f3c95,CUST00046,2026-07-25 10:03:22.379834,735.32,Pharmacy,Curepipe,0
bd97af0f-bb6d-4d59-b290-b415a11ba008,CUST00032,2026-07-25 10:08:36.379834,719.76,Electronics,Quatre Bornes,0
af838497-558d-4aac-ade1-251d48e90f6a,CUST00045,2026-07-25 10:12:38.379834,4996.71,Travel,Mahebourg,0
06d4507b-c0c6-4dca-b256-6b99d3827cff,CUST00011,2026-07-25 10:12:56.379834,1503.31,Utility Bill,Port Louis,0
97fbcdb4-ee89-417e-a688-00a90ec1c798,CUST00114,2026-07-25 10:14:05.379834,14227.33,Online Retail,Port Louis,1
8a0e3fdb-3c44-42f0-9903-740bf3e30d32,CUST00028,2026-07-25 10:14:41.379834,1178.17,Utility Bill,Quatre Bornes,0
f263180d-b64b-4cc6-ac64-76ef960d3009,CUST00053,2026-07-25 10:16:28.379834,1626.05,Pharmacy,Tamarin,0
ee204e6c-dd5a-471e-a300-9f56e87f5b11,CUST00076,2026-07-25 10:17:51.379834,520.39,Grocery,Quatre Bornes,0
3a8c6af9-0c1b-4a4f-9b56-b869dd305931,CUST00162,2026-07-25 10:26:43.379834,206.47,ATM Withdrawal,Port Louis,0
05df979a-1f9b-4ddc-8d4c-57a0a60d50d0,CUST00058,2026-07-25 11:00:01.379834,2287.89,ATM Withdrawal,Vacoas,0
e795f944-43fa-440f-afcf-3a39b4ba5a5b,CUST00135,2026-07-25 11:06:44.379834,874.51,Electronics,Flacq,0
27bd0220-f6d2-473b-ad12-5d798637226c,CUST00104,2026-07-25 11:09:35.379834,1358.91,ATM Withdrawal,Tamarin,0
8f98791f-c79c-4580-88db-29accb4b6c77,CUST00171,2026-07-25 11:40:49.379834,313.1,Entertainment,Quatre Bornes,0
1fa6e9d5-510e-491a-ac2c-3ac7ec3f3c19,CUST00017,2026-07-25 11:44:08.379834,1064.86,Online Retail,Tamarin,0
637bb5c5-9f4e-4ded-ba6c-8690c855c356,CUST00134,2026-07-25 11:47:33.379834,160.07,Restaurant,Vacoas,0
fafb2e14-641b-4173-95fe-d10ad024853f,CUST00187,2026-07-25 11:55:41.379834,1051.65,Pharmacy,Grand Baie,0
003af518-31b6-4163-82e8-6e8667a2c621,CUST00081,2026-07-25 12:01:43.379834,4079.71,Online Retail,Rose Hill,0
464b7ef5-67fd-4c96-a196-309278aafda7,CUST00060,2026-07-25 12:05:24.379834,177.15,Pharmacy,Rose Hill,0
292a4d4c-ccde-48ad-bf1a-ea5a5964fa16,CUST00004,2026-07-25 12:13:51.379834,2672.27,Pharmacy,Rose Hill,0
a2bf15ba-42dc-49dc-ac10-05ad3b48a0c2,CUST00026,2026-07-25 12:19:39.379834,822.85,Travel,Vacoas,0
e0b88e3c-e660-4d74-8c9d-c3b664fe8655,CUST00161,2026-07-25 12:23:04.379834,325.13,ATM Withdrawal,Rose Hill,0
0e55d407-5503-4276-822b-b7fdd724d516,CUST00184,2026-07-25 12:34:13.379834,1623.81,Entertainment,Beau Bassin,0
dcf8a452-f213-483b-b487-fea484164789,CUST00178,2026-07-25 12:36:48.379834,1480.32,Pharmacy,Flacq,0
13475fe8-72f3-4b7a-9758-f1bcfde04b10,CUST00023,2026-07-25 12:39:34.379834,2028.76,Grocery,Rose Hill,0
66977a60-78ca-4ce7-8caf-0c83d53f4f71,CUST00064,2026-07-25 12:40:07.379834,4729.84,ATM Withdrawal,Lagos,1
768378a2-beb7-4689-8fcd-3648e0b48e93,CUST00017,2026-07-25 12:43:28.379834,760.01,Fuel Station,Tamarin,0
a42c3583-8b3b-4eb7-a00d-ab075882236b,CUST00135,2026-07-25 12:44:19.379834,1466.79,Electronics,Flacq,0
6d22af1b-44a3-452a-a87b-0a4e73090326,CUST00081,2026-07-25 12:50:14.379834,1986.14,Online Retail,Rose Hill,0
df52a8d4-85bf-4561-830e-ad10862183a8,CUST00195,2026-07-25 13:04:15.379834,988.65,Fuel Station,Mahebourg,0
a7945186-b1e6-480a-b3fb-6770201079a6,CUST00073,2026-07-25 13:05:19.379834,2934.65,Restaurant,Quatre Bornes,0
dec9f5d3-6124-4eea-b777-2eb8f63d1075,CUST00026,2026-07-25 13:11:03.379834,1823.85,Online Retail,Vacoas,0
2d693304-e80d-4c03-b7dd-9330916cd265,CUST00057,2026-07-25 13:17:18.379834,1372.1,Electronics,Rose Hill,0
fe0ce92d-f603-42ce-9a09-6ebc3d7d8d12,CUST00113,2026-07-25 13:18:24.379834,2407.89,Restaurant,Curepipe,0
73864daa-3ac6-4c0a-90f5-d97bda0f59fa,CUST00184,2026-07-25 13:32:39.379834,2939.47,Travel,Beau Bassin,0
195d4a74-119a-4636-9cc5-ed5e2c9fbdbd,CUST00123,2026-07-25 13:32:45.379834,445.35,Restaurant,Tamarin,0
19546ab6-4931-4bac-96e3-e6cd56792021,CUST00055,2026-07-25 13:44:59.379834,1210.07,Electronics,Curepipe,0
3fc74832-368d-47f6-84a8-cd25844f519c,CUST00198,2026-07-25 13:49:30.379834,846.82,Travel,Rose Hill,0
faa36908-696d-471d-8c48-6a64c4bbbf66,CUST00173,2026-07-25 13:51:10.379834,2317.99,Fuel Station,Mahebourg,0
7f1daf07-c640-48fb-8f07-e31d008b4398,CUST00077,2026-07-25 14:02:37.379834,1195.26,ATM Withdrawal,Grand Baie,0
7f5703f2-353d-427b-b923-873bdd871d91,CUST00173,2026-07-25 14:34:09.379834,3105.41,Grocery,Mahebourg,0
7da78e37-a409-4354-80c8-52f83dcb9b73,CUST00160,2026-07-25 14:35:45.379834,2487.02,Travel,Vacoas,0
5938c1bd-c773-462b-85f0-e2efdc083a69,CUST00155,2026-07-25 14:59:14.379834,1950.64,Electronics,Beau Bassin,0
077e0cac-be20-4f7e-b982-4976fe5c3df5,CUST00064,2026-07-25 15:11:21.379834,1141.01,Entertainment,Grand Baie,0
42d4af2b-405b-4332-92c6-7d2e9926ec72,CUST00183,2026-07-25 15:14:13.379834,1615.41,ATM Withdrawal,Flacq,0
9b836e92-78d2-4961-b89d-0c436bf0835b,CUST00011,2026-07-25 15:22:15.379834,1176.62,Online Retail,Port Louis,0
93ffeb24-76f9-4cd5-bad5-8c465ba47b26,CUST00004,2026-07-25 15:30:36.379834,4399.2,Online Retail,Rose Hill,0
1b8b48d3-8d94-44ce-9358-5fee2b42db74,CUST00194,2026-07-25 15:35:21.379834,2039.45,Online Retail,Tamarin,0
a473ffd2-3159-49ef-84e5-f94a74362472,CUST00059,2026-07-25 15:46:49.379834,1568.39,Grocery,Curepipe,0
982c6aa4-fc4c-4b48-b8ef-c5d000c56cf4,CUST00161,2026-07-25 15:57:37.379834,282.01,Pharmacy,Rose Hill,0
58ea9c32-be11-4dfa-af62-a277ef1712e2,CUST00039,2026-07-25 15:58:40.379834,1489.87,Grocery,Beau Bassin,0
25d1ed35-e83a-4de1-80e8-03d00503b433,CUST00125,2026-07-25 16:00:14.379834,2605.55,Online Retail,Mahebourg,0
33912b75-616e-42ba-967e-aa426c0194c6,CUST00186,2026-07-25 16:27:02.379834,2260.99,Fuel Station,Mahebourg,0
a2574661-a2bc-42ce-b9e3-6503dcac5fa5,CUST00175,2026-07-25 16:37:01.379834,2213.15,Fuel Station,Vacoas,0
b5492dff-313c-49e6-90bb-40d3070b0178,CUST00113,2026-07-25 16:47:40.379834,1840.63,ATM Withdrawal,Curepipe,0
e2c4b4b9-4f3e-4315-8928-ae1db5620131,CUST00112,2026-07-25 16:48:19.379834,1414.84,Fuel Station,Grand Baie,0
2d26bdb2-f08a-40c8-b976-76034283137c,CUST00106,2026-07-25 17:06:00.379834,1064.77,ATM Withdrawal,Tamarin,0
6e206a5c-c507-4394-9d8b-f780d636cc15,CUST00106,2026-07-25 17:09:58.379834,897.66,ATM Withdrawal,Tamarin,0
df455c78-5fe8-4019-84b1-afe9f3605647,CUST00197,2026-07-25 17:13:40.379834,748.87,ATM Withdrawal,Tamarin,0
9a9b57c8-34c9-4226-9dee-5c5e0b186a9f,CUST00020,2026-07-25 17:14:27.379834,1051.36,Electronics,Rose Hill,0
63fd4a68-7556-4913-bb7c-a0f2a51bf0a4,CUST00197,2026-07-25 17:14:38.379834,995.0,Online Retail,Tamarin,0
af738a17-acfa-40d4-9e27-265e6b7b3d23,CUST00023,2026-07-25 17:25:55.379834,1475.84,Restaurant,Rose Hill,0
41966ddb-55f2-42d9-a1fa-a926ba44220c,CUST00184,2026-07-25 17:38:10.379834,2548.01,Pharmacy,Beau Bassin,0
b63f58eb-84cd-4c6a-8775-0f4b89ce75ab,CUST00081,2026-07-25 17:52:40.379834,4134.28,Electronics,Rose Hill,0
0451783b-8f96-4f1c-8ba7-ba4e07236839,CUST00107,2026-07-25 17:54:22.379834,4366.12,Entertainment,Flacq,0
94f0e51a-0c92-47d6-a487-747f85e6b0eb,CUST00032,2026-07-25 18:03:50.379834,1219.6,Electronics,Quatre Bornes,0
78b50a3a-ae59-469e-bf11-ea6595064465,CUST00154,2026-07-25 18:04:18.379834,682.22,Travel,Tamarin,0
b2c91a5c-09e8-42ef-a8af-8b0361ee780c,CUST00161,2026-07-25 18:08:01.379834,310.56,Fuel Station,Rose Hill,0
65af50bc-57b6-4f63-9432-22ef66e656d6,CUST00067,2026-07-25 18:16:16.379834,2008.86,Pharmacy,Beau Bassin,0
944e3f6c-1c12-4f7a-8b9b-39f4f343f1d1,CUST00018,2026-07-25 18:43:08.379834,1367.84,Electronics,Port Louis,0
f296a7fc-2506-4e4b-8790-917d5ddeb42c,CUST00079,2026-07-25 18:49:56.379834,2184.83,Grocery,Vacoas,0
fb604447-8a10-4dab-a488-e2fab11adfd6,CUST00183,2026-07-25 19:02:13.379834,1439.61,Pharmacy,Flacq,0
949fc57e-8230-4913-89fe-bf6acdb895be,CUST00158,2026-07-25 19:17:49.379834,5707.56,ATM Withdrawal,Curepipe,0
79c6200d-82ef-46b8-8f0a-ccb24c1bb560,CUST00123,2026-07-25 19:20:14.379834,620.61,ATM Withdrawal,Tamarin,0
b4bb6753-34c7-496e-b9eb-a116c6d9cd9a,CUST00036,2026-07-25 19:52:51.379834,706.86,Pharmacy,Curepipe,0
7db0c1d6-b1a0-4936-be8d-8c70c2af5d76,CUST00169,2026-07-25 20:02:28.379834,2572.42,Online Retail,Mahebourg,0
e35172df-a67a-4333-831b-2e068cc56009,CUST00137,2026-07-25 20:21:23.379834,890.66,Fuel Station,Grand Baie,0
aa6e17be-c3da-47f8-8aef-db43756a2ac2,CUST00058,2026-07-25 20:28:07.379834,2018.18,Travel,Vacoas,0
49b646dd-d971-4fa7-852e-e23d43badc38,CUST00004,2026-07-25 20:30:22.379834,5159.42,Utility Bill,Rose Hill,0
a4f1d587-2ccf-4d4d-a58a-4d0adc01e2c1,CUST00198,2026-07-25 20:31:46.379834,2080.77,Grocery,Rose Hill,0
5ef1565e-bf3d-4277-9c01-94c7f96e072a,CUST00175,2026-07-25 20:35:53.379834,1914.48,Entertainment,Vacoas,0
a7f2ec1e-23fb-42d5-8a45-645ccda9a080,CUST00199,2026-07-25 20:41:23.379834,1083.45,Electronics,Port Louis,0
cd50d372-ba2d-4ab6-9144-3df64a40e07c,CUST00072,2026-07-25 20:57:12.379834,2556.03,ATM Withdrawal,Tamarin,0
a607874e-f10b-4f30-863e-a8b14ba049e3,CUST00137,2026-07-25 21:01:41.379834,834.76,Grocery,Grand Baie,0
c48a5c60-6ea0-48a8-9648-ce6e5fc7f79e,CUST00134,2026-07-25 21:06:46.379834,222.99,Utility Bill,Vacoas,0
e9c2059f-68fa-4327-ae72-ae732e0b5048,CUST00053,2026-07-25 21:10:14.379834,2108.79,Entertainment,Tamarin,0
62b3e1c8-5522-42ea-94d1-92bb4440a2ba,CUST00192,2026-07-25 21:19:17.379834,1504.14,Pharmacy,Beau Bassin,0
b3ea6590-c5cb-4baf-9fe8-942cc2df75fe,CUST00014,2026-07-25 21:23:48.379834,792.09,Electronics,Rose Hill,0
18a6c7c7-8b1f-4c4e-9af3-7a3b93270f76,CUST00155,2026-07-25 21:35:23.379834,2049.32,Fuel Station,Beau Bassin,0
7bdf644c-c601-4531-8985-9a9ca9ce5a89,CUST00171,2026-07-25 21:40:09.379834,519.37,Fuel Station,Quatre Bornes,0
8ffb0cb2-712e-4d22-8803-72c2fc84aa7d,CUST00150,2026-07-25 21:49:27.379834,2633.07,Online Retail,Quatre Bornes,0
999db201-f1e9-4b24-ad8c-4055f0712e2c,CUST00148,2026-07-25 21:57:52.379834,966.05,Entertainment,Quatre Bornes,0
35bd67ce-0c4d-4092-9d58-60b074a3be8c,CUST00027,2026-07-25 21:58:07.379834,628.55,Entertainment,Port Louis,0
7d475e90-09c6-437f-956e-1a672928077a,CUST00168,2026-07-25 22:00:35.379834,202.66,Restaurant,Curepipe,0
5a24d83a-81a9-45d9-bc86-dc74eaa6af5e,CUST00187,2026-07-25 22:11:26.379834,1543.86,Fuel Station,Grand Baie,0
fb5617d2-1038-4764-88bf-86a2f2f0bb53,CUST00172,2026-07-25 22:15:10.379834,897.82,ATM Withdrawal,Grand Baie,0
5516a783-0d8b-40b1-8ac5-729a06b4c58e,CUST00080,2026-07-25 22:21:15.379834,883.99,Grocery,Mahebourg,0
fc7f5688-f55f-446a-923c-0998753427e7,CUST00039,2026-07-25 22:22:15.379834,1299.87,Grocery,Beau Bassin,0
241ad241-9af0-4534-97b7-25bf757a6b47,CUST00020,2026-07-25 22:35:59.379834,2855.92,Electronics,Rose Hill,0
0f1d7048-6d06-49e9-9766-70097a1ba25f,CUST00107,2026-07-25 22:52:48.379834,6157.41,Online Retail,Flacq,0
e07502f2-8a44-40d7-b2c7-8c1ca1a238bd,CUST00143,2026-07-25 22:57:39.379834,453.1,Electronics,Curepipe,0
8fac5c80-b68d-422b-a4f2-9a73dd345e4f,CUST00166,2026-07-25 23:02:05.379834,4939.97,Entertainment,Curepipe,0
7bf64b96-db1f-4f28-a914-2fbb5addf0e8,CUST00192,2026-07-25 23:13:30.379834,1375.84,ATM Withdrawal,Beau Bassin,0
41a1c8fd-61fd-4713-a49b-7e00749ad2f9,CUST00004,2026-07-25 23:41:18.379834,4390.79,Grocery,Rose Hill,0
49632ea3-e508-4117-bc39-0054c7bb8a67,CUST00008,2026-07-25 23:49:30.379834,1599.94,Entertainment,Curepipe,0
08bcc9c2-b857-4309-94ac-8ed280b1e441,CUST00076,2026-07-25 23:57:33.379834,629.57,Fuel Station,Quatre Bornes,0
0b497a08-80cf-4893-adce-5a149975bc5f,CUST00199,2026-07-26 00:01:47.379834,999.08,Grocery,Port Louis,0
f969da70-9709-43b4-82c8-79f9d4a317fc,CUST00119,2026-07-26 00:06:55.379834,502.61,ATM Withdrawal,Tamarin,0
266f8b13-b720-4778-ad1d-b5b70f126803,CUST00055,2026-07-26 00:19:48.379834,2783.26,Electronics,Curepipe,0
122faf56-b92a-40c8-8ddc-5c711db4e9b8,CUST00137,2026-07-26 00:35:24.379834,462.51,Grocery,Grand Baie,0
6371f0ca-2a2e-4bd4-b9d6-ec0abc308849,CUST00188,2026-07-26 01:27:42.379834,645.92,Restaurant,Curepipe,0
4e99896f-156b-431a-a178-185d69116ffc,CUST00193,2026-07-26 01:34:05.379834,560.96,Travel,Port Louis,0
3b8e1289-200a-4b2c-b8d5-91a71cad3ba0,CUST00167,2026-07-26 01:52:16.379834,372.6,Restaurant,Grand Baie,0
e625c3cb-6177-4678-a75d-a68155383923,CUST00103,2026-07-26 01:56:22.379834,726.33,Electronics,Vacoas,0
1337a2ba-e6fe-4495-b9d8-7a5c9fcf4e7e,CUST00053,2026-07-26 01:56:30.379834,2007.46,Entertainment,Tamarin,0
17aeb86e-12e6-40f0-8732-fa1f03b44c53,CUST00119,2026-07-26 01:59:39.379834,295.75,Pharmacy,Tamarin,0
9b9b7d1f-77bd-4d18-b862-81327d9d040d,CUST00069,2026-07-26 02:00:27.379834,7801.95,Restaurant,Rose Hill,0
29181b68-d8dd-45c4-96ca-0ad155d7b305,CUST00166,2026-07-26 02:03:22.379834,4207.18,Travel,Curepipe,0
71d29386-d5cf-477f-8bcf-3564e11e11c6,CUST00097,2026-07-26 02:03:25.379834,2301.45,Pharmacy,Quatre Bornes,0
a3bdc139-6bb8-4e3f-8e14-58347dc82026,CUST00091,2026-07-26 02:07:20.379834,1304.0,Entertainment,Tamarin,0
78fe2d3e-7f7d-441a-a9e4-cf2d46eeb863,CUST00097,2026-07-26 02:11:19.379834,2150.71,Travel,Quatre Bornes,0
301bba1b-6536-4247-885c-b31f3e7e5cc3,CUST00060,2026-07-26 02:17:47.379834,320.34,Electronics,Rose Hill,0
9fbf0871-51e7-4e6b-8776-9a96f568a4ee,CUST00022,2026-07-26 02:22:51.379834,287.94,Grocery,Flacq,0
782459d2-9c1e-4628-b6ff-739da5bbd03c,CUST00082,2026-07-26 02:37:45.379834,467.5,Travel,Beau Bassin,0
9a5bd995-de90-4609-aec6-66a8442be8d0,CUST00167,2026-07-26 02:50:15.379834,626.94,ATM Withdrawal,Grand Baie,0
d67e7952-085b-478b-97bb-a577c2d5ca9e,CUST00045,2026-07-26 02:52:47.379834,3190.65,Entertainment,Mahebourg,0
e21ea169-2bd5-45cb-8b48-236c4ee36b8c,CUST00108,2026-07-26 03:16:52.379834,1137.73,Restaurant,Beau Bassin,0
6dd5e6d4-9d39-4b09-867f-a1a97b4cf08b,CUST00175,2026-07-26 03:22:38.379834,1614.27,Travel,Vacoas,0
a0c4f313-2a55-4588-8011-983de02ecf0a,CUST00175,2026-07-26 03:40:44.379834,1399.27,Entertainment,Vacoas,0
ae9e4ac7-23bb-4fea-b52e-33ae6b5ef63e,CUST00188,2026-07-26 03:54:49.379834,812.16,Grocery,Curepipe,0
50959e3b-6a7e-44b0-b579-ff3e2e778dda,CUST00072,2026-07-26 04:19:12.379834,3686.75,Entertainment,Tamarin,0
53974f8c-53d2-4919-aaef-481d1a6185e9,CUST00178,2026-07-26 04:23:15.379834,1194.96,Entertainment,Flacq,0
d872a1c1-3581-46a6-8916-fb4af8dede17,CUST00010,2026-07-26 04:35:05.379834,379.35,Grocery,Flacq,0
8060668b-ce38-4bd9-996d-2a5653916d61,CUST00050,2026-07-26 04:41:46.379834,258.73,Restaurant,Vacoas,0
b2d8d394-836a-453d-8f49-f0020f18e6a0,CUST00198,2026-07-26 04:44:57.379834,1480.51,Entertainment,Rose Hill,0
aae542c3-6bd1-4446-bf8f-bcde39651a0b,CUST00106,2026-07-26 04:58:05.379834,1564.03,Travel,Tamarin,0
875c30ab-0c59-4d9b-b80c-05e625f4fca5,CUST00170,2026-07-26 05:00:58.379834,1198.73,Entertainment,Quatre Bornes,0
2d9e7a0a-4fbe-4734-b2a9-0a7de2b35795,CUST00154,2026-07-26 05:14:13.379834,499.95,ATM Withdrawal,Tamarin,0
0a2fc996-3145-4564-9e94-ac92dc993457,CUST00045,2026-07-26 05:21:03.379834,3707.77,Online Retail,Mahebourg,0
b9bfb259-94a3-408d-822a-0368296c0e83,CUST00014,2026-07-26 05:25:04.379834,786.43,Grocery,Rose Hill,0
5d9bf894-da0e-4e25-bba9-93bae72b1701,CUST00110,2026-07-26 05:34:10.379834,270.52,Grocery,Quatre Bornes,0
1f0ca465-6f10-4aef-828b-e4f9ba54f86b,CUST00108,2026-07-26 05:34:37.379834,2864.17,Grocery,Beau Bassin,0
504a98e2-1b25-4097-abde-d738bf4d3b33,CUST00012,2026-07-26 05:47:24.379834,3360.97,Travel,Port Louis,0
df58afd1-ba60-4cdc-96c5-8a70d76b4d84,CUST00096,2026-07-26 05:52:02.379834,2894.23,Entertainment,Grand Baie,0
893cdab2-5942-421c-8539-1169209081fc,CUST00080,2026-07-26 05:53:34.379834,729.67,Travel,Mahebourg,0
66a3a2be-7821-4cf5-989a-de7049b8d373,CUST00005,2026-07-26 06:02:04.379834,1629.54,Fuel Station,Quatre Bornes,0
8366ca30-afa5-4cec-8f1f-9190cd890588,CUST00140,2026-07-26 06:04:40.379834,945.84,Pharmacy,Mahebourg,0
bd9c4bd7-2873-4f1c-aad3-5e0ece60c3fb,CUST00147,2026-07-26 06:04:53.379834,1160.1,Online Retail,Rose Hill,0
a28a5d22-5135-4ed3-be72-04f29d010398,CUST00099,2026-07-26 06:08:36.379834,2726.53,Restaurant,Quatre Bornes,0
dfc9aaf1-694c-4982-8727-205bc529ad46,CUST00193,2026-07-26 06:11:52.379834,644.93,Restaurant,Port Louis,0
d5b726b3-8ac1-44f0-9505-08ef3f653e91,CUST00050,2026-07-26 06:52:43.379834,931.01,Fuel Station,Vacoas,0
a1baf69d-1d46-4b6d-a799-e876857b34c1,CUST00109,2026-07-26 06:56:55.379834,602.19,Entertainment,Rose Hill,0
66331a26-3cf7-4cc7-aee1-2d832c328bf9,CUST00062,2026-07-26 07:00:40.379834,905.55,Fuel Station,Flacq,0
a61702b0-01a4-4113-ab47-f07c1064efbc,CUST00077,2026-07-26 07:09:22.379834,788.71,Restaurant,Grand Baie,0
830cedfc-86f9-49c8-ae5a-228edb8ad6ab,CUST00047,2026-07-26 07:12:38.379834,1050.37,Utility Bill,Flacq,0
2b431cb7-6957-452c-b497-ecbddfa339da,CUST00170,2026-07-26 07:23:53.379834,857.45,Electronics,Quatre Bornes,0
93261328-0f46-4f38-bba2-33edfaaee030,CUST00083,2026-07-26 07:26:45.379834,787.79,Online Retail,Port Louis,0
043da86e-1fab-4890-a966-99512c04d2b9,CUST00089,2026-07-26 07:41:29.379834,2117.82,ATM Withdrawal,Curepipe,0
9806525b-4981-4a9a-bc4f-7a71ccf6f8c7,CUST00149,2026-07-26 07:52:03.379834,464.65,ATM Withdrawal,Beau Bassin,0
d878ff75-f598-44d2-8e50-2d2d1f3b1d65,CUST00106,2026-07-26 08:15:28.379834,1608.54,Pharmacy,Tamarin,0
613c0b94-62b5-497b-bde0-a5d85b16e84d,CUST00161,2026-07-26 08:16:03.379834,324.22,Entertainment,Rose Hill,0
a8342cbe-d9f8-44d1-aba3-2572b61679ac,CUST00188,2026-07-26 08:20:21.379834,552.79,Entertainment,Curepipe,0
788e39e4-d85b-44cb-9977-d02ea5e6053e,CUST00162,2026-07-26 08:32:43.379834,827.18,Pharmacy,Port Louis,0
2cbfb9bc-6e4f-491b-b8fb-2f270847acf1,CUST00067,2026-07-26 08:41:25.379834,1462.51,Online Retail,Beau Bassin,0
eb264906-d217-4364-b285-6431ddbc0cb5,CUST00011,2026-07-26 08:43:14.379834,856.34,Restaurant,Port Louis,0
935457db-df7b-4d6f-8662-a29278a9fde8,CUST00145,2026-07-26 08:51:16.379834,986.06,Entertainment,Mahebourg,0
000e9205-f850-4ae1-8edd-4d673ec440cb,CUST00108,2026-07-26 09:00:06.379834,912.61,Restaurant,Beau Bassin,0
15d61d20-4996-4254-8251-6b3b8c525f7a,CUST00121,2026-07-26 09:01:54.379834,1077.31,ATM Withdrawal,Flacq,0
a18839eb-6afe-447e-87b5-1f06e46f900b,CUST00040,2026-07-26 09:03:14.379834,3678.59,Fuel Station,Beau Bassin,0
8c74ecc9-f14a-42e9-8ac1-3ab66ed2a9de,CUST00147,2026-07-26 09:26:53.379834,890.0,Online Retail,Rose Hill,0
8eb3fd35-5882-45ca-8408-3d1a1fd291ba,CUST00020,2026-07-26 09:30:12.379834,2235.1,Fuel Station,Rose Hill,0
0441ee6f-5037-4fa0-a61f-6fdb8657dafe,CUST00096,2026-07-26 09:36:50.379834,3117.9,ATM Withdrawal,Grand Baie,0
f9c154a5-7d2a-4d86-8aee-7990c1ff0f58,CUST00120,2026-07-26 09:41:56.379834,594.11,Travel,Curepipe,0
bb28c140-4196-4224-ad9e-ee3997f915cb,CUST00045,2026-07-26 09:45:17.379834,4934.27,Fuel Station,Mahebourg,0
b6c5fd66-82f8-45c3-8487-b8daf6ed7655,CUST00199,2026-07-26 09:46:04.379834,823.26,Restaurant,Port Louis,0
b1ef4455-c02e-446f-bf60-1a9f1e68a1f0,CUST00030,2026-07-26 09:46:38.379834,1698.99,Utility Bill,Beau Bassin,0
6c219ee3-67ac-4213-87b7-4e5b10256dd9,CUST00014,2026-07-26 09:57:40.379834,548.92,Grocery,Rose Hill,0
66c08db5-dc0c-4895-8cd6-5ad5d0ced607,CUST00110,2026-07-26 10:04:54.379834,306.43,Electronics,Quatre Bornes,0
33976922-be5e-4313-9dbd-0930bee2a412,CUST00068,2026-07-26 10:07:06.379834,1598.19,Electronics,Beau Bassin,0
479c3acd-a9b4-4cab-a5ca-3013772bde5b,CUST00170,2026-07-26 10:10:00.379834,2262.86,Utility Bill,Quatre Bornes,0
71518537-7200-4f15-83cf-42bca04b831c,CUST00091,2026-07-26 10:14:34.379834,2183.28,Pharmacy,Tamarin,0
788a1b11-c8e1-4495-b3ac-03cb1d5a134e,CUST00144,2026-07-26 10:16:17.379834,1670.29,Pharmacy,Vacoas,0
4bad7366-681a-4e8e-b7bb-2d212e057668,CUST00089,2026-07-26 10:17:10.379834,1928.5,Fuel Station,Curepipe,0
a05c2835-e0e3-43d2-992f-a9c712339e67,CUST00003,2026-07-26 10:17:28.379834,1355.58,Entertainment,Rose Hill,0
d758a81e-76b1-4ef9-b2df-2af1c693b34d,CUST00036,2026-07-26 10:18:40.379834,674.82,Online Retail,Curepipe,0
4191ada8-6b6d-4a81-80ab-ad31b5ede4bb,CUST00016,2026-07-26 10:28:34.379834,1506.22,Grocery,Mahebourg,0
e981bf32-a0d4-4506-9625-9839c4dbd0c0,CUST00045,2026-07-26 10:39:35.379834,3100.55,Travel,Mahebourg,0
834a66c3-9e0e-4694-90cf-544c53371a52,CUST00157,2026-07-26 10:41:17.379834,439.96,Online Retail,Port Louis,0
16212808-c615-4af1-8742-610d3eff25b6,CUST00140,2026-07-26 11:10:29.379834,382.19,Pharmacy,Mahebourg,0
0f87cf0c-62bd-4e2f-a711-c737ee602caa,CUST00051,2026-07-26 11:11:09.379834,794.32,Entertainment,Tamarin,0
168012e0-0fbc-49c1-8d60-309144f235e2,CUST00082,2026-07-26 11:26:08.379834,437.28,Grocery,Beau Bassin,0
b4b75c83-366e-4966-84ad-6a0bff6ff577,CUST00174,2026-07-26 11:28:00.379834,3512.68,Restaurant,Quatre Bornes,0
2f9a6585-cf74-4c3c-a0e4-e136e1f0914f,CUST00089,2026-07-26 11:51:32.379834,2008.32,Online Retail,Curepipe,0
327e18c0-ea94-4b34-9a05-c4278892029d,CUST00036,2026-07-26 11:57:44.379834,449.53,Travel,Curepipe,0
0d437646-a9f9-433c-a4a0-4a68f27ebf0b,CUST00005,2026-07-26 12:23:21.379834,2505.57,Online Retail,Quatre Bornes,0
80ca1ffc-9534-4a03-b48b-3d0bee1460e8,CUST00008,2026-07-26 12:26:00.379834,1339.95,Grocery,Curepipe,0
8da4babf-4157-4983-840f-696fc1244ce3,CUST00179,2026-07-26 12:50:00.379834,1387.38,Electronics,Rose Hill,0
f1449895-3714-4cec-8479-3d6376253bac,CUST00068,2026-07-26 12:54:19.379834,1507.43,Fuel Station,Beau Bassin,0
8a2087fa-28c4-4757-984a-53f37da3026d,CUST00109,2026-07-26 13:00:16.379834,539.5,Fuel Station,Rose Hill,0
e16ae1c7-1ded-4640-84ee-02cf083a7bcc,CUST00199,2026-07-26 13:03:21.379834,913.03,Online Retail,Port Louis,0
fcf35d8c-7316-45fe-92fe-e50f8ebd3b4a,CUST00071,2026-07-26 13:06:56.379834,2055.69,Entertainment,Curepipe,0
27ba04af-9313-4d92-910b-61685233c92e,CUST00142,2026-07-26 13:12:59.379834,996.15,Fuel Station,Mahebourg,0
ec678eb9-c67a-40d1-a5da-fcfdd18d0a70,CUST00093,2026-07-26 13:15:23.379834,1366.37,Grocery,Rose Hill,0
dee73663-4e72-41bc-bd79-e7c2bf426a17,CUST00195,2026-07-26 13:19:06.379834,5351.09,Online Retail,Mahebourg,1
b24658bb-4b86-4a27-a361-0150c30b9805,CUST00032,2026-07-26 13:45:13.379834,555.6,ATM Withdrawal,Quatre Bornes,0
dceb32ca-42bb-4d91-a444-124f60281885,CUST00063,2026-07-26 13:45:20.379834,2163.67,ATM Withdrawal,Vacoas,0
3d8ca8f3-866c-49c7-bcab-51112ebafc3b,CUST00031,2026-07-26 13:52:39.379834,1194.57,ATM Withdrawal,Vacoas,0
13282ed3-ca2c-4d34-b9dd-b5d7bd81ac10,CUST00033,2026-07-26 13:53:32.379834,1510.2,Electronics,Rose Hill,0
54e4f232-e0bd-4965-8269-bcc7cd50dd9c,CUST00014,2026-07-26 13:58:25.379834,629.23,Fuel Station,Rose Hill,0
79fe3203-66b5-41fa-a1cf-8829142d1dec,CUST00034,2026-07-26 14:04:33.379834,2738.46,Pharmacy,Beau Bassin,0
6517a764-a2f8-4e28-aef8-50e01d52e29b,CUST00089,2026-07-26 14:08:08.379834,2583.76,Electronics,Curepipe,0
1ab48c8b-55d4-42e1-9df8-e49f5cca0d66,CUST00144,2026-07-26 14:26:42.379834,1254.46,ATM Withdrawal,Vacoas,0
b076d4ab-2d2f-4a91-8dff-854f620b1bdd,CUST00075,2026-07-26 14:31:29.379834,416.31,Utility Bill,Rose Hill,0
0637a25f-e103-4e7b-976c-ca8efaf06f62,CUST00110,2026-07-26 14:46:16.379834,479.86,Utility Bill,Quatre Bornes,0
cb7622c9-09b8-4e1c-b342-dec2f6b2cdff,CUST00192,2026-07-26 14:47:58.379834,975.05,Fuel Station,Beau Bassin,0
ee92ee2c-6ab5-4f49-825c-72b148268661,CUST00068,2026-07-26 14:52:14.379834,1170.17,Entertainment,Beau Bassin,0
152bf0cc-8000-4cda-819d-b6c365a95c1f,CUST00077,2026-07-26 14:53:22.379834,1135.08,Restaurant,Grand Baie,0
54c8d483-0e31-4048-a8bf-03764f6644ea,CUST00181,2026-07-26 15:06:33.379834,1479.28,Entertainment,Rose Hill,0
5ab27b70-eb81-430d-a05e-d9b6127ebb4f,CUST00011,2026-07-26 15:27:46.379834,11206.98,Travel,Port Louis,1
c667f24e-9062-4061-b739-e457f9ed5742,CUST00181,2026-07-26 15:55:54.379834,1027.87,Online Retail,Rose Hill,0
46bbf597-ba11-4d6a-8ec8-33cb002f174c,CUST00083,2026-07-26 16:02:17.379834,781.58,Utility Bill,Port Louis,0
032573a6-1840-4a8d-9eda-05e32dba48ce,CUST00075,2026-07-26 16:21:53.379834,380.52,Travel,Rose Hill,0
d080293c-e852-4f9c-9a28-7665bd475509,CUST00092,2026-07-26 16:22:02.379834,1064.58,Restaurant,Beau Bassin,0
8ace54ba-df66-471e-8a6a-fa9cac152f9e,CUST00183,2026-07-26 16:33:09.379834,2798.39,Entertainment,Flacq,0
5a24bd4c-5895-4b13-92ce-dc1629186480,CUST00046,2026-07-26 16:35:10.379834,1476.84,Pharmacy,Curepipe,0
520781b6-1ab7-40d2-b1d9-ce224b7301b2,CUST00193,2026-07-26 16:48:26.379834,748.15,Electronics,Port Louis,0
592fd47c-62f1-4e65-8acb-1411db48166d,CUST00137,2026-07-26 16:50:34.379834,880.27,Restaurant,Grand Baie,0
e09abfbf-f154-4030-92f1-9054ceacd9c2,CUST00097,2026-07-26 16:55:23.379834,2047.28,Entertainment,Quatre Bornes,0
149cc420-bf85-445b-83b9-4ff96e6deeec,CUST00107,2026-07-26 16:59:50.379834,3953.88,Entertainment,Flacq,0
cd4d4319-a43d-403a-999f-76aa3fe4d234,CUST00071,2026-07-26 17:12:54.379834,2023.94,Entertainment,Curepipe,0
14119763-cd9e-4b43-8d5f-25c1a43f0975,CUST00050,2026-07-26 17:46:34.379834,797.37,ATM Withdrawal,Vacoas,0
4db98120-08d8-4f88-8d52-47b159f1170f,CUST00061,2026-07-26 17:49:11.379834,549.02,Pharmacy,Curepipe,0
bac48bc5-e724-46dd-a4de-2ed481b40441,CUST00093,2026-07-26 18:00:45.379834,469.88,Fuel Station,Rose Hill,0
2185be0a-1074-438f-9512-96db59ea5220,CUST00052,2026-07-26 18:09:13.379834,2519.65,Fuel Station,Beau Bassin,0
187d3242-7d7b-4ec9-970c-6642ac7a9f47,CUST00006,2026-07-26 18:15:13.379834,861.61,Travel,Curepipe,0
c750355f-0757-416b-80eb-7e3ef2d4096b,CUST00055,2026-07-26 18:20:30.379834,2197.14,Online Retail,Curepipe,0
0ff621d7-ca86-4e04-87a0-94afbd6b8dc3,CUST00183,2026-07-26 18:29:06.379834,2342.43,Utility Bill,Flacq,0
8fa0f415-02f7-4d9c-9341-aba970fcc6a0,CUST00183,2026-07-26 18:33:06.379834,2342.43,Utility Bill,Flacq,1
c25c1fe8-a7d0-4b48-ab15-1dbd47a53aa8,CUST00183,2026-07-26 18:35:06.379834,2342.43,Utility Bill,Flacq,1
558f60ed-0651-4179-8f8d-6a506e2138ee,CUST00020,2026-07-26 18:41:07.379834,1864.97,Travel,Rose Hill,0
75e3d019-adc6-4c3a-9630-a25317df7df5,CUST00074,2026-07-26 18:43:15.379834,2470.91,Grocery,Mahebourg,0
dabc2685-73aa-498c-8826-6453372fe28b,CUST00183,2026-07-26 18:47:06.379834,2342.43,Utility Bill,Flacq,1
c6a3aa8f-34a9-41ca-b545-45c839745db9,CUST00015,2026-07-26 18:49:44.379834,1639.06,Utility Bill,Rose Hill,0
512325fd-e881-4d9e-98c4-733795fe207d,CUST00173,2026-07-26 18:54:50.379834,2891.25,Fuel Station,Mahebourg,0
9a4fe268-7c42-4ced-909d-c7adee15cbcd,CUST00038,2026-07-26 19:05:16.379834,571.43,Travel,Curepipe,0
aced27fe-727b-4f59-b6dc-a0edc813d6b1,CUST00056,2026-07-26 19:08:22.379834,741.82,Entertainment,Port Louis,0
5f92a366-ad28-496a-ba23-fa88fb316289,CUST00143,2026-07-26 19:09:30.379834,273.04,Pharmacy,Curepipe,0
ba9e2926-9712-4af2-933a-1f1b59f1ccf1,CUST00185,2026-07-26 19:15:49.379834,1905.57,Pharmacy,Grand Baie,0
f995d3bb-14e7-4efe-993b-63198383ea79,CUST00151,2026-07-26 19:22:43.379834,5684.86,Entertainment,Mahebourg,0
8dfa8cb9-3dfa-43e7-aae7-e4e18f7b061f,CUST00035,2026-07-26 19:28:07.379834,3511.55,Travel,Curepipe,0
05305262-ac10-46ba-8699-7c76b2fe30e0,CUST00198,2026-07-26 19:58:32.379834,1555.11,Pharmacy,Rose Hill,0
32a3b65d-e201-47c6-ab09-0bae59097c71,CUST00089,2026-07-26 20:01:46.379834,3465.87,Travel,Curepipe,0
f3007f4e-2b91-46ce-a8f0-6d004bdb433b,CUST00051,2026-07-26 20:09:26.379834,816.35,ATM Withdrawal,Tamarin,0
60c61557-dcd4-49f2-a1cf-5b69d2031ecf,CUST00059,2026-07-26 20:35:13.379834,1306.29,Utility Bill,Curepipe,0
2709481e-aafc-415d-95e0-067419af88ba,CUST00186,2026-07-26 20:42:08.379834,1261.88,Grocery,Mahebourg,0
ecb9d8d9-8483-413e-9856-1f8b96b610af,CUST00120,2026-07-26 20:58:38.379834,442.62,Entertainment,Curepipe,0
051fbb6f-8431-443a-833d-9cc26a40ff08,CUST00037,2026-07-26 20:59:32.379834,782.45,Utility Bill,Flacq,0
d3245e88-6707-4d08-b6c4-d60cf341118c,CUST00147,2026-07-26 21:05:18.379834,50.0,Grocery,Rose Hill,0
3a67a56a-8363-402f-a85a-c25654d60ab2,CUST00081,2026-07-26 21:17:11.379834,4448.18,Fuel Station,Rose Hill,0
98ba314f-b153-4d3e-9dff-d0d656f7af25,CUST00157,2026-07-26 21:37:26.379834,593.38,Grocery,Port Louis,0
2e8baa49-da63-4d6f-a2ed-9e540c1bf93f,CUST00175,2026-07-26 21:41:55.379834,2179.07,Pharmacy,Vacoas,0
e0f886b4-136d-4c09-99ba-1ed096b95ede,CUST00018,2026-07-26 21:57:59.379834,1498.01,Restaurant,Port Louis,0
2ef6e23d-c555-4df8-8343-bcbf25bfc562,CUST00069,2026-07-26 22:11:28.379834,6944.7,Utility Bill,Rose Hill,0
519994ed-5d27-42f7-9e3e-c210c3954e71,CUST00077,2026-07-26 22:27:11.379834,1174.04,Restaurant,Grand Baie,0
2130424c-d90a-417a-a1e7-e8279ecfb355,CUST00030,2026-07-26 22:40:15.379834,2328.11,Utility Bill,Beau Bassin,0
17deaac1-6c21-48d7-9421-ff4990454261,CUST00172,2026-07-26 22:52:47.379834,1070.22,Travel,Grand Baie,0
d432c4f8-4aef-48cf-9219-1f738ac01a36,CUST00138,2026-07-26 22:54:28.379834,1507.67,Grocery,Port Louis,0
bd3dcf00-0eeb-40e3-ace6-588af76c577e,CUST00064,2026-07-26 23:02:20.379834,1961.14,Grocery,Grand Baie,0
98357186-eb36-4985-bd90-0cf1b08ccb07,CUST00103,2026-07-26 23:03:12.379834,290.77,Entertainment,Vacoas,0
60c47037-dbee-4b57-8205-8a2a1012ae58,CUST00062,2026-07-26 23:05:17.379834,775.6,Online Retail,Flacq,0
fc26d80a-3772-41bf-8213-a7d1eea21270,CUST00009,2026-07-26 23:24:53.379834,176.32,Grocery,Tamarin,0
b26db3e7-534e-4159-a903-114055d9c51f,CUST00194,2026-07-26 23:25:08.379834,2238.17,Online Retail,Tamarin,0
506a93d1-ef59-4e5b-aceb-3694d5d913af,CUST00169,2026-07-26 23:25:20.379834,1633.52,Fuel Station,Mahebourg,0
962d074c-4ff0-4a8b-9da6-469c7271fb34,CUST00054,2026-07-26 23:31:39.379834,1134.6,Grocery,Rose Hill,0
17bc941c-54d7-4a6f-bca8-a1cab68cad8e,CUST00106,2026-07-26 23:37:59.379834,1555.38,Restaurant,Tamarin,0
20422969-7fb5-4ff3-9006-b49775ca00f7,CUST00063,2026-07-26 23:38:28.379834,1752.21,ATM Withdrawal,Vacoas,0
1454dd9a-7d1a-4ce8-9e0c-7af65420dfed,CUST00148,2026-07-26 23:38:31.379834,987.97,Travel,Quatre Bornes,0
e56c73e2-8d23-4c13-9ddf-49b08c546997,CUST00013,2026-07-26 23:47:20.379834,1186.39,Travel,Curepipe,0
237ae44e-82f3-4c66-8c5e-47c2f310b914,CUST00066,2026-07-26 23:48:54.379834,153.03,ATM Withdrawal,Quatre Bornes,0
5f4b3d99-a584-4869-814a-05e61deb1c32,CUST00107,2026-07-27 00:02:37.379834,3400.05,ATM Withdrawal,Flacq,0
66f2f222-da5e-43fc-8911-01265bf7ea44,CUST00004,2026-07-27 00:05:15.379834,4003.13,ATM Withdrawal,Rose Hill,0
4fac72c4-218b-4244-9038-cd0249039023,CUST00199,2026-07-27 00:14:49.379834,782.3,Electronics,Port Louis,0
bcd59c04-b546-46bc-b6e5-98c2ac0b87a2,CUST00190,2026-07-27 00:38:35.379834,833.71,Travel,Rose Hill,0
bbc959b1-809d-4f85-9493-3b1e3b5caa26,CUST00102,2026-07-27 00:42:27.379834,870.13,Travel,Mahebourg,0
c0303550-33b3-4c85-ab29-85c7456124a0,CUST00034,2026-07-27 00:50:34.379834,3306.77,Online Retail,Beau Bassin,0
e060c266-1fa2-43bf-b7fa-b2f0508cf51b,CUST00012,2026-07-27 01:01:30.379834,2787.29,Pharmacy,Port Louis,0
837e7443-ede7-4d31-8eac-80a3e1a96430,CUST00158,2026-07-27 01:01:53.379834,4249.45,Online Retail,Curepipe,0
5972b2d5-5f3f-4e1a-b74c-a034f36af490,CUST00014,2026-07-27 01:07:18.379834,791.12,Pharmacy,Rose Hill,0
4ef27bad-2aec-483f-bb10-08a55d71b7ab,CUST00078,2026-07-27 01:15:42.379834,377.51,Electronics,Flacq,0
8b7d4042-b274-495b-a0c0-f220922b9a13,CUST00131,2026-07-27 01:23:22.379834,720.87,Fuel Station,Vacoas,0
a72ecd09-8eb5-4f65-a80e-4d8d0c7fb06a,CUST00021,2026-07-27 01:23:59.379834,543.76,Utility Bill,Mahebourg,0
66600bbd-2157-4c07-a0c8-79c6a950631c,CUST00067,2026-07-27 01:47:05.379834,1705.29,Electronics,Beau Bassin,0
57040205-05b3-437a-a6ac-9fd117b358e1,CUST00173,2026-07-27 01:47:57.379834,2288.19,Fuel Station,Mahebourg,0
550d323e-0ae7-4937-8865-e3b435dd27f1,CUST00017,2026-07-27 01:54:13.379834,1513.71,Online Retail,Tamarin,0
7126352d-076c-47b7-8744-3f2a13c61147,CUST00124,2026-07-27 02:12:41.379834,2088.41,Fuel Station,Grand Baie,0
686c7f6e-c0db-418b-b120-3b7594ab4b7f,CUST00061,2026-07-27 02:28:30.379834,561.67,Restaurant,Curepipe,0
837c2fc4-7253-4bd6-a21c-9565fd8c7f70,CUST00157,2026-07-27 02:47:27.379834,505.25,Pharmacy,Port Louis,0
39579583-66eb-4869-b249-8498c04226c1,CUST00189,2026-07-27 02:50:12.379834,3423.36,Pharmacy,Rose Hill,0
14d0de73-902d-490e-961a-708925d109c2,CUST00111,2026-07-27 02:56:04.379834,1886.52,Pharmacy,Mahebourg,0
3fef70a6-3d30-4645-aa2b-454104a2d371,CUST00053,2026-07-27 02:56:09.379834,2074.97,Electronics,Tamarin,0
dff9d85f-dd29-463c-bfc3-55869d9655dd,CUST00017,2026-07-27 03:04:25.379834,546.9,Grocery,Tamarin,0
eae825e2-8a40-4712-a970-46535ea4ab03,CUST00028,2026-07-27 03:08:24.379834,705.74,Entertainment,Quatre Bornes,0
0e2c28c6-619d-4ab5-9299-de3f69e8952b,CUST00016,2026-07-27 03:10:23.379834,443.1,Travel,Mahebourg,0
7340b730-aea4-4807-8d38-dea95447a573,CUST00052,2026-07-27 03:18:36.379834,3198.67,Fuel Station,Beau Bassin,0
56b68093-dea6-4de4-9701-34550ae79842,CUST00004,2026-07-27 03:19:36.379834,4627.48,Restaurant,Rose Hill,0
522ee0e3-28a0-4654-846b-fec22ba7abcf,CUST00181,2026-07-27 03:21:14.379834,1018.16,Electronics,Rose Hill,0
eb7a0e4e-d395-443f-9173-032adf21275a,CUST00143,2026-07-27 03:28:34.379834,905.6,Grocery,Curepipe,0
a59a1adc-eaa4-404d-a69c-a61a374424c7,CUST00107,2026-07-27 03:30:12.379834,3420.27,Fuel Station,Flacq,0
c3e0d029-07d8-4c69-8231-3aa80ff56a48,CUST00065,2026-07-27 03:36:05.379834,1876.55,Pharmacy,Beau Bassin,0
a512b109-b649-4037-b3b6-585a2be23b2c,CUST00029,2026-07-27 03:37:58.379834,3316.14,Fuel Station,Flacq,0
08c8ccf9-2cd3-4be0-9db4-42df16096181,CUST00166,2026-07-27 03:43:16.379834,4452.92,Electronics,Curepipe,0
03c61f7e-0ef4-4544-864c-207b7b80ff7c,CUST00085,2026-07-27 03:52:40.379834,622.42,Fuel Station,Port Louis,0
2931082f-e141-4fb7-9148-a0d66ca230da,CUST00053,2026-07-27 04:00:24.379834,2010.68,Utility Bill,Tamarin,0
8afe90e3-6bbc-430e-a61b-240726133a9b,CUST00036,2026-07-27 04:01:07.379834,1005.91,Entertainment,Curepipe,0
055950e5-45f5-471e-b53d-c323353cd732,CUST00033,2026-07-27 04:27:19.379834,1735.78,Electronics,Rose Hill,0
c783e099-0339-4cef-aa6d-30c4c436b1da,CUST00082,2026-07-27 04:42:26.379834,735.43,ATM Withdrawal,Beau Bassin,0
24850959-d742-419b-b92d-abee1859d03f,CUST00129,2026-07-27 04:52:36.379834,2237.74,Online Retail,Curepipe,0
c0b9d7c9-8455-46fd-b037-5fbdbdf10364,CUST00062,2026-07-27 04:56:21.379834,535.68,Fuel Station,Flacq,0
8d8f85e3-1bd9-4002-9efd-6b9c1eb4da97,CUST00146,2026-07-27 05:02:25.379834,2365.63,Electronics,Tamarin,0
1fe800bf-997c-42ab-80b3-0dafdbdaa322,CUST00095,2026-07-27 05:18:59.379834,573.22,Entertainment,Flacq,0
4f4b9ee3-5b5b-4eca-9154-49cf73e374df,CUST00058,2026-07-27 05:37:44.379834,2316.16,Pharmacy,Vacoas,0
40a8c1cf-8d9b-4791-9949-fb38a8034739,CUST00166,2026-07-27 05:59:16.379834,2503.22,ATM Withdrawal,Curepipe,0
1fe79232-08fe-497b-a777-d782c7faa0c9,CUST00016,2026-07-27 06:04:04.379834,1251.81,Pharmacy,Mahebourg,0
84b33668-d29b-47fa-8817-9af89671f360,CUST00043,2026-07-27 06:36:59.379834,798.26,ATM Withdrawal,Port Louis,0
f7e83794-cb79-447d-a777-fe81ed7fb036,CUST00010,2026-07-27 06:46:34.379834,300.35,Online Retail,Flacq,0
739e3cbc-846d-4061-a54f-273cc3c7599d,CUST00155,2026-07-27 06:47:35.379834,1303.15,Fuel Station,Beau Bassin,0
6fcc1c76-5768-4bd1-934d-1e8423580e02,CUST00032,2026-07-27 06:49:12.379834,341.62,Electronics,Quatre Bornes,0
3b9d8a76-e124-4f04-91f7-efb66ae906d2,CUST00042,2026-07-27 06:57:56.379834,1846.28,Grocery,Vacoas,0
16d93e4b-a141-4c89-a44a-cde0368d77a4,CUST00175,2026-07-27 07:03:00.379834,1778.5,ATM Withdrawal,Vacoas,0
dbac6fba-dc8e-410b-9b8b-7ab4d4bced90,CUST00134,2026-07-27 07:04:29.379834,135.52,Electronics,Vacoas,0
8add9257-2836-4612-924b-dab773cf351b,CUST00044,2026-07-27 07:07:12.379834,1806.38,Electronics,Grand Baie,0
1cde2dd7-593c-4a5e-9f53-4e689f13eec7,CUST00155,2026-07-27 07:12:59.379834,2225.09,ATM Withdrawal,Beau Bassin,0
81fdd871-c8fb-4218-8ab3-49245ea98a23,CUST00026,2026-07-27 07:17:59.379834,1215.63,Travel,Vacoas,0
9254145a-c885-4ad4-9b16-ff4ac2179dae,CUST00144,2026-07-27 07:33:21.379834,1415.14,ATM Withdrawal,Vacoas,0
5f425f0b-bb21-40e8-b96f-e6257d39cb43,CUST00134,2026-07-27 07:38:35.379834,149.45,ATM Withdrawal,Vacoas,0
c9804d49-cce5-4b13-b49e-53b421df2784,CUST00101,2026-07-27 08:16:03.379834,2541.56,Travel,Mahebourg,0
f00dd492-4cb7-4dc7-8dab-37efc6d048be,CUST00129,2026-07-27 08:22:04.379834,2228.26,Restaurant,Curepipe,0
b9421d6b-7c3b-4ad1-be1f-c1881d97330c,CUST00090,2026-07-27 08:29:16.379834,1956.01,Restaurant,Rose Hill,0
cc684e81-f8f7-4be6-abda-3c74b6d0564c,CUST00179,2026-07-27 08:29:23.379834,2392.42,Restaurant,Rose Hill,0
60aa864c-0f1e-4ef4-94f0-23d36ecf283d,CUST00061,2026-07-27 08:31:57.379834,1033.16,Entertainment,Curepipe,0
e3512483-6bea-4089-abdf-16486f9a0cea,CUST00123,2026-07-27 08:56:45.379834,360.65,Entertainment,Tamarin,0
c256f5b7-7b47-45ef-807b-0b37c7873011,CUST00185,2026-07-27 09:01:13.379834,890.97,Pharmacy,Grand Baie,0
5da048f0-476c-4930-873a-6399dc0958bf,CUST00101,2026-07-27 09:21:39.379834,1046.55,Utility Bill,Mahebourg,0
d3eb5c59-62aa-4c6a-9fcb-bc9b2f08f6a6,CUST00107,2026-07-27 09:22:30.379834,3913.72,Electronics,Flacq,0
eea4feb2-8a53-4f67-aa4d-8f03dd744c72,CUST00144,2026-07-27 09:34:44.379834,552.95,Entertainment,Vacoas,0
701cbca6-fcb0-4930-934f-d5d42809fe9f,CUST00124,2026-07-27 10:01:12.379834,3270.14,Restaurant,Grand Baie,0
b92ec62a-a0b2-4f0c-9e6f-f12282990573,CUST00030,2026-07-27 10:04:38.379834,1723.76,Travel,Beau Bassin,0
9cf21dbb-8e9a-4fbf-8f84-39edad9cba11,CUST00011,2026-07-27 10:40:41.379834,1779.56,Online Retail,Port Louis,0
b65c5b70-6aed-4522-be19-a2fbc006eb62,CUST00153,2026-07-27 10:41:48.379834,3089.1,Electronics,Port Louis,0
8857418a-d0bd-4aad-a8f0-5f8bf12ca36b,CUST00023,2026-07-27 10:45:54.379834,1567.74,Utility Bill,Rose Hill,0
483472e0-39cd-448a-ac85-73884284c3ca,CUST00161,2026-07-27 10:46:19.379834,298.94,Online Retail,Rose Hill,0
d1559eef-8ab9-41fe-a4e1-34657d2dca73,CUST00063,2026-07-27 10:51:35.379834,1454.96,Pharmacy,Vacoas,0
68b5074b-f38b-498e-9071-15818643118d,CUST00194,2026-07-27 10:51:37.379834,2279.82,Entertainment,Tamarin,0
2bb5e73f-7b50-451f-8a75-58adc7041fd4,CUST00008,2026-07-27 10:51:57.379834,1598.19,Travel,Curepipe,0
c3141d03-dfc6-4c47-89b6-3036e27121c4,CUST00013,2026-07-27 10:52:34.379834,826.61,Electronics,Curepipe,0
503e82f2-a370-4483-a82c-898bc354085e,CUST00010,2026-07-27 10:56:34.379834,486.61,Grocery,Flacq,0
0d8b2fd9-f3c1-4e01-b00d-dd8caa1b907c,CUST00061,2026-07-27 11:00:15.379834,1063.38,Electronics,Curepipe,0
0e3e2bcd-1de4-49c6-baee-2755f696ec66,CUST00025,2026-07-27 11:01:15.379834,1522.81,Grocery,Tamarin,0
1dec53fb-267c-457e-b2e7-6c632168eac8,CUST00091,2026-07-27 11:08:12.379834,2397.52,Travel,Tamarin,0
78425829-00d8-43b1-baa3-4a515c61cfd1,CUST00088,2026-07-27 11:10:44.379834,449.82,Pharmacy,Vacoas,0
43b8e45a-622b-490c-b2ab-7fae02f021ee,CUST00041,2026-07-27 11:14:50.379834,4300.16,Fuel Station,Tamarin,0
dc5064db-3a1b-4b10-924a-0dc1cb566867,CUST00000,2026-07-27 11:19:26.379834,1618.54,Grocery,Curepipe,0
8a06855c-f261-468b-9125-0399e1573f79,CUST00132,2026-07-27 11:41:27.379834,1343.25,Grocery,Beau Bassin,0
e095b496-097c-4014-a9a6-f78c34fb5271,CUST00117,2026-07-27 12:12:19.379834,295.97,ATM Withdrawal,Quatre Bornes,0
21ed3423-3603-454a-9bba-92160d1dd184,CUST00197,2026-07-27 12:12:53.379834,1216.07,Entertainment,Tamarin,0
6a6a7cc7-b670-4b73-ad92-ff0b205ab846,CUST00099,2026-07-27 12:13:29.379834,2312.52,Entertainment,Quatre Bornes,0
bb47b147-5c29-46eb-8a6e-fd43a0c55b56,CUST00165,2026-07-27 12:17:31.379834,856.85,Electronics,Curepipe,0
eca75bf1-aed5-41ba-b502-5075067858d3,CUST00144,2026-07-27 12:17:56.379834,1363.04,Electronics,Vacoas,0
dec9bede-7cea-45fb-8ec2-deb898bb61d4,CUST00014,2026-07-27 12:18:08.379834,1099.67,Entertainment,Rose Hill,0
3555c132-8ed2-4fe0-b60c-e18eb6461164,CUST00076,2026-07-27 12:18:23.379834,342.88,Online Retail,Quatre Bornes,0
089feb9a-3113-4a15-bc69-7883c231d41c,CUST00006,2026-07-27 12:24:18.379834,1046.66,Entertainment,Curepipe,0
6548868e-40bf-4943-b335-e190d116e896,CUST00047,2026-07-27 12:27:52.379834,1298.69,Pharmacy,Flacq,0
bb018d2c-a369-4563-9963-a489cd3272bb,CUST00001,2026-07-27 12:28:28.379834,1073.46,Electronics,Port Louis,0
05286eaa-db18-4bc7-8d07-5c37c9d5f336,CUST00095,2026-07-27 12:46:41.379834,718.11,Utility Bill,Flacq,0
7df87ea8-45cc-4922-b742-5f1cdeddf8f3,CUST00020,2026-07-27 12:53:05.379834,3555.66,Restaurant,Rose Hill,0
30388401-d516-4d92-a6fb-8018cd6f1049,CUST00025,2026-07-27 12:53:26.379834,1934.84,Fuel Station,Tamarin,0
6be4cc59-2498-4a30-8eb7-f633f310a8e0,CUST00134,2026-07-27 12:57:36.379834,225.64,ATM Withdrawal,Vacoas,0
6297e4f4-697f-4744-84c8-b75595d0343e,CUST00077,2026-07-27 13:08:23.379834,779.1,Grocery,Grand Baie,0
951b3e44-945a-44af-ba52-65e0dc914e9d,CUST00133,2026-07-27 13:33:27.379834,4216.26,Entertainment,Curepipe,0
919d1a16-7350-4216-a7e6-ddbfc8f99128,CUST00063,2026-07-27 13:35:48.379834,2361.44,Online Retail,Vacoas,0
5a351469-175b-42fd-b14e-1a43ec0ed957,CUST00032,2026-07-27 13:39:48.379834,978.75,Restaurant,Quatre Bornes,0
129781d8-13d5-4a58-9d29-a4e73d3c6fcf,CUST00163,2026-07-27 14:16:37.379834,2405.05,Pharmacy,Rose Hill,0
47492c87-6d01-4db2-89f3-5c51bac280c6,CUST00110,2026-07-27 14:24:55.379834,736.95,Pharmacy,Quatre Bornes,0
aafa2316-307c-4b8b-a68a-089a9b5d0b0a,CUST00097,2026-07-27 14:29:36.379834,1363.01,Entertainment,Quatre Bornes,0
a0496358-7fbf-4820-a568-0584cc20c840,CUST00143,2026-07-27 14:32:50.379834,721.84,ATM Withdrawal,Curepipe,0
ccfd114f-9af0-42b9-a44d-6ace52154cd4,CUST00131,2026-07-27 14:35:08.379834,946.32,Fuel Station,Vacoas,0
9dc6f0f5-b5e5-4f33-b02d-0d7c9f54a680,CUST00032,2026-07-27 14:42:18.379834,1093.76,Pharmacy,Quatre Bornes,0
e9afe0c6-a336-4b2f-9ca1-42860b832edc,CUST00055,2026-07-27 14:43:00.379834,1944.32,Fuel Station,Curepipe,0
5852fc93-8bfa-4627-baff-fd6340c629cd,CUST00194,2026-07-27 14:48:34.379834,3300.18,Online Retail,Tamarin,0
ccc84920-b86b-4a51-bfa9-7eed339db1a8,CUST00025,2026-07-27 15:02:16.379834,1488.83,Pharmacy,Tamarin,0
efe2e1b1-903a-4e9b-b8aa-35cb679356a0,CUST00195,2026-07-27 15:11:08.379834,1257.11,Travel,Mahebourg,0
f084dcc4-6d29-4144-bf64-ad6517962140,CUST00080,2026-07-27 15:15:42.379834,456.01,Travel,Mahebourg,0
ade2efa3-9432-4650-9e3e-92f19d7c1a29,CUST00061,2026-07-27 15:20:13.379834,1456.44,Pharmacy,Curepipe,0
60ceabfd-2c5c-46a2-af41-70984159c669,CUST00068,2026-07-27 15:35:32.379834,2017.06,Online Retail,Beau Bassin,0
34624bdf-27d0-46c9-9fe7-35fe22c6f2f0,CUST00075,2026-07-27 15:36:48.379834,145.01,Grocery,Rose Hill,0
af234d7d-ee0d-441f-a723-53df8b61d748,CUST00178,2026-07-27 15:39:01.379834,1404.38,Utility Bill,Flacq,0
47e948fd-4137-415a-8f8c-5aab61712f80,CUST00146,2026-07-27 15:47:20.379834,2650.3,Grocery,Tamarin,0
5eccbfaf-3b6d-46a9-91b3-6139d55e6241,CUST00139,2026-07-27 15:50:02.379834,843.58,Travel,Vacoas,0
e995c24c-c24f-4c6d-a645-d1eee20f610d,CUST00191,2026-07-27 15:59:08.379834,1904.46,Grocery,Curepipe,0
9098c8a9-9629-480b-b3eb-757ed5151abc,CUST00165,2026-07-27 16:01:00.379834,741.65,Grocery,Curepipe,0
d0558147-594b-46d3-a6ae-3856cabfc6b1,CUST00070,2026-07-27 16:05:12.379834,994.54,Pharmacy,Vacoas,0
b50600d6-526b-403e-be4a-a712529b1422,CUST00018,2026-07-27 16:38:04.379834,1137.33,Restaurant,Port Louis,0
9d252b06-eeac-4117-af1b-d42af88a0580,CUST00004,2026-07-27 16:45:32.379834,4755.3,Travel,Rose Hill,0
dbd052fe-ccc4-495c-9491-069e30d0288e,CUST00099,2026-07-27 16:46:19.379834,4656.29,Electronics,Kyiv,1
9b434120-d27d-4826-8602-fccafcbca9b2,CUST00057,2026-07-27 17:19:40.379834,1075.15,Entertainment,Rose Hill,0
2d8ae2d8-9d7a-464b-aa23-7b9d3d37362c,CUST00121,2026-07-27 17:21:35.379834,1753.82,Electronics,Flacq,0
004e874a-5c11-4cf4-b7a2-6ae901fe1534,CUST00052,2026-07-27 17:30:35.379834,3189.4,Utility Bill,Beau Bassin,0
9df9d879-8204-42dc-931f-4aa9e8472d50,CUST00065,2026-07-27 17:30:40.379834,1805.84,Pharmacy,Beau Bassin,0
594b39ad-00fd-43eb-82a2-ede6a3cfb756,CUST00130,2026-07-27 17:34:56.379834,1583.81,Entertainment,Mahebourg,0
dc7a1815-1a61-47d9-813d-34abe319e7f8,CUST00078,2026-07-27 17:47:58.379834,188.23,Utility Bill,Flacq,0
195fcf33-857b-40da-92b7-c4140b7e9369,CUST00160,2026-07-27 17:51:34.379834,2241.12,Grocery,Vacoas,0
e1ebc7d7-4edc-4926-9535-1814bd2410b7,CUST00088,2026-07-27 17:52:05.379834,860.58,Electronics,Vacoas,0
5b62cfdf-3728-4cb9-8d67-5f61b062261c,CUST00109,2026-07-27 17:55:18.379834,794.07,Utility Bill,Rose Hill,0
631b3f06-3164-41b8-9941-8d4a8a0c9294,CUST00003,2026-07-27 18:01:10.379834,955.97,Travel,Rose Hill,0
39a328ab-2c88-48a7-9d03-80ab8c5ac69e,CUST00149,2026-07-27 18:02:07.379834,254.09,Entertainment,Beau Bassin,0
628ff27a-449a-4676-ac03-18dbd3fa0100,CUST00068,2026-07-27 18:11:43.379834,1230.13,Grocery,Beau Bassin,0
082f5d63-3edf-4b0d-8e16-80bb47dddbc7,CUST00191,2026-07-27 18:21:44.379834,2808.86,ATM Withdrawal,Curepipe,0
803014ab-cabb-4139-8f11-51c6732e6b7c,CUST00179,2026-07-27 18:31:49.379834,775.01,Online Retail,Rose Hill,0
a477df04-3580-4982-b891-3817d4b530b7,CUST00143,2026-07-27 18:42:45.379834,574.66,Entertainment,Curepipe,0
e12e955f-a049-4c06-9fe3-c86105d81e3c,CUST00055,2026-07-27 18:52:05.379834,20484.02,ATM Withdrawal,Curepipe,1
02aafc1a-955c-440f-8257-e062167980fa,CUST00071,2026-07-27 19:14:25.379834,1606.24,Entertainment,Curepipe,0
4978e88c-70b6-440a-97bd-5d8cbf0ea7aa,CUST00047,2026-07-27 19:56:25.379834,858.33,Online Retail,Flacq,0
90f51742-f34b-46bc-9278-4648671aaac5,CUST00093,2026-07-27 19:56:27.379834,1375.16,ATM Withdrawal,Rose Hill,0
1d810b18-57fd-4750-bc0c-3df594b0b4aa,CUST00074,2026-07-27 20:00:49.379834,5230.36,Fuel Station,Mahebourg,0
d1217ad8-a071-4920-aa94-370d6965ee4d,CUST00017,2026-07-27 20:09:51.379834,540.99,Fuel Station,Tamarin,0
6f77b991-6968-48f5-abeb-6090c12e9646,CUST00025,2026-07-27 20:16:31.379834,2227.31,Travel,Tamarin,0
013238e7-2644-4bfa-bd81-8c6db812024e,CUST00084,2026-07-27 20:32:30.379834,2113.01,Pharmacy,Rose Hill,0
38120d4a-13a3-477a-bd6b-3f654c6831d8,CUST00131,2026-07-27 20:45:29.379834,645.66,Grocery,Vacoas,0
bf4900af-5414-48f5-acda-c2beb69def2d,CUST00083,2026-07-27 20:51:34.379834,1759.06,Utility Bill,Port Louis,0
59486b1b-de05-461d-b7f9-9ee2abe75fd5,CUST00196,2026-07-27 20:52:17.379834,952.74,Restaurant,Rose Hill,0
a87c5db6-deb1-4e3c-b93c-e0dac82e6fed,CUST00159,2026-07-27 21:01:03.379834,367.05,Pharmacy,Beau Bassin,0
205a8276-0b39-4c08-b554-bc78bea9499f,CUST00106,2026-07-27 21:07:51.379834,1322.88,ATM Withdrawal,Tamarin,0
6d31a4ec-1bbf-489b-b0d2-5716ce17fa7d,CUST00156,2026-07-27 21:13:23.379834,2444.03,Restaurant,Grand Baie,0
cc460e09-1672-4f1e-9c27-5f4cf986f664,CUST00066,2026-07-27 21:16:03.379834,207.22,Electronics,Quatre Bornes,1
6d08ef58-fdf2-42fc-8b24-96f53e7abfaf,CUST00044,2026-07-27 21:46:19.379834,1334.95,Entertainment,Grand Baie,0
758fc9a5-1355-4dc8-9160-b6730f970014,CUST00099,2026-07-27 21:51:57.379834,2428.08,Fuel Station,Quatre Bornes,0
69ab49da-03ed-4eab-ba0c-23a7db23593d,CUST00013,2026-07-27 21:55:27.379834,999.57,Grocery,Curepipe,0
d06ecbcb-d32f-4c28-9601-9b76b4361dc5,CUST00019,2026-07-27 21:59:44.379834,589.75,Travel,Mahebourg,0
a43b6325-b2ce-411a-abd0-0722154e13e9,CUST00139,2026-07-27 22:07:29.379834,1537.36,Pharmacy,Vacoas,0
17bdb47c-b74f-4085-8579-6ff3f813ec05,CUST00003,2026-07-27 22:10:12.379834,750.37,Restaurant,Rose Hill,0
703dc7e4-c963-46d7-b946-8c5a7a75df0a,CUST00105,2026-07-27 22:18:45.379834,1042.9,Restaurant,Flacq,0
19e5c318-e6e3-4d45-9ca0-81603c745738,CUST00078,2026-07-27 22:24:11.379834,181.49,Online Retail,Flacq,0
ac6245d9-1897-4d8e-96aa-021998ecad1d,CUST00136,2026-07-27 22:31:44.379834,2136.34,Restaurant,Quatre Bornes,0
e70fb44f-7bca-46da-8250-1e3abd94355f,CUST00190,2026-07-27 22:46:35.379834,3259.59,Restaurant,Rose Hill,0
f962bb00-1261-4829-af3c-e6f735e199d1,CUST00105,2026-07-27 22:47:54.379834,1839.47,Online Retail,Flacq,0
fad43281-509f-4919-8a0e-3e078c2e98f1,CUST00059,2026-07-27 22:58:57.379834,1924.57,Grocery,Curepipe,0
671c26b5-c7a7-41c2-a93b-945a025714b6,CUST00175,2026-07-27 23:04:26.379834,353.84,Electronics,Vacoas,0
a9ba8623-bebe-487f-888e-59b655dfb6b8,CUST00186,2026-07-27 23:12:16.379834,1961.84,Fuel Station,Mahebourg,0
83d59c5c-f865-41de-a7e2-4e023a2a3f01,CUST00126,2026-07-27 23:14:14.379834,2102.96,ATM Withdrawal,Vacoas,0
7dcc7d00-7a5f-4bed-bce9-e25dc1c8acd6,CUST00137,2026-07-27 23:14:59.379834,477.18,Entertainment,Grand Baie,0
2f0c675a-f028-4d21-a147-66a4f15922e1,CUST00018,2026-07-27 23:32:09.379834,1208.32,Restaurant,Port Louis,0
daedf82d-e996-4b86-82d5-062e1f92f9db,CUST00072,2026-07-27 23:33:57.379834,3101.73,Travel,Tamarin,0
683ce8a1-8fe3-4c66-9314-2cf66791d125,CUST00015,2026-07-27 23:50:14.379834,9459.16,Restaurant,Rose Hill,1
35e24deb-aaf5-49ef-88f0-68bc5ca452fe,CUST00052,2026-07-27 23:51:58.379834,3763.53,Entertainment,Beau Bassin,0
68f9c81a-01e9-4d71-bf2a-1b7632d30b6f,CUST00161,2026-07-27 23:52:39.379834,298.36,Electronics,Rose Hill,0
2475960b-94df-43a0-9017-a1b9a9fc53a5,CUST00069,2026-07-28 00:00:44.379834,3154.68,Restaurant,Rose Hill,0
09026053-81a8-47a8-9ec0-909d777377b5,CUST00049,2026-07-28 00:03:49.379834,1177.46,Utility Bill,Mahebourg,0
2f82d460-37ee-4465-b01a-f9eb09452802,CUST00022,2026-07-28 00:05:54.379834,425.93,Entertainment,Flacq,0
ab329d3f-88e1-4c35-be1e-5c4e58ac6239,CUST00150,2026-07-28 00:24:34.379834,2225.84,Travel,Quatre Bornes,0
61b701f5-c12b-47a5-a1b9-da1494963e12,CUST00151,2026-07-28 00:34:22.379834,5727.25,Fuel Station,Mahebourg,0
3c8bc696-5639-437a-89ab-36c0f29909c1,CUST00051,2026-07-28 00:38:27.379834,919.19,Restaurant,Tamarin,0
54f2d0ec-ea3e-4e92-972d-0b016a454db3,CUST00010,2026-07-28 00:46:28.379834,378.65,Travel,Flacq,0
b72f4b74-7880-4bc3-a0dd-6f8b2083a323,CUST00061,2026-07-28 01:18:37.379834,1189.62,Pharmacy,Curepipe,0
a3074fcd-68d3-4fd0-a0a2-a36ea0add01e,CUST00184,2026-07-28 01:22:13.379834,1215.18,Pharmacy,Beau Bassin,0
d9da938f-9405-404b-905c-7cdef0776001,CUST00054,2026-07-28 01:26:13.379834,1023.58,Entertainment,Rose Hill,0
e54092d5-3971-457a-8a7e-7cf21472150e,CUST00192,2026-07-28 01:32:26.379834,881.17,Travel,Beau Bassin,0
80d04dac-ad50-4149-9aab-91e9d95f8980,CUST00064,2026-07-28 01:47:53.379834,1550.2,Electronics,Grand Baie,0
7b23d992-bc42-4ec5-adeb-e242483d7a73,CUST00062,2026-07-28 01:50:16.379834,1252.89,Utility Bill,Flacq,0
3ae3aafa-63d6-4e95-9e07-ca41870d68ff,CUST00088,2026-07-28 01:57:21.379834,4015.39,Electronics,Bogota,1
f691796b-b55f-41aa-841a-cb0a53fee21b,CUST00007,2026-07-28 02:03:46.379834,2272.62,Utility Bill,Mahebourg,0
e897ab50-10db-4e5f-b6b4-3a82a6f43fa8,CUST00141,2026-07-28 02:08:48.379834,139.2,Pharmacy,Quatre Bornes,0
14733b17-a145-4d07-a5f4-12c486df0d33,CUST00106,2026-07-28 02:18:28.379834,1832.49,Utility Bill,Tamarin,0
2c5da6fb-8df9-41be-be4d-75bb34185c6b,CUST00079,2026-07-28 02:31:13.379834,1239.16,Electronics,Vacoas,0
2c114065-904e-4803-a070-d103b31dd01a,CUST00189,2026-07-28 02:55:23.379834,7172.53,Online Retail,Rose Hill,0
755beb67-6500-4c07-bb2c-e03f8e71c4ef,CUST00000,2026-07-28 03:12:27.379834,1420.35,Entertainment,Curepipe,0
3f27cd3a-16c2-490d-b6f7-bbe8e51e95f3,CUST00087,2026-07-28 03:18:56.379834,1588.18,ATM Withdrawal,Flacq,0
345a9449-14c5-4831-a991-7c0770ab32fb,CUST00134,2026-07-28 03:28:14.379834,232.32,ATM Withdrawal,Vacoas,0
c481c900-6307-4016-9393-87bdc27934f3,CUST00124,2026-07-28 04:09:38.379834,2486.78,ATM Withdrawal,Grand Baie,0
486149e2-a984-46d1-9c5e-371496a4a30f,CUST00018,2026-07-28 04:12:58.379834,1802.63,Utility Bill,Bogota,1
f57540d2-b205-4a25-8b8b-a6887df02d37,CUST00073,2026-07-28 04:22:52.379834,2028.52,Utility Bill,Quatre Bornes,0
cefeb976-37cf-4bfc-b8ae-785f26420075,CUST00153,2026-07-28 04:24:45.379834,2512.38,Fuel Station,Port Louis,0
9ebc5048-84fd-4352-91c7-758ad7b334b2,CUST00148,2026-07-28 04:25:21.379834,579.46,Pharmacy,Quatre Bornes,0
2bfb5540-7ceb-41c8-a8e7-793a20740e55,CUST00027,2026-07-28 04:31:05.379834,1456.02,Travel,Port Louis,0
9c81e2c2-4b40-44fe-9759-4bb2d3ed1a6a,CUST00183,2026-07-28 04:33:17.379834,3623.67,Fuel Station,Flacq,0
59df3e13-ab27-4891-a102-ddfd30aca352,CUST00038,2026-07-28 04:33:51.379834,1027.4,Fuel Station,Curepipe,0
04001729-b2da-4d0f-bb3d-7d9ee7715ff2,CUST00128,2026-07-28 04:35:45.379834,2078.59,Grocery,Port Louis,0
d67efb09-35e9-4f02-be4d-1abc418a616d,CUST00112,2026-07-28 04:37:14.379834,558.18,Online Retail,Grand Baie,0
b6067377-986b-4786-ac6d-31e778b68b26,CUST00158,2026-07-28 05:04:02.379834,2835.74,Travel,Curepipe,0
b5ae1f4c-eeac-4f8f-b74c-2312536db5a3,CUST00110,2026-07-28 05:08:06.379834,349.98,ATM Withdrawal,Quatre Bornes,0
10fa8b49-0285-478e-9cdf-7a8d7a1137d6,CUST00051,2026-07-28 05:19:34.379834,566.81,Electronics,Tamarin,0
99f82f40-0f83-4166-9c26-9355b15866eb,CUST00015,2026-07-28 05:30:02.379834,1937.38,Restaurant,Rose Hill,0
9e5f3963-1c42-4a49-8f55-f7426dc77cc0,CUST00013,2026-07-28 05:48:34.379834,1135.42,Electronics,Curepipe,0
806c40b9-d318-4d3a-9379-6772bcd40093,CUST00027,2026-07-28 05:49:23.379834,1006.4,Fuel Station,Port Louis,0
305ff90d-d5d1-45ee-b0be-150066024af9,CUST00177,2026-07-28 06:01:56.379834,671.65,ATM Withdrawal,Tamarin,0
3ea1f3d2-397b-49db-a63a-49a83b424e9f,CUST00155,2026-07-28 06:14:46.379834,1897.49,Pharmacy,Beau Bassin,0
36437401-6af0-4a7f-ad45-b5dcf16f7c81,CUST00160,2026-07-28 06:35:16.379834,2278.58,ATM Withdrawal,Vacoas,0
4658c4de-fc55-48e3-b620-2a81e764186a,CUST00010,2026-07-28 06:43:11.379834,583.85,Fuel Station,Flacq,0
0dc59ee1-95f0-4ae5-bdb7-0436de17c8b6,CUST00109,2026-07-28 06:50:21.379834,420.66,ATM Withdrawal,Rose Hill,0
77313d9f-4209-482a-8440-20f8fd64d2c5,CUST00046,2026-07-28 06:56:33.379834,1335.79,Electronics,Curepipe,0
d4f6a236-95b9-41b5-9cca-6b3520917a47,CUST00029,2026-07-28 07:15:06.379834,3218.27,ATM Withdrawal,Flacq,0
f5b3c4db-9766-45d0-9c3e-c5bfd3df7f24,CUST00105,2026-07-28 07:18:36.379834,1641.87,Grocery,Flacq,0
002f1059-fb4b-4565-b748-a38f0149d663,CUST00110,2026-07-28 07:20:11.379834,655.6,Fuel Station,Quatre Bornes,0
6e53d5ce-8387-40d9-b171-7ea2a7d4fb2d,CUST00152,2026-07-28 07:26:57.379834,2722.95,Travel,Mahebourg,0
c75b1a97-dfc8-465c-b1c3-3d8ba9f43fc4,CUST00100,2026-07-28 07:28:10.379834,1939.41,Travel,Rose Hill,0
7d57c366-2c2b-42b9-9da4-7bf5625d863a,CUST00165,2026-07-28 07:28:50.379834,912.2,Entertainment,Curepipe,0
2e548388-a239-4e7c-93fa-65cc43c05496,CUST00179,2026-07-28 07:30:27.379834,1307.99,Restaurant,Rose Hill,0
e9de5a47-96f0-4fd2-8b5d-706422187c17,CUST00171,2026-07-28 08:02:09.379834,905.61,Entertainment,Quatre Bornes,0
903e2660-0e9b-4e29-bc25-4fbb76435c60,CUST00053,2026-07-28 08:03:40.379834,1220.5,Fuel Station,Tamarin,0
a702b0e9-b497-41e9-8000-dd6126bfcfbb,CUST00170,2026-07-28 08:06:55.379834,1644.8,Electronics,Quatre Bornes,0
7e2f4dd8-451a-4707-b148-74687fb826a6,CUST00087,2026-07-28 08:07:12.379834,2078.06,Grocery,Flacq,0
0e39045a-a390-4fcf-80b2-4535db0be2ba,CUST00025,2026-07-28 08:08:31.379834,1147.53,Restaurant,Tamarin,0
4a258da2-bcbd-4032-8673-2b0deb6d8a41,CUST00099,2026-07-28 08:24:11.379834,2141.21,Entertainment,Quatre Bornes,0
f0168151-c064-43e9-b47e-a9bb236da1c3,CUST00014,2026-07-28 08:34:18.379834,527.99,ATM Withdrawal,Rose Hill,0
98cd72c2-38d0-4f04-986e-8901667a8bb3,CUST00163,2026-07-28 08:38:29.379834,2096.86,Pharmacy,Rose Hill,0
85397899-1734-4d21-ac5c-419725b1f36a,CUST00060,2026-07-28 08:50:50.379834,398.25,Grocery,Rose Hill,0
d0b33589-24d2-45c7-b29a-fb7f3f2468be,CUST00121,2026-07-28 09:07:20.379834,1834.86,Grocery,Flacq,0
269b0b5f-fb0c-4a74-961b-85eab8f52562,CUST00046,2026-07-28 09:08:34.379834,1596.79,Online Retail,Curepipe,0
68e08c1e-276e-4a82-94b4-1c9f595606f0,CUST00098,2026-07-28 09:16:05.379834,530.2,Online Retail,Vacoas,0
e856d602-55c3-4f5e-b225-6ea557c4c8d3,CUST00013,2026-07-28 09:16:05.379834,929.46,Grocery,Curepipe,0
13af154b-4a6b-40e7-871e-572b86d5b52f,CUST00186,2026-07-28 09:18:07.379834,1926.08,Utility Bill,Mahebourg,0
d721fae3-d98b-430e-838f-c4180de87a70,CUST00068,2026-07-28 09:22:44.379834,1988.04,Grocery,Beau Bassin,0
0991eb5d-66ba-439d-b76c-56c01467655a,CUST00179,2026-07-28 09:28:28.379834,1760.9,Online Retail,Rose Hill,0
4bd61601-01b8-4a3b-ad3e-d29b95df16e4,CUST00066,2026-07-28 09:31:43.379834,155.09,Utility Bill,Quatre Bornes,0
58370411-2e9d-4956-a019-ae42ac70a846,CUST00066,2026-07-28 09:33:43.379834,155.09,Utility Bill,Quatre Bornes,1
ceb1b237-45c0-454f-b6b2-2cfbab12dccb,CUST00066,2026-07-28 09:36:43.379834,155.09,Utility Bill,Quatre Bornes,1
ba8446c5-6558-4acb-967a-8b68dc20c7c4,CUST00054,2026-07-28 09:44:18.379834,1850.91,Online Retail,Rose Hill,0
951b5334-3724-4392-922d-b72ac771b0d6,CUST00146,2026-07-28 09:53:25.379834,2211.09,Pharmacy,Tamarin,0
78409186-cf7f-42f2-8bfb-246ba550b32a,CUST00066,2026-07-28 09:55:43.379834,155.09,Utility Bill,Quatre Bornes,1
84cc4265-8921-49db-8271-22cd92d00bc7,CUST00106,2026-07-28 09:58:25.379834,2144.61,Travel,Tamarin,0
fa73f3ea-0c2f-4bcf-b5d9-55d2a7479cfb,CUST00094,2026-07-28 09:59:45.379834,1947.7,Online Retail,Grand Baie,0
d26e0680-6006-494c-bb42-d95e2b8a106e,CUST00088,2026-07-28 10:02:21.379834,2121.15,Entertainment,Vacoas,0
02b34588-e178-42e6-a7eb-aceaf36f313f,CUST00067,2026-07-28 10:02:55.379834,1096.83,Utility Bill,Beau Bassin,0
ad5c91f9-b518-4e1d-ae97-0062148203b5,CUST00114,2026-07-28 10:11:09.379834,2050.59,Grocery,Port Louis,0
611d07da-91a6-4187-ace5-b0d92461100a,CUST00015,2026-07-28 10:14:01.379834,1738.22,Restaurant,Rose Hill,0
56348154-0d4c-4eb7-bba4-59aba5846466,CUST00052,2026-07-28 10:20:51.379834,1261.04,Pharmacy,Beau Bassin,0
4e5cdf8b-4def-4467-85f1-e5bbfedd5950,CUST00198,2026-07-28 10:20:54.379834,1388.91,Electronics,Rose Hill,0
948762ac-f426-49da-a47a-d711f3195ad8,CUST00046,2026-07-28 10:25:02.379834,1284.5,Grocery,Curepipe,0
4f3bfe91-cd81-4b7a-801e-7f757de2cd16,CUST00142,2026-07-28 10:30:44.379834,1895.94,Fuel Station,Mahebourg,0
4d1b5226-3133-41a6-a033-1088279ba698,CUST00103,2026-07-28 10:43:31.379834,487.81,Entertainment,Vacoas,0
5728ed86-db2e-4528-99d8-053012564b3e,CUST00118,2026-07-28 10:56:47.379834,1586.02,ATM Withdrawal,Flacq,0
41d53ece-9ac0-46b6-849d-46afd46d7b7f,CUST00003,2026-07-28 10:57:07.379834,695.12,Entertainment,Rose Hill,0
2dd4a097-5f38-4b91-a52a-e14361ff4e9f,CUST00046,2026-07-28 11:06:58.379834,1045.06,Fuel Station,Curepipe,0
376651b3-51d6-476f-b15f-37a1679aedc3,CUST00065,2026-07-28 11:19:51.379834,724.97,Utility Bill,Beau Bassin,0
1eb96fda-752a-4659-930f-5c46aed2087e,CUST00071,2026-07-28 11:21:08.379834,1511.73,Online Retail,Curepipe,0
7eefb7f9-0be7-4186-bd37-9ed5db2903a3,CUST00066,2026-07-28 11:22:47.379834,235.35,ATM Withdrawal,Quatre Bornes,0
a37061f4-d80c-428d-9a23-efa250e5b578,CUST00084,2026-07-28 11:25:13.379834,2062.32,Electronics,Rose Hill,0
1cf4ae74-2a72-4498-94a1-94fd21e03b55,CUST00176,2026-07-28 11:27:47.379834,544.41,Grocery,Mahebourg,0
b3903dda-9238-42c1-bb28-f713884cd522,CUST00189,2026-07-28 11:46:26.379834,3704.77,Restaurant,Rose Hill,0
c0756f4c-abff-40f9-9d68-6cdb861a531d,CUST00162,2026-07-28 11:57:30.379834,553.83,Grocery,Port Louis,0
f50484fa-78a8-4198-8482-8ed8558a3a03,CUST00050,2026-07-28 11:59:33.379834,656.81,ATM Withdrawal,Vacoas,0
b603c4bd-9640-4f79-b480-923ca13d70e0,CUST00051,2026-07-28 12:20:29.379834,1045.63,Entertainment,Tamarin,0
074d3b46-f977-43db-a105-5b6545d00bfb,CUST00032,2026-07-28 12:28:56.379834,702.72,Online Retail,Quatre Bornes,0
445cdda5-3a4e-4f14-adb0-003861f6e8eb,CUST00136,2026-07-28 12:36:56.379834,3295.38,Pharmacy,Quatre Bornes,0
1160bcfa-4c72-4bb2-9e0b-8d072158fcf1,CUST00155,2026-07-28 12:42:50.379834,1216.55,Pharmacy,Beau Bassin,0
0d5d1ced-3607-4240-a38f-ac3863a76ee0,CUST00126,2026-07-28 12:48:23.379834,1309.76,Travel,Vacoas,0
52c8c6fe-d1f7-475d-810b-53aee718218b,CUST00172,2026-07-28 13:07:00.379834,774.13,Online Retail,Grand Baie,0
216cb6cd-c655-4a07-9f8d-471e0b9efd4f,CUST00170,2026-07-28 13:07:26.379834,1891.34,Electronics,Quatre Bornes,0
ee9cf88f-4563-4cc4-9886-6ee648f72f82,CUST00168,2026-07-28 13:18:03.379834,1246.85,Online Retail,Curepipe,0
23b1635e-c957-46f8-a8bd-421072063298,CUST00020,2026-07-28 13:35:08.379834,1517.14,Utility Bill,Rose Hill,0
8e43c7b7-616d-4ab0-93a3-d80e41141fb8,CUST00041,2026-07-28 13:44:55.379834,2642.03,Online Retail,Tamarin,0
f1234401-4755-4e3a-8e86-637f0f4e42fa,CUST00119,2026-07-28 13:48:18.379834,492.47,Online Retail,Tamarin,0
6f6b70b9-6d92-46eb-b0e7-9893e8fd456a,CUST00093,2026-07-28 13:48:45.379834,1489.65,Utility Bill,Rose Hill,0
c277df5a-ff7d-48c0-8232-647c5ad649b3,CUST00193,2026-07-28 13:51:22.379834,748.78,Fuel Station,Port Louis,0
304a87e6-ca31-4fc9-b31b-8c9eb7640425,CUST00128,2026-07-28 13:57:07.379834,2224.31,Travel,Port Louis,0
c2679a2a-a3fc-4fc6-8372-8b65f621f2c2,CUST00198,2026-07-28 14:29:27.379834,736.43,Fuel Station,Rose Hill,0
490c6bd1-8b9a-4c13-9a00-f753ddd0ef1d,CUST00041,2026-07-28 14:32:19.379834,2868.54,Fuel Station,Tamarin,0
822f4050-5c28-47e1-92c0-f08f4421dabd,CUST00051,2026-07-28 14:44:27.379834,1087.1,ATM Withdrawal,Tamarin,0
aa374bf5-0c75-4327-80a3-ce84fffb8182,CUST00061,2026-07-28 14:51:21.379834,888.31,Entertainment,Curepipe,0
547ee2d2-94e2-4e74-a9f5-5734b219d870,CUST00129,2026-07-28 14:51:34.379834,2020.83,Grocery,Curepipe,0
